sample_id,sr_method,sr_filename,sr_path,dataset,test_case,rel_path,gt_path,lr_path,set_type,resnet_pca_000,resnet_pca_001,resnet_pca_002,resnet_pca_003,resnet_pca_004,resnet_pca_005,resnet_pca_006,resnet_pca_007,resnet_pca_008,resnet_pca_009,resnet_pca_010,resnet_pca_011,resnet_pca_012,resnet_pca_013,resnet_pca_014,resnet_pca_015,resnet_pca_016,resnet_pca_017,resnet_pca_018,resnet_pca_019,resnet_pca_020,resnet_pca_021,resnet_pca_022,resnet_pca_023,resnet_pca_024,resnet_pca_025,resnet_pca_026,resnet_pca_027,resnet_pca_028,resnet_pca_029,resnet_pca_030,resnet_pca_031,resnet_pca_032,resnet_pca_033,resnet_pca_034,resnet_pca_035,resnet_pca_036,resnet_pca_037,resnet_pca_038,resnet_pca_039,resnet_pca_040,resnet_pca_041,resnet_pca_042,resnet_pca_043,resnet_pca_044,resnet_pca_045,resnet_pca_046,resnet_pca_047,resnet_pca_048,resnet_pca_049,resnet_pca_050,resnet_pca_051,resnet_pca_052,resnet_pca_053,resnet_pca_054,resnet_pca_055,resnet_pca_056,resnet_pca_057,resnet_pca_058,resnet_pca_059,resnet_pca_060,resnet_pca_061,resnet_pca_062,resnet_pca_063,resnet_pca_064,resnet_pca_065,resnet_pca_066,resnet_pca_067,resnet_pca_068,resnet_pca_069,resnet_pca_070,resnet_pca_071,resnet_pca_072,resnet_pca_073,resnet_pca_074
QualiSR-Set120/PASD/1024x768___4962875195.npy.gz,PASD,1024x768___4962875195.png,../../../mnt/ssd2/29o_rya/datasets/iqa/QualiSR-Set120/sr/PASD/1024x768___4962875195.png,QualiSR-Set120,1024x768___4962875195,PASD/1024x768___4962875195.png,../../../mnt/ssd2/29o_rya/datasets/iqa/QualiSR-Set120/hr/1024x768___4962875195.png,../../../mnt/ssd2/29o_rya/datasets/iqa/QualiSR-Set120/lr/1024x768___4962875195.png,train,-0.6380513,-0.40738034,-1.3913939,-1.2599208,0.018696427,6.05274,-4.111467,-4.303002,-2.5989323,1.5601656,-3.7058659,0.37106258,3.7283692,-2.249256,-0.843915,0.67570394,4.406571,2.658355,2.4700055,-1.6584351,-0.026604146,-0.11376363,-0.50929666,0.6914316,0.53555727,-0.36895496,-0.2550285,-0.032484382,0.25648683,-0.6200859,-0.040822066,0.103979096,0.2624138,0.18084306,0.05040492,-0.04435283,0.20521882,0.10742083,0.24570723,0.01471959,0.0065837502,-0.049495906,-0.05555643,-0.1760289,0.01191324,-0.07809903,0.14754161,0.006512195,0.10680354,-0.12439498,-0.06925194,0.050417677,0.030057292,0.06929225,0.059527293,0.07884073,0.13026947,-0.10588333,-0.0990652,-0.06003332,-0.24403934,-0.01853913,0.21094415,0.111042574,-0.108628646,-0.11837311,-0.26134726,-0.32541323,-0.074527234,0.12961927,-0.30178517,0.08527379,0.03400658,0.0858573,-0.042384803
QualiSR-Set120/RealESRGAN/1024x768___4962875195.npy.gz,RealESRGAN,1024x768___4962875195.png,../../../mnt/ssd2/29o_rya/datasets/iqa/QualiSR-Set120/sr/RealESRGAN/1024x768___4962875195.png,QualiSR-Set120,1024x768___4962875195,RealESRGAN/1024x768___4962875195.png,../../../mnt/ssd2/29o_rya/datasets/iqa/QualiSR-Set120/hr/1024x768___4962875195.png,../../../mnt/ssd2/29o_rya/datasets/iqa/QualiSR-Set120/lr/1024x768___4962875195.png,train,-0.6380513,-0.40738034,-1.3913939,-1.2599208,0.018696427,6.05274,-4.111467,-4.303002,-2.5989323,1.5601656,-3.7058659,0.37106258,3.7283692,-2.249256,-0.843915,0.67570394,4.406571,2.658355,2.4700055,-1.6584351,-0.026604146,-0.11376363,-0.50929666,0.6914316,0.53555727,-0.36895496,-0.2550285,-0.032484382,0.25648683,-0.6200859,-0.040822066,0.103979096,0.2624138,0.18084306,0.05040492,-0.04435283,0.20521882,0.10742083,0.24570723,0.01471959,0.0065837502,-0.049495906,-0.05555643,-0.1760289,0.01191324,-0.07809903,0.14754161,0.006512195,0.10680354,-0.12439498,-0.06925194,0.050417677,0.030057292,0.06929225,0.059527293,0.07884073,0.13026947,-0.10588333,-0.0990652,-0.06003332,-0.24403934,-0.01853913,0.21094415,0.111042574,-0.108628646,-0.11837311,-0.26134726,-0.32541323,-0.074527234,0.12961927,-0.30178517,0.08527379,0.03400658,0.0858573,-0.042384803
QualiSR-Set120/SUPIR/1024x768___4962875195.npy.gz,SUPIR,1024x768___4962875195.png,../../../mnt/ssd2/29o_rya/datasets/iqa/QualiSR-Set120/sr/SUPIR/1024x768___4962875195.png,QualiSR-Set120,1024x768___4962875195,SUPIR/1024x768___4962875195.png,../../../mnt/ssd2/29o_rya/datasets/iqa/QualiSR-Set120/hr/1024x768___4962875195.png,../../../mnt/ssd2/29o_rya/datasets/iqa/QualiSR-Set120/lr/1024x768___4962875195.png,train,-0.6380513,-0.40738034,-1.3913939,-1.2599208,0.018696427,6.05274,-4.111467,-4.303002,-2.5989323,1.5601656,-3.7058659,0.37106258,3.7283692,-2.249256,-0.843915,0.67570394,4.406571,2.658355,2.4700055,-1.6584351,-0.026604146,-0.11376363,-0.50929666,0.6914316,0.53555727,-0.36895496,-0.2550285,-0.032484382,0.25648683,-0.6200859,-0.040822066,0.103979096,0.2624138,0.18084306,0.05040492,-0.04435283,0.20521882,0.10742083,0.24570723,0.01471959,0.0065837502,-0.049495906,-0.05555643,-0.1760289,0.01191324,-0.07809903,0.14754161,0.006512195,0.10680354,-0.12439498,-0.06925194,0.050417677,0.030057292,0.06929225,0.059527293,0.07884073,0.13026947,-0.10588333,-0.0990652,-0.06003332,-0.24403934,-0.01853913,0.21094415,0.111042574,-0.108628646,-0.11837311,-0.26134726,-0.32541323,-0.074527234,0.12961927,-0.30178517,0.08527379,0.03400658,0.0858573,-0.042384803
QualiSR-Set120/PASD/ava_images___101816.npy.gz,PASD,ava_images___101816.png,../../../mnt/ssd2/29o_rya/datasets/iqa/QualiSR-Set120/sr/PASD/ava_images___101816.png,QualiSR-Set120,ava_images___101816,PASD/ava_images___101816.png,../../../mnt/ssd2/29o_rya/datasets/iqa/QualiSR-Set120/hr/ava_images___101816.png,../../../mnt/ssd2/29o_rya/datasets/iqa/QualiSR-Set120/lr/ava_images___101816.png,train,1.4992558,1.1749134,2.144257,-1.7195958,-4.045351,0.7523575,1.4401987,-0.865502,1.715008,0.80767393,0.030129403,0.34011328,0.20650291,-0.5938189,0.05869575,-1.4210341,-2.0970268,0.952229,0.9025967,1.9061958,-1.4109691,-2.2762372,0.96679145,-3.5082712,2.701091,-1.3537903,-2.9738035,-0.27041966,-0.71781,-4.26896,-4.82852,1.5156926,-0.51838505,-0.21572614,-0.15745753,0.07892211,-0.14114216,0.6462209,-0.43801683,0.46232894,-1.1353278,-0.21840337,0.10411319,0.74127734,0.35854512,-0.61426556,0.41524118,-0.073848784,0.04787898,0.28689474,0.1293446,0.007175684,-0.004817616,0.07383329,-0.11731671,0.0082320925,0.03561127,-0.02150774,0.005208902,0.036634136,-0.008436739,0.0018122047,0.0007196069,0.057532996,0.018927217,-0.045618035,0.020317711,0.054337103,0.060118973,0.041163266,0.021510363,-0.03900244,0.011331543,-0.04464291,-0.031636536
QualiSR-Set120/RealESRGAN/ava_images___101816.npy.gz,RealESRGAN,ava_images___101816.png,../../../mnt/ssd2/29o_rya/datasets/iqa/QualiSR-Set120/sr/RealESRGAN/ava_images___101816.png,QualiSR-Set120,ava_images___101816,RealESRGAN/ava_images___101816.png,../../../mnt/ssd2/29o_rya/datasets/iqa/QualiSR-Set120/hr/ava_images___101816.png,../../../mnt/ssd2/29o_rya/datasets/iqa/QualiSR-Set120/lr/ava_images___101816.png,train,1.510161,1.14493,2.1260684,-1.7203739,-4.055505,0.7404691,1.4327754,-0.856973,1.7263622,0.7800647,0.038859546,0.31873816,0.2342292,-0.60643053,0.06179145,-1.4261849,-2.0841465,0.9293104,0.9083364,1.8952326,-1.4073884,-2.2508075,0.9603955,-3.489649,2.7061071,-1.3584769,-2.9693384,-0.27116835,-0.7015911,-4.26417,-4.838093,1.5201813,-0.51637065,-0.2193546,-0.19902939,0.066262215,-0.15736082,0.68147194,-0.43125832,0.4944754,-1.2204944,-0.23516048,0.101146325,0.7893198,0.37868065,-0.6749742,0.4330388,-0.07997966,0.051849365,0.31956658,0.12438257,0.021227956,-0.028149838,0.09740931,-0.099483654,0.013302191,0.03226787,-0.01049,-4.0978193e-06,0.0070776343,0.014179729,-0.017290697,0.019722342,0.07452287,0.024658024,-0.040306315,0.043315016,0.07156465,0.07572362,0.034481883,0.027656868,-0.045053452,0.020490557,-0.04085783,-0.054880172
QualiSR-Set120/SUPIR/ava_images___101816.npy.gz,SUPIR,ava_images___101816.png,../../../mnt/ssd2/29o_rya/datasets/iqa/QualiSR-Set120/sr/SUPIR/ava_images___101816.png,QualiSR-Set120,ava_images___101816,SUPIR/ava_images___101816.png,../../../mnt/ssd2/29o_rya/datasets/iqa/QualiSR-Set120/hr/ava_images___101816.png,../../../mnt/ssd2/29o_rya/datasets/iqa/QualiSR-Set120/lr/ava_images___101816.png,train,1.4992558,1.1749134,2.144257,-1.7195958,-4.045351,0.7523575,1.4401987,-0.865502,1.715008,0.80767393,0.030129403,0.34011328,0.20650291,-0.5938189,0.05869575,-1.4210341,-2.0970268,0.952229,0.9025967,1.9061958,-1.4109691,-2.2762372,0.96679145,-3.5082712,2.701091,-1.3537903,-2.9738035,-0.27041966,-0.71781,-4.26896,-4.82852,1.5156926,-0.51838505,-0.21572614,-0.15745753,0.07892211,-0.14114216,0.6462209,-0.43801683,0.46232894,-1.1353278,-0.21840337,0.10411319,0.74127734,0.35854512,-0.61426556,0.41524118,-0.073848784,0.04787898,0.28689474,0.1293446,0.007175684,-0.004817616,0.07383329,-0.11731671,0.0082320925,0.03561127,-0.02150774,0.005208902,0.036634136,-0.008436739,0.0018122047,0.0007196069,0.057532996,0.018927217,-0.045618035,0.020317711,0.054337103,0.060118973,0.041163266,0.021510363,-0.03900244,0.011331543,-0.04464291,-0.031636536
QualiSR-Set120/PASD/ava_images___158174.npy.gz,PASD,ava_images___158174.png,../../../mnt/ssd2/29o_rya/datasets/iqa/QualiSR-Set120/sr/PASD/ava_images___158174.png,QualiSR-Set120,ava_images___158174,PASD/ava_images___158174.png,../../../mnt/ssd2/29o_rya/datasets/iqa/QualiSR-Set120/hr/ava_images___158174.png,../../../mnt/ssd2/29o_rya/datasets/iqa/QualiSR-Set120/lr/ava_images___158174.png,train,-1.7426132,-5.102231,-7.928184,1.3979061,-0.16182768,-2.6520271,3.381185,3.7981806,-0.5357934,4.337499,-0.72945964,-3.2046304,1.8272117,-0.8051623,1.2124796,-5.2751565,-0.46400648,3.3472404,0.15771013,0.7376252,-0.1838097,0.33295947,0.15559053,0.28874552,0.20633802,0.17918617,0.58372474,0.031335205,0.19313997,-0.010204673,0.2470966,0.45844865,-0.13559112,-0.05831158,-0.07920779,-0.9503859,1.0071675,-1.093711,1.7201585,1.3892441,-0.18633437,0.41328177,-1.3575499,0.42030394,0.022702038,-0.08974251,-0.06340404,0.12632231,-0.09954256,0.20789883,-0.4104259,-0.14186275,0.077143386,0.2156091,-0.1825022,0.04631602,-0.025047868,-0.089073,0.16247469,0.044718385,0.041423567,-0.141086,0.017948732,0.024350375,-0.1649054,0.12255368,0.24981597,0.17014211,0.1128591,-0.1423104,-0.04247552,-0.22110038,0.21438697,0.0072703958,-0.14414039
QualiSR-Set120/RealESRGAN/ava_images___158174.npy.gz,RealESRGAN,ava_images___158174.png,../../../mnt/ssd2/29o_rya/datasets/iqa/QualiSR-Set120/sr/RealESRGAN/ava_images___158174.png,QualiSR-Set120,ava_images___158174,RealESRGAN/ava_images___158174.png,../../../mnt/ssd2/29o_rya/datasets/iqa/QualiSR-Set120/hr/ava_images___158174.png,../../../mnt/ssd2/29o_rya/datasets/iqa/QualiSR-Set120/lr/ava_images___158174.png,train,-1.7426132,-5.102231,-7.928184,1.3979061,-0.16182768,-2.6520271,3.381185,3.7981806,-0.5357934,4.337499,-0.72945964,-3.2046304,1.8272117,-0.8051623,1.2124796,-5.2751565,-0.46400648,3.3472404,0.15771013,0.7376252,-0.1838097,0.33295947,0.15559053,0.28874552,0.20633802,0.17918617,0.58372474,0.031335205,0.19313997,-0.010204673,0.2470966,0.45844865,-0.13559112,-0.05831158,-0.07920779,-0.9503859,1.0071675,-1.093711,1.7201585,1.3892441,-0.18633437,0.41328177,-1.3575499,0.42030394,0.022702038,-0.08974251,-0.06340404,0.12632231,-0.09954256,0.20789883,-0.4104259,-0.14186275,0.077143386,0.2156091,-0.1825022,0.04631602,-0.025047868,-0.089073,0.16247469,0.044718385,0.041423567,-0.141086,0.017948732,0.024350375,-0.1649054,0.12255368,0.24981597,0.17014211,0.1128591,-0.1423104,-0.04247552,-0.22110038,0.21438697,0.0072703958,-0.14414039
QualiSR-Set120/SUPIR/ava_images___158174.npy.gz,SUPIR,ava_images___158174.png,../../../mnt/ssd2/29o_rya/datasets/iqa/QualiSR-Set120/sr/SUPIR/ava_images___158174.png,QualiSR-Set120,ava_images___158174,SUPIR/ava_images___158174.png,../../../mnt/ssd2/29o_rya/datasets/iqa/QualiSR-Set120/hr/ava_images___158174.png,../../../mnt/ssd2/29o_rya/datasets/iqa/QualiSR-Set120/lr/ava_images___158174.png,train,-1.7426132,-5.102231,-7.928184,1.3979061,-0.16182768,-2.6520271,3.381185,3.7981806,-0.5357934,4.337499,-0.72945964,-3.2046304,1.8272117,-0.8051623,1.2124796,-5.2751565,-0.46400648,3.3472404,0.15771013,0.7376252,-0.1838097,0.33295947,0.15559053,0.28874552,0.20633802,0.17918617,0.58372474,0.031335205,0.19313997,-0.010204673,0.2470966,0.45844865,-0.13559112,-0.05831158,-0.07920779,-0.9503859,1.0071675,-1.093711,1.7201585,1.3892441,-0.18633437,0.41328177,-1.3575499,0.42030394,0.022702038,-0.08974251,-0.06340404,0.12632231,-0.09954256,0.20789883,-0.4104259,-0.14186275,0.077143386,0.2156091,-0.1825022,0.04631602,-0.025047868,-0.089073,0.16247469,0.044718385,0.041423567,-0.141086,0.017948732,0.024350375,-0.1649054,0.12255368,0.24981597,0.17014211,0.1128591,-0.1423104,-0.04247552,-0.22110038,0.21438697,0.0072703958,-0.14414039
QualiSR-Set120/PASD/ava_images___18037.npy.gz,PASD,ava_images___18037.png,../../../mnt/ssd2/29o_rya/datasets/iqa/QualiSR-Set120/sr/PASD/ava_images___18037.png,QualiSR-Set120,ava_images___18037,PASD/ava_images___18037.png,../../../mnt/ssd2/29o_rya/datasets/iqa/QualiSR-Set120/hr/ava_images___18037.png,../../../mnt/ssd2/29o_rya/datasets/iqa/QualiSR-Set120/lr/ava_images___18037.png,train,-3.3626034,8.549742,-1.2670228,3.4744084,0.1502155,-1.2934556,0.8823285,0.41489184,-0.22036874,0.14567742,-0.23867336,0.68647593,-0.3767072,-0.21227562,0.07742296,0.867891,0.56931597,0.2708068,1.108663,-1.1241586,-0.46974134,1.9669704,5.024707,-1.0983075,0.99605393,-0.7586821,3.3731098,-1.1484836,0.0104830265,-0.3195365,-0.18868014,-0.086490214,0.036315143,0.3455214,-0.1273424,-0.15251605,-0.10353745,0.16159037,-0.05261685,0.13213396,0.05076641,0.20724493,0.056265265,0.046941385,-0.035408676,-0.09316668,0.19448121,0.008915737,-0.09743434,0.01875329,0.011975631,0.13521662,0.020225078,-0.0288302,0.21831742,0.120247,-0.09276652,0.08475366,0.10235104,0.06992777,-0.071484566,-0.12002437,0.23205498,0.051725686,-0.031518772,-0.21456882,-0.38900384,-0.49145952,-0.28675786,0.200952,0.14136185,0.06763159,-0.068301104,-0.069747545,-0.029606424
QualiSR-Set120/RealESRGAN/ava_images___18037.npy.gz,RealESRGAN,ava_images___18037.png,../../../mnt/ssd2/29o_rya/datasets/iqa/QualiSR-Set120/sr/RealESRGAN/ava_images___18037.png,QualiSR-Set120,ava_images___18037,RealESRGAN/ava_images___18037.png,../../../mnt/ssd2/29o_rya/datasets/iqa/QualiSR-Set120/hr/ava_images___18037.png,../../../mnt/ssd2/29o_rya/datasets/iqa/QualiSR-Set120/lr/ava_images___18037.png,train,-3.3626034,8.549742,-1.2670228,3.4744084,0.1502155,-1.2934556,0.8823285,0.41489184,-0.22036874,0.14567742,-0.23867336,0.68647593,-0.3767072,-0.21227562,0.07742296,0.867891,0.56931597,0.2708068,1.108663,-1.1241586,-0.46974134,1.9669704,5.024707,-1.0983075,0.99605393,-0.7586821,3.3731098,-1.1484836,0.0104830265,-0.3195365,-0.18868014,-0.086490214,0.036315143,0.3455214,-0.1273424,-0.15251605,-0.10353745,0.16159037,-0.05261685,0.13213396,0.05076641,0.20724493,0.056265265,0.046941385,-0.035408676,-0.09316668,0.19448121,0.008915737,-0.09743434,0.01875329,0.011975631,0.13521662,0.020225078,-0.0288302,0.21831742,0.120247,-0.09276652,0.08475366,0.10235104,0.06992777,-0.071484566,-0.12002437,0.23205498,0.051725686,-0.031518772,-0.21456882,-0.38900384,-0.49145952,-0.28675786,0.200952,0.14136185,0.06763159,-0.068301104,-0.069747545,-0.029606424
QualiSR-Set120/SUPIR/ava_images___18037.npy.gz,SUPIR,ava_images___18037.png,../../../mnt/ssd2/29o_rya/datasets/iqa/QualiSR-Set120/sr/SUPIR/ava_images___18037.png,QualiSR-Set120,ava_images___18037,SUPIR/ava_images___18037.png,../../../mnt/ssd2/29o_rya/datasets/iqa/QualiSR-Set120/hr/ava_images___18037.png,../../../mnt/ssd2/29o_rya/datasets/iqa/QualiSR-Set120/lr/ava_images___18037.png,train,-3.3626034,8.549742,-1.2670228,3.4744084,0.1502155,-1.2934556,0.8823285,0.41489184,-0.22036874,0.14567742,-0.23867336,0.68647593,-0.3767072,-0.21227562,0.07742296,0.867891,0.56931597,0.2708068,1.108663,-1.1241586,-0.46974134,1.9669704,5.024707,-1.0983075,0.99605393,-0.7586821,3.3731098,-1.1484836,0.0104830265,-0.3195365,-0.18868014,-0.086490214,0.036315143,0.3455214,-0.1273424,-0.15251605,-0.10353745,0.16159037,-0.05261685,0.13213396,0.05076641,0.20724493,0.056265265,0.046941385,-0.035408676,-0.09316668,0.19448121,0.008915737,-0.09743434,0.01875329,0.011975631,0.13521662,0.020225078,-0.0288302,0.21831742,0.120247,-0.09276652,0.08475366,0.10235104,0.06992777,-0.071484566,-0.12002437,0.23205498,0.051725686,-0.031518772,-0.21456882,-0.38900384,-0.49145952,-0.28675786,0.200952,0.14136185,0.06763159,-0.068301104,-0.069747545,-0.029606424
QualiSR-Set120/PASD/ava_images___217590.npy.gz,PASD,ava_images___217590.png,../../../mnt/ssd2/29o_rya/datasets/iqa/QualiSR-Set120/sr/PASD/ava_images___217590.png,QualiSR-Set120,ava_images___217590,PASD/ava_images___217590.png,../../../mnt/ssd2/29o_rya/datasets/iqa/QualiSR-Set120/hr/ava_images___217590.png,../../../mnt/ssd2/29o_rya/datasets/iqa/QualiSR-Set120/lr/ava_images___217590.png,test,-2.2700777,4.4727554,-0.3297307,1.611166,-0.49756134,-0.04760027,0.18179666,-0.03429377,-1.1516318,0.009056378,-0.37205294,0.24729086,-0.59354866,0.07142399,0.06879918,0.2415179,-0.3185033,-0.17336531,0.35747755,-0.15048756,-0.42828456,0.7218092,2.3913593,-0.42978787,0.54619634,-0.3435949,1.8573515,-0.7769413,0.09619933,-0.12155604,-0.21393229,0.042414308,0.3213305,0.48825908,-0.2859739,-0.2559328,-0.14285645,0.037982225,-0.13741146,0.04637336,0.24060345,0.1635564,-0.07761337,0.15981469,0.30619538,-0.16537687,0.25614128,0.1269633,-0.33517164,-0.3073932,-0.26163924,0.38461006,0.009919383,-0.11606988,0.07052691,0.03508673,0.07134789,0.42647472,-0.12348217,-0.32478356,0.07690571,0.16130447,0.16781345,0.32403985,-0.257354,-0.048196226,-0.43520862,-0.48159644,-0.24585196,0.19053626,0.06287907,-0.19199964,-0.23288712,-0.11912249,-0.2902794
QualiSR-Set120/RealESRGAN/ava_images___217590.npy.gz,RealESRGAN,ava_images___217590.png,../../../mnt/ssd2/29o_rya/datasets/iqa/QualiSR-Set120/sr/RealESRGAN/ava_images___217590.png,QualiSR-Set120,ava_images___217590,RealESRGAN/ava_images___217590.png,../../../mnt/ssd2/29o_rya/datasets/iqa/QualiSR-Set120/hr/ava_images___217590.png,../../../mnt/ssd2/29o_rya/datasets/iqa/QualiSR-Set120/lr/ava_images___217590.png,test,-2.243442,4.458474,-0.32160717,1.5768104,-0.48735213,-0.07580495,0.18532777,-0.028872848,-1.1840147,0.008902326,-0.38174483,0.24902435,-0.57916963,0.0673278,0.067562595,0.26163173,-0.3347453,-0.15828727,0.3631873,-0.15244357,-0.43848276,0.7026542,2.371023,-0.42499608,0.5345645,-0.3289069,1.8542739,-0.7647592,0.09336534,-0.13277495,-0.21940497,0.05140251,0.33352163,0.5051663,-0.27686062,-0.23643549,-0.12936008,0.04412529,-0.16052902,0.048014995,0.2426942,0.1787259,-0.073693484,0.15978976,0.31428498,-0.16256379,0.26367977,0.108194456,-0.32964957,-0.31212148,-0.2577974,0.37725782,0.019548608,-0.121718496,0.069868766,0.0378322,0.063890725,0.4227982,-0.11249071,-0.32061386,0.091278136,0.16040574,0.17136446,0.3086574,-0.23727822,-0.031941272,-0.44045573,-0.47713235,-0.2662427,0.21908641,0.07820297,-0.18537709,-0.21321055,-0.124957696,-0.2913397
QualiSR-Set120/SUPIR/ava_images___217590.npy.gz,SUPIR,ava_images___217590.png,../../../mnt/ssd2/29o_rya/datasets/iqa/QualiSR-Set120/sr/SUPIR/ava_images___217590.png,QualiSR-Set120,ava_images___217590,SUPIR/ava_images___217590.png,../../../mnt/ssd2/29o_rya/datasets/iqa/QualiSR-Set120/hr/ava_images___217590.png,../../../mnt/ssd2/29o_rya/datasets/iqa/QualiSR-Set120/lr/ava_images___217590.png,test,-2.2700777,4.4727554,-0.3297307,1.611166,-0.49756134,-0.04760027,0.18179666,-0.03429377,-1.1516318,0.009056378,-0.37205294,0.24729086,-0.59354866,0.07142399,0.06879918,0.2415179,-0.3185033,-0.17336531,0.35747755,-0.15048756,-0.42828456,0.7218092,2.3913593,-0.42978787,0.54619634,-0.3435949,1.8573515,-0.7769413,0.09619933,-0.12155604,-0.21393229,0.042414308,0.3213305,0.48825908,-0.2859739,-0.2559328,-0.14285645,0.037982225,-0.13741146,0.04637336,0.24060345,0.1635564,-0.07761337,0.15981469,0.30619538,-0.16537687,0.25614128,0.1269633,-0.33517164,-0.3073932,-0.26163924,0.38461006,0.009919383,-0.11606988,0.07052691,0.03508673,0.07134789,0.42647472,-0.12348217,-0.32478356,0.07690571,0.16130447,0.16781345,0.32403985,-0.257354,-0.048196226,-0.43520862,-0.48159644,-0.24585196,0.19053626,0.06287907,-0.19199964,-0.23288712,-0.11912249,-0.2902794
QualiSR-Set120/PASD/ava_images___251530.npy.gz,PASD,ava_images___251530.png,../../../mnt/ssd2/29o_rya/datasets/iqa/QualiSR-Set120/sr/PASD/ava_images___251530.png,QualiSR-Set120,ava_images___251530,PASD/ava_images___251530.png,../../../mnt/ssd2/29o_rya/datasets/iqa/QualiSR-Set120/hr/ava_images___251530.png,../../../mnt/ssd2/29o_rya/datasets/iqa/QualiSR-Set120/lr/ava_images___251530.png,train,-0.9832257,4.30005,1.7151654,-5.0107865,0.7401284,-3.8433604,-0.907206,1.113901,-3.25004,2.4140837,-1.9438617,2.21886,-0.7599369,1.2752573,-0.81005585,0.16255105,-2.654075,0.44313097,0.30247438,-0.5470485,-0.7562211,0.0066838562,-0.9647701,0.22358413,0.17078945,0.46105862,-0.9015912,-1.4883357,0.96251106,0.38457316,-0.45106715,0.21503335,1.2427195,4.3694124,-0.5248809,1.8472795,1.6747155,-0.78771174,0.3866998,-0.38349628,-0.25362122,-0.31840008,0.0888191,-0.22900173,0.043090433,-0.2818391,-0.06531803,0.05489725,-0.33412623,-0.1888032,-0.006444782,-0.20573798,0.070648655,-0.14371002,0.22801408,-0.032978922,-0.01422444,0.8932253,0.36399508,0.046210676,-0.32569712,0.020451859,0.056458473,0.001647085,-0.023355484,0.053006038,-0.049612768,0.01528053,0.015528142,-0.0745531,-0.04711826,0.09569234,0.022221714,-0.025758624,0.031439338
QualiSR-Set120/RealESRGAN/ava_images___251530.npy.gz,RealESRGAN,ava_images___251530.png,../../../mnt/ssd2/29o_rya/datasets/iqa/QualiSR-Set120/sr/RealESRGAN/ava_images___251530.png,QualiSR-Set120,ava_images___251530,RealESRGAN/ava_images___251530.png,../../../mnt/ssd2/29o_rya/datasets/iqa/QualiSR-Set120/hr/ava_images___251530.png,../../../mnt/ssd2/29o_rya/datasets/iqa/QualiSR-Set120/lr/ava_images___251530.png,train,-0.9886427,4.363054,1.7294422,-5.0118656,0.74354756,-3.8857946,-0.89250624,1.1325365,-3.342872,2.4457858,-1.9710782,2.2200823,-0.7849691,1.2757401,-0.83162177,0.1834616,-2.663492,0.43813187,0.32136524,-0.5684591,-0.7831379,0.010756522,-0.9538342,0.22128914,0.18737802,0.46931374,-0.9034786,-1.5038437,0.96758616,0.3742502,-0.44030052,0.19862887,1.2295718,4.3534765,-0.50204694,1.8369337,1.6664188,-0.76186275,0.39012235,-0.36440223,-0.2561925,-0.28520414,0.09503572,-0.2257632,0.04008457,-0.26132447,-0.061997786,0.03690073,-0.3464617,-0.17631473,-0.005831316,-0.21633965,0.06789723,-0.15116723,0.2520511,-0.015738202,-0.008536756,0.9048069,0.3827023,0.06377948,-0.33831185,0.013915986,0.06542447,0.022453904,0.001291126,0.06702832,-0.05673886,0.008852884,-0.003891319,-0.041781217,-0.045097142,0.08037937,0.030069679,-0.03445264,0.003864605
QualiSR-Set120/SUPIR/ava_images___251530.npy.gz,SUPIR,ava_images___251530.png,../../../mnt/ssd2/29o_rya/datasets/iqa/QualiSR-Set120/sr/SUPIR/ava_images___251530.png,QualiSR-Set120,ava_images___251530,SUPIR/ava_images___251530.png,../../../mnt/ssd2/29o_rya/datasets/iqa/QualiSR-Set120/hr/ava_images___251530.png,../../../mnt/ssd2/29o_rya/datasets/iqa/QualiSR-Set120/lr/ava_images___251530.png,train,-0.9832257,4.30005,1.7151654,-5.0107865,0.7401284,-3.8433604,-0.907206,1.113901,-3.25004,2.4140837,-1.9438617,2.21886,-0.7599369,1.2752573,-0.81005585,0.16255105,-2.654075,0.44313097,0.30247438,-0.5470485,-0.7562211,0.0066838562,-0.9647701,0.22358413,0.17078945,0.46105862,-0.9015912,-1.4883357,0.96251106,0.38457316,-0.45106715,0.21503335,1.2427195,4.3694124,-0.5248809,1.8472795,1.6747155,-0.78771174,0.3866998,-0.38349628,-0.25362122,-0.31840008,0.0888191,-0.22900173,0.043090433,-0.2818391,-0.06531803,0.05489725,-0.33412623,-0.1888032,-0.006444782,-0.20573798,0.070648655,-0.14371002,0.22801408,-0.032978922,-0.01422444,0.8932253,0.36399508,0.046210676,-0.32569712,0.020451859,0.056458473,0.001647085,-0.023355484,0.053006038,-0.049612768,0.01528053,0.015528142,-0.0745531,-0.04711826,0.09569234,0.022221714,-0.025758624,0.031439338
QualiSR-Set120/PASD/ava_images___253900.npy.gz,PASD,ava_images___253900.png,../../../mnt/ssd2/29o_rya/datasets/iqa/QualiSR-Set120/sr/PASD/ava_images___253900.png,QualiSR-Set120,ava_images___253900,PASD/ava_images___253900.png,../../../mnt/ssd2/29o_rya/datasets/iqa/QualiSR-Set120/hr/ava_images___253900.png,../../../mnt/ssd2/29o_rya/datasets/iqa/QualiSR-Set120/lr/ava_images___253900.png,train,4.471296,6.358472,-3.183626,-1.1297222,4.855309,-1.8452237,2.9926217,-0.9946674,1.0015854,-1.3720976,1.3391973,-0.6743356,-3.5396814,-5.1602607,2.7412782,1.1334863,1.1611693,0.7048544,2.1067524,-1.1430062,-1.5936037,-0.16403404,-0.6012291,0.6474771,1.5112659,1.3507639,-2.4502678,1.0125886,0.53514296,1.0821732,-0.07119806,0.01710105,-0.62441015,1.012217,1.1663986,-0.35296875,0.25906575,0.49590197,-0.43729538,1.0232332,1.1895876,2.0807269,0.92890006,0.8538938,0.012565792,0.07878706,-0.24128781,-0.00041809678,0.30196095,0.31691197,-0.011438653,0.3272044,-0.097715616,-0.24527183,-0.08102049,0.01971473,-0.056258857,0.14189857,-0.11619754,-0.029158533,0.003034696,0.20216727,-0.10171698,-0.05032921,-0.11219449,0.048748273,0.19996715,0.06477955,0.17827313,-0.07666059,-0.042857245,0.07556249,-0.12370387,-0.055531956,0.010978654
QualiSR-Set120/RealESRGAN/ava_images___253900.npy.gz,RealESRGAN,ava_images___253900.png,../../../mnt/ssd2/29o_rya/datasets/iqa/QualiSR-Set120/sr/RealESRGAN/ava_images___253900.png,QualiSR-Set120,ava_images___253900,RealESRGAN/ava_images___253900.png,../../../mnt/ssd2/29o_rya/datasets/iqa/QualiSR-Set120/hr/ava_images___253900.png,../../../mnt/ssd2/29o_rya/datasets/iqa/QualiSR-Set120/lr/ava_images___253900.png,train,4.4715405,6.4475884,-3.1634839,-1.1945773,4.9169893,-1.8411663,2.920518,-0.9703973,1.0274466,-1.3195516,1.3507351,-0.5912857,-3.5386338,-5.1399417,2.735902,1.1699555,1.0764,0.72186023,2.0667052,-1.1672199,-1.5794725,-0.12281132,-0.5997503,0.64223737,1.5464997,1.3976499,-2.4475856,0.9402733,0.55852586,1.0533102,-0.097397186,-0.0023245215,-0.6291045,1.0139568,1.1826636,-0.34076,0.24734649,0.50685394,-0.43376738,1.1088614,1.2301903,2.0767972,0.9223667,0.8635077,-0.014241874,0.06653413,-0.21525781,0.014692679,0.35678685,0.32874024,0.0025534332,0.32647353,-0.10996495,-0.23260233,-0.040704563,0.0013108868,-0.05124533,0.13013673,-0.1350284,-0.09620547,0.06459898,0.20473498,-0.059242867,-0.0664466,-0.08852011,0.056481462,0.21404666,0.103345424,0.21321554,-0.021367103,-0.11630656,0.1121078,-0.05660686,-0.043671332,0.015304126
QualiSR-Set120/SUPIR/ava_images___253900.npy.gz,SUPIR,ava_images___253900.png,../../../mnt/ssd2/29o_rya/datasets/iqa/QualiSR-Set120/sr/SUPIR/ava_images___253900.png,QualiSR-Set120,ava_images___253900,SUPIR/ava_images___253900.png,../../../mnt/ssd2/29o_rya/datasets/iqa/QualiSR-Set120/hr/ava_images___253900.png,../../../mnt/ssd2/29o_rya/datasets/iqa/QualiSR-Set120/lr/ava_images___253900.png,train,4.471296,6.358472,-3.183626,-1.1297222,4.855309,-1.8452237,2.9926217,-0.9946674,1.0015854,-1.3720976,1.3391973,-0.6743356,-3.5396814,-5.1602607,2.7412782,1.1334863,1.1611693,0.7048544,2.1067524,-1.1430062,-1.5936037,-0.16403404,-0.6012291,0.6474771,1.5112659,1.3507639,-2.4502678,1.0125886,0.53514296,1.0821732,-0.07119806,0.01710105,-0.62441015,1.012217,1.1663986,-0.35296875,0.25906575,0.49590197,-0.43729538,1.0232332,1.1895876,2.0807269,0.92890006,0.8538938,0.012565792,0.07878706,-0.24128781,-0.00041809678,0.30196095,0.31691197,-0.011438653,0.3272044,-0.097715616,-0.24527183,-0.08102049,0.01971473,-0.056258857,0.14189857,-0.11619754,-0.029158533,0.003034696,0.20216727,-0.10171698,-0.05032921,-0.11219449,0.048748273,0.19996715,0.06477955,0.17827313,-0.07666059,-0.042857245,0.07556249,-0.12370387,-0.055531956,0.010978654
QualiSR-Set120/PASD/ava_images___273810.npy.gz,PASD,ava_images___273810.png,../../../mnt/ssd2/29o_rya/datasets/iqa/QualiSR-Set120/sr/PASD/ava_images___273810.png,QualiSR-Set120,ava_images___273810,PASD/ava_images___273810.png,../../../mnt/ssd2/29o_rya/datasets/iqa/QualiSR-Set120/hr/ava_images___273810.png,../../../mnt/ssd2/29o_rya/datasets/iqa/QualiSR-Set120/lr/ava_images___273810.png,train,-2.7801394,-4.743374,-3.7546208,0.6958611,-2.1513298,0.019515276,2.9464135,1.911415,1.0329769,5.2416325,0.533081,2.5134978,-1.531932,-1.6349593,-2.647931,5.757991,0.554076,-3.3687963,1.2154882,0.18103607,0.06732459,-0.8510201,-0.9156965,-0.3318541,0.77920127,0.59557784,0.43332022,0.680601,-0.27973765,-0.3157844,0.10574914,-0.3983574,0.045523435,-0.21417275,-0.041768104,-0.28048682,0.36561182,-0.13471982,0.1277929,0.55291986,-0.5091319,-0.019602835,-0.17839102,-0.88364,0.011181295,0.42974573,0.14579028,0.03440118,0.47669947,0.5657202,0.22140427,-0.07908359,-0.76366055,-0.9237796,-0.19531958,-1.6608646,-0.14519203,0.12230039,0.19465758,-0.1990735,-0.096391514,0.10559854,-0.1560245,0.26689595,-0.006908834,-0.22846104,-0.07882389,-0.29614726,0.13970715,0.16264749,0.100649364,0.014287189,0.016176373,0.13213539,-0.21729362
QualiSR-Set120/RealESRGAN/ava_images___273810.npy.gz,RealESRGAN,ava_images___273810.png,../../../mnt/ssd2/29o_rya/datasets/iqa/QualiSR-Set120/sr/RealESRGAN/ava_images___273810.png,QualiSR-Set120,ava_images___273810,RealESRGAN/ava_images___273810.png,../../../mnt/ssd2/29o_rya/datasets/iqa/QualiSR-Set120/hr/ava_images___273810.png,../../../mnt/ssd2/29o_rya/datasets/iqa/QualiSR-Set120/lr/ava_images___273810.png,train,-2.8306985,-4.76056,-3.7765954,0.7051443,-2.152617,0.05112803,2.9649613,1.9317006,1.0157002,5.283605,0.55040765,2.505784,-1.557747,-1.6529261,-2.6762733,5.8278046,0.5535305,-3.392561,1.2362479,0.20221862,0.086749956,-0.85050607,-0.9231571,-0.3123699,0.7750344,0.60451615,0.40160924,0.6606859,-0.30179816,-0.30495507,0.09930854,-0.37220466,0.024496228,-0.2237423,-0.06396215,-0.27764294,0.38377634,-0.09763315,0.14225283,0.543232,-0.4683839,-0.043449327,-0.14854313,-0.88866454,-0.02216667,0.3780294,0.13269892,0.040863097,0.45456386,0.5475682,0.21254452,-0.085357755,-0.69609565,-0.8958729,-0.17400058,-1.5841787,-0.12901312,0.11013925,0.16684458,-0.16424781,-0.08626674,0.09158294,-0.11382152,0.27753296,-0.010951221,-0.2209766,-0.07889321,-0.28462583,0.119294405,0.14238322,0.08192502,0.014717355,0.02156809,0.14836377,-0.23587799
QualiSR-Set120/SUPIR/ava_images___273810.npy.gz,SUPIR,ava_images___273810.png,../../../mnt/ssd2/29o_rya/datasets/iqa/QualiSR-Set120/sr/SUPIR/ava_images___273810.png,QualiSR-Set120,ava_images___273810,SUPIR/ava_images___273810.png,../../../mnt/ssd2/29o_rya/datasets/iqa/QualiSR-Set120/hr/ava_images___273810.png,../../../mnt/ssd2/29o_rya/datasets/iqa/QualiSR-Set120/lr/ava_images___273810.png,train,-2.7801394,-4.743374,-3.7546208,0.6958611,-2.1513298,0.019515276,2.9464135,1.911415,1.0329769,5.2416325,0.533081,2.5134978,-1.531932,-1.6349593,-2.647931,5.757991,0.554076,-3.3687963,1.2154882,0.18103607,0.06732459,-0.8510201,-0.9156965,-0.3318541,0.77920127,0.59557784,0.43332022,0.680601,-0.27973765,-0.3157844,0.10574914,-0.3983574,0.045523435,-0.21417275,-0.041768104,-0.28048682,0.36561182,-0.13471982,0.1277929,0.55291986,-0.5091319,-0.019602835,-0.17839102,-0.88364,0.011181295,0.42974573,0.14579028,0.03440118,0.47669947,0.5657202,0.22140427,-0.07908359,-0.76366055,-0.9237796,-0.19531958,-1.6608646,-0.14519203,0.12230039,0.19465758,-0.1990735,-0.096391514,0.10559854,-0.1560245,0.26689595,-0.006908834,-0.22846104,-0.07882389,-0.29614726,0.13970715,0.16264749,0.100649364,0.014287189,0.016176373,0.13213539,-0.21729362
QualiSR-Set120/PASD/ava_images___295451.npy.gz,PASD,ava_images___295451.png,../../../mnt/ssd2/29o_rya/datasets/iqa/QualiSR-Set120/sr/PASD/ava_images___295451.png,QualiSR-Set120,ava_images___295451,PASD/ava_images___295451.png,../../../mnt/ssd2/29o_rya/datasets/iqa/QualiSR-Set120/hr/ava_images___295451.png,../../../mnt/ssd2/29o_rya/datasets/iqa/QualiSR-Set120/lr/ava_images___295451.png,train,-2.2521832,-2.563722,-1.4342556,-0.24572378,-0.9073564,0.7388493,0.8276582,-0.46622628,-0.27486685,0.050826468,1.2036544,1.4985187,0.23103023,1.0729632,-0.24097934,0.51349616,-0.9836909,0.38802677,-1.1985736,-1.19338,-2.978174,-1.3497591,4.008713,4.2974176,-2.680034,-0.21818875,-2.7447152,1.1987855,-0.92866683,-1.2916384,0.52213466,0.08190963,0.28899637,0.01178515,-0.1703488,-0.49073583,0.081432186,0.1315501,-0.19643137,0.46570668,0.32568,0.2413815,0.43334728,-0.83942014,0.067052186,-1.0140015,-0.013274074,0.8075614,-1.1370112,-0.2538779,0.13393173,-0.25432077,0.2270173,-0.22082986,-0.6348694,0.5087205,-0.060614705,-0.27666038,0.53340214,-0.91972536,-0.16084774,-0.1206166,-0.69876444,-0.187579,0.51140535,-0.040101476,-0.21686107,-0.07161829,0.34810403,0.17133182,0.018195853,-0.06326379,-0.18350843,0.3096024,0.19623426
QualiSR-Set120/RealESRGAN/ava_images___295451.npy.gz,RealESRGAN,ava_images___295451.png,../../../mnt/ssd2/29o_rya/datasets/iqa/QualiSR-Set120/sr/RealESRGAN/ava_images___295451.png,QualiSR-Set120,ava_images___295451,RealESRGAN/ava_images___295451.png,../../../mnt/ssd2/29o_rya/datasets/iqa/QualiSR-Set120/hr/ava_images___295451.png,../../../mnt/ssd2/29o_rya/datasets/iqa/QualiSR-Set120/lr/ava_images___295451.png,train,-2.2853665,-2.5599368,-1.4265404,-0.23862639,-0.9196074,0.7330855,0.81528074,-0.4727347,-0.29675284,0.07337858,1.212748,1.4729546,0.21820796,1.0486784,-0.2275286,0.5168305,-0.98141843,0.37638578,-1.2149949,-1.1857269,-2.958259,-1.3494132,3.98885,4.2884784,-2.653721,-0.22206454,-2.7158618,1.199085,-0.92531693,-1.2751937,0.525807,0.08830392,0.2714588,0.021538302,-0.17341541,-0.489313,0.05509638,0.1045883,-0.17409551,0.46268615,0.3358851,0.23126546,0.4663695,-0.8308019,0.03716457,-1.0292352,0.007683009,0.8203747,-1.1515825,-0.2651432,0.16354567,-0.27864248,0.20775262,-0.21546438,-0.62113184,0.50396454,-0.052138865,-0.27174985,0.49860644,-0.89273655,-0.17422529,-0.11559881,-0.6663015,-0.20822576,0.5060261,-0.03708209,-0.20689884,-0.0568413,0.32799768,0.17120135,-0.012349755,-0.06815079,-0.16912511,0.30193862,0.20001462
QualiSR-Set120/SUPIR/ava_images___295451.npy.gz,SUPIR,ava_images___295451.png,../../../mnt/ssd2/29o_rya/datasets/iqa/QualiSR-Set120/sr/SUPIR/ava_images___295451.png,QualiSR-Set120,ava_images___295451,SUPIR/ava_images___295451.png,../../../mnt/ssd2/29o_rya/datasets/iqa/QualiSR-Set120/hr/ava_images___295451.png,../../../mnt/ssd2/29o_rya/datasets/iqa/QualiSR-Set120/lr/ava_images___295451.png,train,-2.2521832,-2.563722,-1.4342556,-0.24572378,-0.9073564,0.7388493,0.8276582,-0.46622628,-0.27486685,0.050826468,1.2036544,1.4985187,0.23103023,1.0729632,-0.24097934,0.51349616,-0.9836909,0.38802677,-1.1985736,-1.19338,-2.978174,-1.3497591,4.008713,4.2974176,-2.680034,-0.21818875,-2.7447152,1.1987855,-0.92866683,-1.2916384,0.52213466,0.08190963,0.28899637,0.01178515,-0.1703488,-0.49073583,0.081432186,0.1315501,-0.19643137,0.46570668,0.32568,0.2413815,0.43334728,-0.83942014,0.067052186,-1.0140015,-0.013274074,0.8075614,-1.1370112,-0.2538779,0.13393173,-0.25432077,0.2270173,-0.22082986,-0.6348694,0.5087205,-0.060614705,-0.27666038,0.53340214,-0.91972536,-0.16084774,-0.1206166,-0.69876444,-0.187579,0.51140535,-0.040101476,-0.21686107,-0.07161829,0.34810403,0.17133182,0.018195853,-0.06326379,-0.18350843,0.3096024,0.19623426
QualiSR-Set120/PASD/ava_images___308473.npy.gz,PASD,ava_images___308473.png,../../../mnt/ssd2/29o_rya/datasets/iqa/QualiSR-Set120/sr/PASD/ava_images___308473.png,QualiSR-Set120,ava_images___308473,PASD/ava_images___308473.png,../../../mnt/ssd2/29o_rya/datasets/iqa/QualiSR-Set120/hr/ava_images___308473.png,../../../mnt/ssd2/29o_rya/datasets/iqa/QualiSR-Set120/lr/ava_images___308473.png,train,8.51733,3.9433134,-1.5976913,-2.8233566,4.9041233,2.0454922,2.8529046,-1.5507138,4.4837184,3.3277829,3.006825,2.1934783,2.1262197,0.6714009,-2.913105,-0.5774987,-1.309539,1.25775,-2.7832499,-3.0579116,3.7826068,-0.6412556,0.385905,-0.8272858,-0.87247217,-1.0313532,0.110305846,-0.62114584,0.20592868,0.030863345,0.11333417,-0.21544349,-0.8812461,0.80257434,2.5583453,-1.2405688,-0.759896,-0.6473099,0.8280006,-1.0606105,-0.5321201,-0.3840229,0.11401984,-0.4575743,0.486689,-0.23239455,0.25989062,0.0031951666,0.022754312,0.03919843,0.18010463,-0.05622308,0.22415504,-0.0882808,0.0050017983,0.13853592,0.0056596994,-0.039359093,-0.018815815,-0.018823892,-0.09234364,0.007921502,-0.041347682,-0.027295798,-0.0025583506,-0.028880946,0.000434272,-0.043030947,0.005361289,-0.04040453,-0.009638086,0.02496092,0.14601421,0.015945464,0.008268289
QualiSR-Set120/RealESRGAN/ava_images___308473.npy.gz,RealESRGAN,ava_images___308473.png,../../../mnt/ssd2/29o_rya/datasets/iqa/QualiSR-Set120/sr/RealESRGAN/ava_images___308473.png,QualiSR-Set120,ava_images___308473,RealESRGAN/ava_images___308473.png,../../../mnt/ssd2/29o_rya/datasets/iqa/QualiSR-Set120/hr/ava_images___308473.png,../../../mnt/ssd2/29o_rya/datasets/iqa/QualiSR-Set120/lr/ava_images___308473.png,train,8.540449,3.9589646,-1.569536,-2.8115854,4.8358545,2.0397184,2.897423,-1.5501809,4.453156,3.3227546,3.0186996,2.176131,2.10532,0.62385666,-2.9034626,-0.57841814,-1.3108165,1.2872236,-2.695211,-3.0558646,3.7437632,-0.6678367,0.3785413,-0.84530836,-0.8509531,-1.0465007,0.06745565,-0.6279793,0.1765158,0.037739217,0.14259636,-0.24760109,-0.8902221,0.7951996,2.6069665,-1.2267033,-0.7498211,-0.66580343,0.82916594,-1.1116321,-0.5201453,-0.3478107,0.11932436,-0.49080962,0.47976607,-0.19039924,0.2491246,-0.015288413,0.021435142,0.021852195,0.15137573,-0.0666039,0.25197214,-0.09562284,-0.03777668,0.14302853,0.036868334,-0.052872658,-0.008405,-0.019328132,-0.08035393,0.015532866,-0.045060545,-0.024051577,-0.01424849,-0.02700188,-0.014044233,-0.05518177,0.034308136,-0.025976688,-0.07162131,0.044114754,0.17282277,0.008629441,-0.005390294
QualiSR-Set120/SUPIR/ava_images___308473.npy.gz,SUPIR,ava_images___308473.png,../../../mnt/ssd2/29o_rya/datasets/iqa/QualiSR-Set120/sr/SUPIR/ava_images___308473.png,QualiSR-Set120,ava_images___308473,SUPIR/ava_images___308473.png,../../../mnt/ssd2/29o_rya/datasets/iqa/QualiSR-Set120/hr/ava_images___308473.png,../../../mnt/ssd2/29o_rya/datasets/iqa/QualiSR-Set120/lr/ava_images___308473.png,train,8.51733,3.9433134,-1.5976913,-2.8233566,4.9041233,2.0454922,2.8529046,-1.5507138,4.4837184,3.3277829,3.006825,2.1934783,2.1262197,0.6714009,-2.913105,-0.5774987,-1.309539,1.25775,-2.7832499,-3.0579116,3.7826068,-0.6412556,0.385905,-0.8272858,-0.87247217,-1.0313532,0.110305846,-0.62114584,0.20592868,0.030863345,0.11333417,-0.21544349,-0.8812461,0.80257434,2.5583453,-1.2405688,-0.759896,-0.6473099,0.8280006,-1.0606105,-0.5321201,-0.3840229,0.11401984,-0.4575743,0.486689,-0.23239455,0.25989062,0.0031951666,0.022754312,0.03919843,0.18010463,-0.05622308,0.22415504,-0.0882808,0.0050017983,0.13853592,0.0056596994,-0.039359093,-0.018815815,-0.018823892,-0.09234364,0.007921502,-0.041347682,-0.027295798,-0.0025583506,-0.028880946,0.000434272,-0.043030947,0.005361289,-0.04040453,-0.009638086,0.02496092,0.14601421,0.015945464,0.008268289
QualiSR-Set120/PASD/ava_images___321917.npy.gz,PASD,ava_images___321917.png,../../../mnt/ssd2/29o_rya/datasets/iqa/QualiSR-Set120/sr/PASD/ava_images___321917.png,QualiSR-Set120,ava_images___321917,PASD/ava_images___321917.png,../../../mnt/ssd2/29o_rya/datasets/iqa/QualiSR-Set120/hr/ava_images___321917.png,../../../mnt/ssd2/29o_rya/datasets/iqa/QualiSR-Set120/lr/ava_images___321917.png,train,0.4748267,3.0868573,4.0557594,-3.0229142,3.3973403,0.89169073,2.4490454,3.8197565,-0.99144125,-0.13636875,-1.7405744,1.4383686,0.2125566,-0.065563574,-1.0428629,-1.5633197,0.742035,-0.165956,1.6682072,1.2848411,0.729417,-0.23545519,-0.49451685,0.090006635,-1.7173688,-1.3507285,2.0646484,5.3157153,-2.132151,0.11763859,-0.60437095,0.82212496,-0.20738283,0.48910505,0.017760739,0.39748555,0.17637265,0.37353322,-0.1656981,0.4087101,-0.022075057,0.27031213,-0.03601162,-0.15037227,-0.43346447,0.19617802,-0.16875567,-0.27395016,0.065574706,-0.036259413,0.034706585,-0.1952827,-0.0362362,0.31345016,0.021627486,-0.15580547,-0.24572426,-0.6741787,0.23959213,0.16039163,0.3935784,-0.63042927,-0.076173514,-0.91735256,0.23502827,-0.17310114,-0.36315444,-0.2538468,-0.8517971,0.31084007,0.12983797,0.093493596,0.3348384,0.32593346,-0.1779078
QualiSR-Set120/RealESRGAN/ava_images___321917.npy.gz,RealESRGAN,ava_images___321917.png,../../../mnt/ssd2/29o_rya/datasets/iqa/QualiSR-Set120/sr/RealESRGAN/ava_images___321917.png,QualiSR-Set120,ava_images___321917,RealESRGAN/ava_images___321917.png,../../../mnt/ssd2/29o_rya/datasets/iqa/QualiSR-Set120/hr/ava_images___321917.png,../../../mnt/ssd2/29o_rya/datasets/iqa/QualiSR-Set120/lr/ava_images___321917.png,train,0.4748267,3.0868573,4.0557594,-3.0229142,3.3973403,0.89169073,2.4490454,3.8197565,-0.99144125,-0.13636875,-1.7405744,1.4383686,0.2125566,-0.065563574,-1.0428629,-1.5633197,0.742035,-0.165956,1.6682072,1.2848411,0.729417,-0.23545519,-0.49451685,0.090006635,-1.7173688,-1.3507285,2.0646484,5.3157153,-2.132151,0.11763859,-0.60437095,0.82212496,-0.20738283,0.48910505,0.017760739,0.39748555,0.17637265,0.37353322,-0.1656981,0.4087101,-0.022075057,0.27031213,-0.03601162,-0.15037227,-0.43346447,0.19617802,-0.16875567,-0.27395016,0.065574706,-0.036259413,0.034706585,-0.1952827,-0.0362362,0.31345016,0.021627486,-0.15580547,-0.24572426,-0.6741787,0.23959213,0.16039163,0.3935784,-0.63042927,-0.076173514,-0.91735256,0.23502827,-0.17310114,-0.36315444,-0.2538468,-0.8517971,0.31084007,0.12983797,0.093493596,0.3348384,0.32593346,-0.1779078
QualiSR-Set120/SUPIR/ava_images___321917.npy.gz,SUPIR,ava_images___321917.png,../../../mnt/ssd2/29o_rya/datasets/iqa/QualiSR-Set120/sr/SUPIR/ava_images___321917.png,QualiSR-Set120,ava_images___321917,SUPIR/ava_images___321917.png,../../../mnt/ssd2/29o_rya/datasets/iqa/QualiSR-Set120/hr/ava_images___321917.png,../../../mnt/ssd2/29o_rya/datasets/iqa/QualiSR-Set120/lr/ava_images___321917.png,train,0.4748267,3.0868573,4.0557594,-3.0229142,3.3973403,0.89169073,2.4490454,3.8197565,-0.99144125,-0.13636875,-1.7405744,1.4383686,0.2125566,-0.065563574,-1.0428629,-1.5633197,0.742035,-0.165956,1.6682072,1.2848411,0.729417,-0.23545519,-0.49451685,0.090006635,-1.7173688,-1.3507285,2.0646484,5.3157153,-2.132151,0.11763859,-0.60437095,0.82212496,-0.20738283,0.48910505,0.017760739,0.39748555,0.17637265,0.37353322,-0.1656981,0.4087101,-0.022075057,0.27031213,-0.03601162,-0.15037227,-0.43346447,0.19617802,-0.16875567,-0.27395016,0.065574706,-0.036259413,0.034706585,-0.1952827,-0.0362362,0.31345016,0.021627486,-0.15580547,-0.24572426,-0.6741787,0.23959213,0.16039163,0.3935784,-0.63042927,-0.076173514,-0.91735256,0.23502827,-0.17310114,-0.36315444,-0.2538468,-0.8517971,0.31084007,0.12983797,0.093493596,0.3348384,0.32593346,-0.1779078
QualiSR-Set120/PASD/ava_images___360165.npy.gz,PASD,ava_images___360165.png,../../../mnt/ssd2/29o_rya/datasets/iqa/QualiSR-Set120/sr/PASD/ava_images___360165.png,QualiSR-Set120,ava_images___360165,PASD/ava_images___360165.png,../../../mnt/ssd2/29o_rya/datasets/iqa/QualiSR-Set120/hr/ava_images___360165.png,../../../mnt/ssd2/29o_rya/datasets/iqa/QualiSR-Set120/lr/ava_images___360165.png,train,-1.511297,-0.6238972,0.35049957,-0.20301929,-1.4184619,1.5201659,-0.124347344,-1.1255833,0.06426117,0.22055668,0.5980334,-0.35746545,-0.40984982,-0.1872972,-0.215283,-0.76009905,-0.28927827,0.20802766,-0.059743896,0.7950154,-0.15466054,-0.8696656,0.7474278,0.73770005,-1.4498694,-0.41555542,0.02772811,-0.77083194,0.51495993,4.602739,-4.163151,-2.854761,-0.7317246,-0.36679816,-0.2427148,-0.0035970807,0.31045908,0.07720333,0.13507329,0.037434734,-0.17868495,0.18196586,0.11628411,-0.1453625,-0.19478065,0.027966857,-0.026088402,0.10128589,0.117501974,0.037269123,-0.04421974,-0.1023801,0.21839535,-0.066607535,-0.18616866,-0.00276226,-0.1674506,-0.26490343,0.03538742,-0.05315125,-0.03788121,-0.1996962,0.07531677,0.2737585,0.36508423,-0.067379475,0.021330506,0.019799028,-0.16296598,-0.049469754,-0.31633705,0.319463,0.27338672,-0.068060264,-0.20163226
QualiSR-Set120/RealESRGAN/ava_images___360165.npy.gz,RealESRGAN,ava_images___360165.png,../../../mnt/ssd2/29o_rya/datasets/iqa/QualiSR-Set120/sr/RealESRGAN/ava_images___360165.png,QualiSR-Set120,ava_images___360165,RealESRGAN/ava_images___360165.png,../../../mnt/ssd2/29o_rya/datasets/iqa/QualiSR-Set120/hr/ava_images___360165.png,../../../mnt/ssd2/29o_rya/datasets/iqa/QualiSR-Set120/lr/ava_images___360165.png,train,-1.5029018,-0.6040742,0.36914754,-0.20845294,-1.4299802,1.5194693,-0.124734834,-1.1268623,0.08332887,0.21002984,0.5956847,-0.33496273,-0.4061188,-0.18579301,-0.21321964,-0.76404893,-0.2974192,0.2034441,-0.05763194,0.7914023,-0.16265798,-0.87225735,0.7365022,0.7365456,-1.4377615,-0.41577673,0.022190928,-0.76726997,0.5182868,4.584337,-4.1529016,-2.8398361,-0.7299622,-0.36243838,-0.23889111,0.00022810698,0.29974705,0.06585267,0.12695204,0.055938147,-0.18798041,0.17968318,0.10908048,-0.14324397,-0.20871258,0.03631404,-0.017007157,0.0972029,0.11560601,0.041869096,-0.048525065,-0.1043714,0.21853001,-0.060962543,-0.17336841,-0.0039731916,-0.17671102,-0.257047,0.032052167,-0.059675246,-0.021383837,-0.19108988,0.07005349,0.25984904,0.34921002,-0.06987644,0.0154021755,0.013248958,-0.15644887,-0.045110464,-0.30540413,0.32051378,0.26873955,-0.06129706,-0.20568725
QualiSR-Set120/SUPIR/ava_images___360165.npy.gz,SUPIR,ava_images___360165.png,../../../mnt/ssd2/29o_rya/datasets/iqa/QualiSR-Set120/sr/SUPIR/ava_images___360165.png,QualiSR-Set120,ava_images___360165,SUPIR/ava_images___360165.png,../../../mnt/ssd2/29o_rya/datasets/iqa/QualiSR-Set120/hr/ava_images___360165.png,../../../mnt/ssd2/29o_rya/datasets/iqa/QualiSR-Set120/lr/ava_images___360165.png,train,-1.511297,-0.6238972,0.35049957,-0.20301929,-1.4184619,1.5201659,-0.124347344,-1.1255833,0.06426117,0.22055668,0.5980334,-0.35746545,-0.40984982,-0.1872972,-0.215283,-0.76009905,-0.28927827,0.20802766,-0.059743896,0.7950154,-0.15466054,-0.8696656,0.7474278,0.73770005,-1.4498694,-0.41555542,0.02772811,-0.77083194,0.51495993,4.602739,-4.163151,-2.854761,-0.7317246,-0.36679816,-0.2427148,-0.0035970807,0.31045908,0.07720333,0.13507329,0.037434734,-0.17868495,0.18196586,0.11628411,-0.1453625,-0.19478065,0.027966857,-0.026088402,0.10128589,0.117501974,0.037269123,-0.04421974,-0.1023801,0.21839535,-0.066607535,-0.18616866,-0.00276226,-0.1674506,-0.26490343,0.03538742,-0.05315125,-0.03788121,-0.1996962,0.07531677,0.2737585,0.36508423,-0.067379475,0.021330506,0.019799028,-0.16296598,-0.049469754,-0.31633705,0.319463,0.27338672,-0.068060264,-0.20163226
QualiSR-Set120/PASD/ava_images___426629.npy.gz,PASD,ava_images___426629.png,../../../mnt/ssd2/29o_rya/datasets/iqa/QualiSR-Set120/sr/PASD/ava_images___426629.png,QualiSR-Set120,ava_images___426629,PASD/ava_images___426629.png,../../../mnt/ssd2/29o_rya/datasets/iqa/QualiSR-Set120/hr/ava_images___426629.png,../../../mnt/ssd2/29o_rya/datasets/iqa/QualiSR-Set120/lr/ava_images___426629.png,test,-0.2134043,4.265645,0.3524381,-0.92430866,0.8700081,-2.4577436,1.0735126,0.87611926,-2.28522,1.3403301,-1.7441983,0.60971934,-0.66660655,-0.09458807,-0.13482484,-0.51413375,-0.5153407,0.28162444,0.52123886,-0.22093613,-0.80431074,0.016816527,1.2646085,0.20904182,0.280548,-1.2089611,1.147598,0.55882,0.009010762,-0.03158647,-0.10158488,0.38626972,0.49107438,0.5660402,0.46935666,0.73857135,0.546961,0.6362699,0.026931003,-0.084140085,0.3034441,0.39970812,0.3870846,-0.08825654,-0.25718415,-0.18034193,0.15907498,-0.066313416,-0.07436019,0.17592454,-0.07431343,0.15617487,-0.27157915,0.45524824,0.6107602,-0.17835173,-0.4227447,0.28383392,0.4209015,-0.5246012,-0.004660338,-0.7093414,-0.14159293,-0.9058286,0.043272346,-0.49084073,-0.59370613,-0.75930715,-0.4606904,0.1404171,0.3306445,0.083733335,0.25924724,-0.04895273,-1.0368991
QualiSR-Set120/RealESRGAN/ava_images___426629.npy.gz,RealESRGAN,ava_images___426629.png,../../../mnt/ssd2/29o_rya/datasets/iqa/QualiSR-Set120/sr/RealESRGAN/ava_images___426629.png,QualiSR-Set120,ava_images___426629,RealESRGAN/ava_images___426629.png,../../../mnt/ssd2/29o_rya/datasets/iqa/QualiSR-Set120/hr/ava_images___426629.png,../../../mnt/ssd2/29o_rya/datasets/iqa/QualiSR-Set120/lr/ava_images___426629.png,test,-0.2134043,4.265645,0.3524381,-0.92430866,0.8700081,-2.4577436,1.0735126,0.87611926,-2.28522,1.3403301,-1.7441983,0.60971934,-0.66660655,-0.09458807,-0.13482484,-0.51413375,-0.5153407,0.28162444,0.52123886,-0.22093613,-0.80431074,0.016816527,1.2646085,0.20904182,0.280548,-1.2089611,1.147598,0.55882,0.009010762,-0.03158647,-0.10158488,0.38626972,0.49107438,0.5660402,0.46935666,0.73857135,0.546961,0.6362699,0.026931003,-0.084140085,0.3034441,0.39970812,0.3870846,-0.08825654,-0.25718415,-0.18034193,0.15907498,-0.066313416,-0.07436019,0.17592454,-0.07431343,0.15617487,-0.27157915,0.45524824,0.6107602,-0.17835173,-0.4227447,0.28383392,0.4209015,-0.5246012,-0.004660338,-0.7093414,-0.14159293,-0.9058286,0.043272346,-0.49084073,-0.59370613,-0.75930715,-0.4606904,0.1404171,0.3306445,0.083733335,0.25924724,-0.04895273,-1.0368991
QualiSR-Set120/SUPIR/ava_images___426629.npy.gz,SUPIR,ava_images___426629.png,../../../mnt/ssd2/29o_rya/datasets/iqa/QualiSR-Set120/sr/SUPIR/ava_images___426629.png,QualiSR-Set120,ava_images___426629,SUPIR/ava_images___426629.png,../../../mnt/ssd2/29o_rya/datasets/iqa/QualiSR-Set120/hr/ava_images___426629.png,../../../mnt/ssd2/29o_rya/datasets/iqa/QualiSR-Set120/lr/ava_images___426629.png,test,-0.2134043,4.265645,0.3524381,-0.92430866,0.8700081,-2.4577436,1.0735126,0.87611926,-2.28522,1.3403301,-1.7441983,0.60971934,-0.66660655,-0.09458807,-0.13482484,-0.51413375,-0.5153407,0.28162444,0.52123886,-0.22093613,-0.80431074,0.016816527,1.2646085,0.20904182,0.280548,-1.2089611,1.147598,0.55882,0.009010762,-0.03158647,-0.10158488,0.38626972,0.49107438,0.5660402,0.46935666,0.73857135,0.546961,0.6362699,0.026931003,-0.084140085,0.3034441,0.39970812,0.3870846,-0.08825654,-0.25718415,-0.18034193,0.15907498,-0.066313416,-0.07436019,0.17592454,-0.07431343,0.15617487,-0.27157915,0.45524824,0.6107602,-0.17835173,-0.4227447,0.28383392,0.4209015,-0.5246012,-0.004660338,-0.7093414,-0.14159293,-0.9058286,0.043272346,-0.49084073,-0.59370613,-0.75930715,-0.4606904,0.1404171,0.3306445,0.083733335,0.25924724,-0.04895273,-1.0368991
QualiSR-Set120/PASD/ava_images___436880.npy.gz,PASD,ava_images___436880.png,../../../mnt/ssd2/29o_rya/datasets/iqa/QualiSR-Set120/sr/PASD/ava_images___436880.png,QualiSR-Set120,ava_images___436880,PASD/ava_images___436880.png,../../../mnt/ssd2/29o_rya/datasets/iqa/QualiSR-Set120/hr/ava_images___436880.png,../../../mnt/ssd2/29o_rya/datasets/iqa/QualiSR-Set120/lr/ava_images___436880.png,train,8.167823,1.00258,-0.56865984,-2.2228365,0.22596574,0.9647774,1.7696208,-0.42738408,3.890873,2.013822,-2.0675423,2.8924363,1.2847646,4.2369227,3.0660331,1.3006418,1.3505027,1.9855984,0.0798367,3.1830978,-2.3229992,1.562227,0.16862449,0.52788585,0.29449466,3.2979474,0.81823206,0.17133355,0.43413997,0.632469,-0.024065442,-0.0057403445,-0.40554795,-0.077985525,0.46490723,0.2146375,0.10798628,1.2861117,-1.0906124,0.06845253,1.2525673,-1.2958055,-1.7208016,0.13804227,-0.07372272,-0.31606847,-0.5335218,0.17822486,-0.1983554,-0.35494375,-0.003488429,0.11841367,-0.51660275,0.2909781,-0.20451044,-0.12432976,-0.2601295,0.21435764,0.11358837,0.18074778,0.0043052137,-0.030793443,-0.20698735,0.34942436,-0.12942977,-0.060531832,0.15776893,-0.06707749,0.028048098,0.042574286,-0.02280417,-0.18179867,-0.016318172,-0.08121303,0.0015499517
QualiSR-Set120/RealESRGAN/ava_images___436880.npy.gz,RealESRGAN,ava_images___436880.png,../../../mnt/ssd2/29o_rya/datasets/iqa/QualiSR-Set120/sr/RealESRGAN/ava_images___436880.png,QualiSR-Set120,ava_images___436880,RealESRGAN/ava_images___436880.png,../../../mnt/ssd2/29o_rya/datasets/iqa/QualiSR-Set120/hr/ava_images___436880.png,../../../mnt/ssd2/29o_rya/datasets/iqa/QualiSR-Set120/lr/ava_images___436880.png,train,8.167823,1.00258,-0.56865984,-2.2228365,0.22596574,0.9647774,1.7696208,-0.42738408,3.890873,2.013822,-2.0675423,2.8924363,1.2847646,4.2369227,3.0660331,1.3006418,1.3505027,1.9855984,0.0798367,3.1830978,-2.3229992,1.562227,0.16862449,0.52788585,0.29449466,3.2979474,0.81823206,0.17133355,0.43413997,0.632469,-0.024065442,-0.0057403445,-0.40554795,-0.077985525,0.46490723,0.2146375,0.10798628,1.2861117,-1.0906124,0.06845253,1.2525673,-1.2958055,-1.7208016,0.13804227,-0.07372272,-0.31606847,-0.5335218,0.17822486,-0.1983554,-0.35494375,-0.003488429,0.11841367,-0.51660275,0.2909781,-0.20451044,-0.12432976,-0.2601295,0.21435764,0.11358837,0.18074778,0.0043052137,-0.030793443,-0.20698735,0.34942436,-0.12942977,-0.060531832,0.15776893,-0.06707749,0.028048098,0.042574286,-0.02280417,-0.18179867,-0.016318172,-0.08121303,0.0015499517
QualiSR-Set120/SUPIR/ava_images___436880.npy.gz,SUPIR,ava_images___436880.png,../../../mnt/ssd2/29o_rya/datasets/iqa/QualiSR-Set120/sr/SUPIR/ava_images___436880.png,QualiSR-Set120,ava_images___436880,SUPIR/ava_images___436880.png,../../../mnt/ssd2/29o_rya/datasets/iqa/QualiSR-Set120/hr/ava_images___436880.png,../../../mnt/ssd2/29o_rya/datasets/iqa/QualiSR-Set120/lr/ava_images___436880.png,train,8.167823,1.00258,-0.56865984,-2.2228365,0.22596574,0.9647774,1.7696208,-0.42738408,3.890873,2.013822,-2.0675423,2.8924363,1.2847646,4.2369227,3.0660331,1.3006418,1.3505027,1.9855984,0.0798367,3.1830978,-2.3229992,1.562227,0.16862449,0.52788585,0.29449466,3.2979474,0.81823206,0.17133355,0.43413997,0.632469,-0.024065442,-0.0057403445,-0.40554795,-0.077985525,0.46490723,0.2146375,0.10798628,1.2861117,-1.0906124,0.06845253,1.2525673,-1.2958055,-1.7208016,0.13804227,-0.07372272,-0.31606847,-0.5335218,0.17822486,-0.1983554,-0.35494375,-0.003488429,0.11841367,-0.51660275,0.2909781,-0.20451044,-0.12432976,-0.2601295,0.21435764,0.11358837,0.18074778,0.0043052137,-0.030793443,-0.20698735,0.34942436,-0.12942977,-0.060531832,0.15776893,-0.06707749,0.028048098,0.042574286,-0.02280417,-0.18179867,-0.016318172,-0.08121303,0.0015499517
QualiSR-Set120/PASD/ava_images___46021.npy.gz,PASD,ava_images___46021.png,../../../mnt/ssd2/29o_rya/datasets/iqa/QualiSR-Set120/sr/PASD/ava_images___46021.png,QualiSR-Set120,ava_images___46021,PASD/ava_images___46021.png,../../../mnt/ssd2/29o_rya/datasets/iqa/QualiSR-Set120/hr/ava_images___46021.png,../../../mnt/ssd2/29o_rya/datasets/iqa/QualiSR-Set120/lr/ava_images___46021.png,train,-1.8868072,-2.2252865,0.9116119,-1.2876065,2.901434,3.1421275,-0.5851117,5.8768845,-1.2584931,-3.3442104,3.1375413,-0.15247796,4.383985,0.3268087,2.791058,3.9825675,-3.389153,2.3517234,0.31173497,-0.82676166,-1.0358725,0.11191195,-0.9772775,-1.3079299,1.0978391,-0.35695887,0.7114453,-0.32871425,0.8172895,0.28011745,0.08640786,-0.11159271,0.17096242,-0.0017861575,-0.06662674,-0.49262828,-0.1284607,0.02581045,0.24796687,0.8948651,0.43610743,-0.4079755,0.53991145,-0.51316863,-0.7190942,-0.13187885,0.7454006,0.04732783,0.73697376,0.28378147,1.2402713,-0.7230896,-0.20383468,0.5756059,0.6071354,0.25335345,0.069570035,0.22163515,0.27124768,0.0006793663,0.19543608,-0.09761666,0.03023094,-0.025907785,-0.092874855,-0.23509873,0.2958586,0.20129284,0.35099602,0.11392775,0.20200302,-0.22575474,0.1435948,0.28293434,0.46196797
QualiSR-Set120/RealESRGAN/ava_images___46021.npy.gz,RealESRGAN,ava_images___46021.png,../../../mnt/ssd2/29o_rya/datasets/iqa/QualiSR-Set120/sr/RealESRGAN/ava_images___46021.png,QualiSR-Set120,ava_images___46021,RealESRGAN/ava_images___46021.png,../../../mnt/ssd2/29o_rya/datasets/iqa/QualiSR-Set120/hr/ava_images___46021.png,../../../mnt/ssd2/29o_rya/datasets/iqa/QualiSR-Set120/lr/ava_images___46021.png,train,-1.8868072,-2.2252865,0.9116119,-1.2876065,2.901434,3.1421275,-0.5851117,5.8768845,-1.2584931,-3.3442104,3.1375413,-0.15247796,4.383985,0.3268087,2.791058,3.9825675,-3.389153,2.3517234,0.31173497,-0.82676166,-1.0358725,0.11191195,-0.9772775,-1.3079299,1.0978391,-0.35695887,0.7114453,-0.32871425,0.8172895,0.28011745,0.08640786,-0.11159271,0.17096242,-0.0017861575,-0.06662674,-0.49262828,-0.1284607,0.02581045,0.24796687,0.8948651,0.43610743,-0.4079755,0.53991145,-0.51316863,-0.7190942,-0.13187885,0.7454006,0.04732783,0.73697376,0.28378147,1.2402713,-0.7230896,-0.20383468,0.5756059,0.6071354,0.25335345,0.069570035,0.22163515,0.27124768,0.0006793663,0.19543608,-0.09761666,0.03023094,-0.025907785,-0.092874855,-0.23509873,0.2958586,0.20129284,0.35099602,0.11392775,0.20200302,-0.22575474,0.1435948,0.28293434,0.46196797
QualiSR-Set120/SUPIR/ava_images___46021.npy.gz,SUPIR,ava_images___46021.png,../../../mnt/ssd2/29o_rya/datasets/iqa/QualiSR-Set120/sr/SUPIR/ava_images___46021.png,QualiSR-Set120,ava_images___46021,SUPIR/ava_images___46021.png,../../../mnt/ssd2/29o_rya/datasets/iqa/QualiSR-Set120/hr/ava_images___46021.png,../../../mnt/ssd2/29o_rya/datasets/iqa/QualiSR-Set120/lr/ava_images___46021.png,train,-1.8868072,-2.2252865,0.9116119,-1.2876065,2.901434,3.1421275,-0.5851117,5.8768845,-1.2584931,-3.3442104,3.1375413,-0.15247796,4.383985,0.3268087,2.791058,3.9825675,-3.389153,2.3517234,0.31173497,-0.82676166,-1.0358725,0.11191195,-0.9772775,-1.3079299,1.0978391,-0.35695887,0.7114453,-0.32871425,0.8172895,0.28011745,0.08640786,-0.11159271,0.17096242,-0.0017861575,-0.06662674,-0.49262828,-0.1284607,0.02581045,0.24796687,0.8948651,0.43610743,-0.4079755,0.53991145,-0.51316863,-0.7190942,-0.13187885,0.7454006,0.04732783,0.73697376,0.28378147,1.2402713,-0.7230896,-0.20383468,0.5756059,0.6071354,0.25335345,0.069570035,0.22163515,0.27124768,0.0006793663,0.19543608,-0.09761666,0.03023094,-0.025907785,-0.092874855,-0.23509873,0.2958586,0.20129284,0.35099602,0.11392775,0.20200302,-0.22575474,0.1435948,0.28293434,0.46196797
QualiSR-Set120/PASD/ava_images___472713.npy.gz,PASD,ava_images___472713.png,../../../mnt/ssd2/29o_rya/datasets/iqa/QualiSR-Set120/sr/PASD/ava_images___472713.png,QualiSR-Set120,ava_images___472713,PASD/ava_images___472713.png,../../../mnt/ssd2/29o_rya/datasets/iqa/QualiSR-Set120/hr/ava_images___472713.png,../../../mnt/ssd2/29o_rya/datasets/iqa/QualiSR-Set120/lr/ava_images___472713.png,test,-0.87364805,-1.5942537,-0.022747278,0.8434472,-1.2944609,1.2150216,-0.071005635,0.9532441,0.63428044,-0.14159384,-0.26688388,1.2917267,-1.2611538,0.3051728,-0.16422573,0.6730562,0.23885477,-0.2918064,0.66160166,-0.15559931,1.160632,0.44278932,0.1162826,-0.10002084,-0.6511473,0.73053026,-1.0915279,-1.3684119,0.24668711,-0.22151703,-0.14517891,-0.07601112,-0.33644322,-0.05969006,0.33190578,-0.01650247,0.6994757,0.7727665,0.72949594,0.043737195,-0.08127165,-0.09275307,-0.3701061,-0.17182142,-0.39553946,0.011825293,-0.46121663,0.12735188,0.0257231,0.19480495,-0.14012395,0.009416133,-0.31433728,-0.90901995,0.029168606,0.20949702,-0.014000416,0.25388822,0.7185561,-0.38347635,0.38805664,-0.15402015,0.088535994,0.17270836,-0.10882306,0.15757792,-0.5188409,0.2669664,-0.17853865,-0.5616177,-0.16636764,-0.009255178,-0.32283002,-0.16005152,0.054837637
QualiSR-Set120/RealESRGAN/ava_images___472713.npy.gz,RealESRGAN,ava_images___472713.png,../../../mnt/ssd2/29o_rya/datasets/iqa/QualiSR-Set120/sr/RealESRGAN/ava_images___472713.png,QualiSR-Set120,ava_images___472713,RealESRGAN/ava_images___472713.png,../../../mnt/ssd2/29o_rya/datasets/iqa/QualiSR-Set120/hr/ava_images___472713.png,../../../mnt/ssd2/29o_rya/datasets/iqa/QualiSR-Set120/lr/ava_images___472713.png,test,-0.8338783,-1.595996,-0.02305895,0.8363545,-1.2733676,1.2147634,-0.08878039,0.9558028,0.64031327,-0.13798976,-0.26941225,1.2882189,-1.2513871,0.3144303,-0.17422265,0.65176934,0.23979658,-0.2615891,0.6735875,-0.15632348,1.1503029,0.45841652,0.12205676,-0.08303808,-0.6515805,0.72336197,-1.0917491,-1.3734748,0.2505452,-0.21368414,-0.13733469,-0.06565741,-0.35106453,-0.042311966,0.33147615,0.006529957,0.686241,0.74822795,0.7243314,0.06469867,-0.08335233,-0.08421245,-0.3942052,-0.18361616,-0.3878901,0.031588912,-0.48247355,0.14816436,0.020187259,0.19147974,-0.10413569,0.0008505285,-0.30822825,-0.8841211,0.03407161,0.21111804,-0.012172788,0.24657592,0.71990824,-0.38193905,0.37208402,-0.15268643,0.10051018,0.16719876,-0.10588062,0.14565542,-0.5055576,0.27710333,-0.18523857,-0.55890524,-0.17266475,-0.031954236,-0.31944764,-0.16841534,0.028116778
QualiSR-Set120/SUPIR/ava_images___472713.npy.gz,SUPIR,ava_images___472713.png,../../../mnt/ssd2/29o_rya/datasets/iqa/QualiSR-Set120/sr/SUPIR/ava_images___472713.png,QualiSR-Set120,ava_images___472713,SUPIR/ava_images___472713.png,../../../mnt/ssd2/29o_rya/datasets/iqa/QualiSR-Set120/hr/ava_images___472713.png,../../../mnt/ssd2/29o_rya/datasets/iqa/QualiSR-Set120/lr/ava_images___472713.png,test,-0.87364805,-1.5942537,-0.022747278,0.8434472,-1.2944609,1.2150216,-0.071005635,0.9532441,0.63428044,-0.14159384,-0.26688388,1.2917267,-1.2611538,0.3051728,-0.16422573,0.6730562,0.23885477,-0.2918064,0.66160166,-0.15559931,1.160632,0.44278932,0.1162826,-0.10002084,-0.6511473,0.73053026,-1.0915279,-1.3684119,0.24668711,-0.22151703,-0.14517891,-0.07601112,-0.33644322,-0.05969006,0.33190578,-0.01650247,0.6994757,0.7727665,0.72949594,0.043737195,-0.08127165,-0.09275307,-0.3701061,-0.17182142,-0.39553946,0.011825293,-0.46121663,0.12735188,0.0257231,0.19480495,-0.14012395,0.009416133,-0.31433728,-0.90901995,0.029168606,0.20949702,-0.014000416,0.25388822,0.7185561,-0.38347635,0.38805664,-0.15402015,0.088535994,0.17270836,-0.10882306,0.15757792,-0.5188409,0.2669664,-0.17853865,-0.5616177,-0.16636764,-0.009255178,-0.32283002,-0.16005152,0.054837637
QualiSR-Set120/PASD/ava_images___501777.npy.gz,PASD,ava_images___501777.png,../../../mnt/ssd2/29o_rya/datasets/iqa/QualiSR-Set120/sr/PASD/ava_images___501777.png,QualiSR-Set120,ava_images___501777,PASD/ava_images___501777.png,../../../mnt/ssd2/29o_rya/datasets/iqa/QualiSR-Set120/hr/ava_images___501777.png,../../../mnt/ssd2/29o_rya/datasets/iqa/QualiSR-Set120/lr/ava_images___501777.png,test,0.30332816,-1.1875322,-0.72808033,0.14056575,0.10521281,-0.91109514,-0.13230364,-0.20919001,-0.090803996,-0.96361333,0.5676271,0.64131194,0.48205745,0.181586,-0.8840059,1.3178816,-0.25963295,-0.4042073,-1.1979399,0.6180791,-0.19201595,0.59193414,0.28527632,0.8195369,-0.23579915,-1.0864803,-0.193367,0.3868818,-0.054187387,-0.8103692,-0.03153111,0.23324198,1.4261913,-0.6803565,0.45461518,0.2448728,-0.4411201,0.074976385,-0.19097005,0.3358508,0.15258086,0.029950827,0.15569806,-1.0161698,0.031591594,0.2454719,1.1647475,0.14266698,1.2785789,1.1408286,-0.23974387,-0.016340807,0.050615642,1.0769813,-0.9009624,0.1636993,-1.6872866,-0.62078506,0.091926254,-0.58495164,-0.37959158,-0.5908653,0.06727557,-0.11233091,-0.16696484,0.3418917,-0.3332506,-0.4000121,-0.26889256,-0.3851888,0.49956375,0.31817257,-0.40824974,-0.3076347,-0.6844615
QualiSR-Set120/RealESRGAN/ava_images___501777.npy.gz,RealESRGAN,ava_images___501777.png,../../../mnt/ssd2/29o_rya/datasets/iqa/QualiSR-Set120/sr/RealESRGAN/ava_images___501777.png,QualiSR-Set120,ava_images___501777,RealESRGAN/ava_images___501777.png,../../../mnt/ssd2/29o_rya/datasets/iqa/QualiSR-Set120/hr/ava_images___501777.png,../../../mnt/ssd2/29o_rya/datasets/iqa/QualiSR-Set120/lr/ava_images___501777.png,test,0.30332816,-1.1875322,-0.72808033,0.14056575,0.10521281,-0.91109514,-0.13230364,-0.20919001,-0.090803996,-0.96361333,0.5676271,0.64131194,0.48205745,0.181586,-0.8840059,1.3178816,-0.25963295,-0.4042073,-1.1979399,0.6180791,-0.19201595,0.59193414,0.28527632,0.8195369,-0.23579915,-1.0864803,-0.193367,0.3868818,-0.054187387,-0.8103692,-0.03153111,0.23324198,1.4261913,-0.6803565,0.45461518,0.2448728,-0.4411201,0.074976385,-0.19097005,0.3358508,0.15258086,0.029950827,0.15569806,-1.0161698,0.031591594,0.2454719,1.1647475,0.14266698,1.2785789,1.1408286,-0.23974387,-0.016340807,0.050615642,1.0769813,-0.9009624,0.1636993,-1.6872866,-0.62078506,0.091926254,-0.58495164,-0.37959158,-0.5908653,0.06727557,-0.11233091,-0.16696484,0.3418917,-0.3332506,-0.4000121,-0.26889256,-0.3851888,0.49956375,0.31817257,-0.40824974,-0.3076347,-0.6844615
QualiSR-Set120/SUPIR/ava_images___501777.npy.gz,SUPIR,ava_images___501777.png,../../../mnt/ssd2/29o_rya/datasets/iqa/QualiSR-Set120/sr/SUPIR/ava_images___501777.png,QualiSR-Set120,ava_images___501777,SUPIR/ava_images___501777.png,../../../mnt/ssd2/29o_rya/datasets/iqa/QualiSR-Set120/hr/ava_images___501777.png,../../../mnt/ssd2/29o_rya/datasets/iqa/QualiSR-Set120/lr/ava_images___501777.png,test,0.30332816,-1.1875322,-0.72808033,0.14056575,0.10521281,-0.91109514,-0.13230364,-0.20919001,-0.090803996,-0.96361333,0.5676271,0.64131194,0.48205745,0.181586,-0.8840059,1.3178816,-0.25963295,-0.4042073,-1.1979399,0.6180791,-0.19201595,0.59193414,0.28527632,0.8195369,-0.23579915,-1.0864803,-0.193367,0.3868818,-0.054187387,-0.8103692,-0.03153111,0.23324198,1.4261913,-0.6803565,0.45461518,0.2448728,-0.4411201,0.074976385,-0.19097005,0.3358508,0.15258086,0.029950827,0.15569806,-1.0161698,0.031591594,0.2454719,1.1647475,0.14266698,1.2785789,1.1408286,-0.23974387,-0.016340807,0.050615642,1.0769813,-0.9009624,0.1636993,-1.6872866,-0.62078506,0.091926254,-0.58495164,-0.37959158,-0.5908653,0.06727557,-0.11233091,-0.16696484,0.3418917,-0.3332506,-0.4000121,-0.26889256,-0.3851888,0.49956375,0.31817257,-0.40824974,-0.3076347,-0.6844615
QualiSR-Set120/PASD/ava_images___564572.npy.gz,PASD,ava_images___564572.png,../../../mnt/ssd2/29o_rya/datasets/iqa/QualiSR-Set120/sr/PASD/ava_images___564572.png,QualiSR-Set120,ava_images___564572,PASD/ava_images___564572.png,../../../mnt/ssd2/29o_rya/datasets/iqa/QualiSR-Set120/hr/ava_images___564572.png,../../../mnt/ssd2/29o_rya/datasets/iqa/QualiSR-Set120/lr/ava_images___564572.png,train,-2.3253152,-0.46857476,1.6700666,-0.71715695,-0.9265576,2.3493376,0.37363186,0.58694005,0.4532415,-0.57747144,0.27732766,1.1898178,-1.7042542,0.98868763,2.2926147,-2.2490814,-0.25351804,-0.9157836,-1.6896123,-1.2948812,2.12421,-1.6314003,-0.70254654,4.3082995,5.816216,0.2626096,1.6198406,-0.2774898,-0.44901562,-0.5931793,-0.06281163,-0.54690516,0.00935325,0.009503171,-0.25816762,-0.30777705,0.19806695,0.1631948,-0.24049313,0.33100048,-0.43882287,0.18480355,-0.17415883,-0.5641054,0.3225987,0.19600064,-0.5486448,0.20743659,0.07947743,-0.65262663,0.54712987,0.38163865,0.32051906,-0.03819862,0.23608623,0.253365,-0.2906754,0.033049226,0.5703224,-0.48398757,0.476646,0.36676818,0.73442245,-0.019643515,-0.04463102,-0.035553172,0.718824,-0.83501625,-0.3003426,-0.28970766,0.01895605,0.29690534,0.09067842,-0.22739735,-0.1248704
QualiSR-Set120/RealESRGAN/ava_images___564572.npy.gz,RealESRGAN,ava_images___564572.png,../../../mnt/ssd2/29o_rya/datasets/iqa/QualiSR-Set120/sr/RealESRGAN/ava_images___564572.png,QualiSR-Set120,ava_images___564572,RealESRGAN/ava_images___564572.png,../../../mnt/ssd2/29o_rya/datasets/iqa/QualiSR-Set120/hr/ava_images___564572.png,../../../mnt/ssd2/29o_rya/datasets/iqa/QualiSR-Set120/lr/ava_images___564572.png,train,-2.3253152,-0.46857476,1.6700666,-0.71715695,-0.9265576,2.3493376,0.37363186,0.58694005,0.4532415,-0.57747144,0.27732766,1.1898178,-1.7042542,0.98868763,2.2926147,-2.2490814,-0.25351804,-0.9157836,-1.6896123,-1.2948812,2.12421,-1.6314003,-0.70254654,4.3082995,5.816216,0.2626096,1.6198406,-0.2774898,-0.44901562,-0.5931793,-0.06281163,-0.54690516,0.00935325,0.009503171,-0.25816762,-0.30777705,0.19806695,0.1631948,-0.24049313,0.33100048,-0.43882287,0.18480355,-0.17415883,-0.5641054,0.3225987,0.19600064,-0.5486448,0.20743659,0.07947743,-0.65262663,0.54712987,0.38163865,0.32051906,-0.03819862,0.23608623,0.253365,-0.2906754,0.033049226,0.5703224,-0.48398757,0.476646,0.36676818,0.73442245,-0.019643515,-0.04463102,-0.035553172,0.718824,-0.83501625,-0.3003426,-0.28970766,0.01895605,0.29690534,0.09067842,-0.22739735,-0.1248704
QualiSR-Set120/SUPIR/ava_images___564572.npy.gz,SUPIR,ava_images___564572.png,../../../mnt/ssd2/29o_rya/datasets/iqa/QualiSR-Set120/sr/SUPIR/ava_images___564572.png,QualiSR-Set120,ava_images___564572,SUPIR/ava_images___564572.png,../../../mnt/ssd2/29o_rya/datasets/iqa/QualiSR-Set120/hr/ava_images___564572.png,../../../mnt/ssd2/29o_rya/datasets/iqa/QualiSR-Set120/lr/ava_images___564572.png,train,-2.3253152,-0.46857476,1.6700666,-0.71715695,-0.9265576,2.3493376,0.37363186,0.58694005,0.4532415,-0.57747144,0.27732766,1.1898178,-1.7042542,0.98868763,2.2926147,-2.2490814,-0.25351804,-0.9157836,-1.6896123,-1.2948812,2.12421,-1.6314003,-0.70254654,4.3082995,5.816216,0.2626096,1.6198406,-0.2774898,-0.44901562,-0.5931793,-0.06281163,-0.54690516,0.00935325,0.009503171,-0.25816762,-0.30777705,0.19806695,0.1631948,-0.24049313,0.33100048,-0.43882287,0.18480355,-0.17415883,-0.5641054,0.3225987,0.19600064,-0.5486448,0.20743659,0.07947743,-0.65262663,0.54712987,0.38163865,0.32051906,-0.03819862,0.23608623,0.253365,-0.2906754,0.033049226,0.5703224,-0.48398757,0.476646,0.36676818,0.73442245,-0.019643515,-0.04463102,-0.035553172,0.718824,-0.83501625,-0.3003426,-0.28970766,0.01895605,0.29690534,0.09067842,-0.22739735,-0.1248704
QualiSR-Set120/PASD/ava_images___588008.npy.gz,PASD,ava_images___588008.png,../../../mnt/ssd2/29o_rya/datasets/iqa/QualiSR-Set120/sr/PASD/ava_images___588008.png,QualiSR-Set120,ava_images___588008,PASD/ava_images___588008.png,../../../mnt/ssd2/29o_rya/datasets/iqa/QualiSR-Set120/hr/ava_images___588008.png,../../../mnt/ssd2/29o_rya/datasets/iqa/QualiSR-Set120/lr/ava_images___588008.png,train,-5.134717,10.357655,-3.0323858,7.262537,-1.4013574,0.21119332,-0.4789976,0.74201214,1.8662628,-0.4547046,-0.31475493,0.13695845,2.6877189,2.076162,-0.5079795,-0.10757163,-0.02423668,-0.42654812,-0.83449066,1.161753,0.38910794,-1.2630332,-3.5871239,0.7276538,-0.79000616,0.23253457,-2.0836053,0.49856767,0.20312591,-0.012071371,0.22980383,0.042619318,0.12948966,0.120719254,-0.039044127,-0.08178969,-0.13797447,0.20431456,-0.0067254975,0.17992933,0.0088531375,0.112914205,0.0002913475,0.054409415,-0.12644708,-0.13680248,0.2205487,0.22144516,0.00918901,-0.17392744,-0.23978186,0.15953177,0.060441,0.04198958,0.6166343,0.13167727,0.10971257,-0.15620029,-0.23089483,-0.1170755,-0.41377926,-0.28762984,0.38088754,0.3581334,-0.17263985,-0.4436496,-0.48610616,-0.7738522,0.15490519,0.382971,-0.16853969,-0.5332263,0.04924068,0.06990436,-0.2419354
QualiSR-Set120/RealESRGAN/ava_images___588008.npy.gz,RealESRGAN,ava_images___588008.png,../../../mnt/ssd2/29o_rya/datasets/iqa/QualiSR-Set120/sr/RealESRGAN/ava_images___588008.png,QualiSR-Set120,ava_images___588008,RealESRGAN/ava_images___588008.png,../../../mnt/ssd2/29o_rya/datasets/iqa/QualiSR-Set120/hr/ava_images___588008.png,../../../mnt/ssd2/29o_rya/datasets/iqa/QualiSR-Set120/lr/ava_images___588008.png,train,-5.158614,10.359935,-3.064007,7.2795687,-1.3948933,0.21884882,-0.4771698,0.7574836,1.8910891,-0.47373492,-0.30816153,0.13900796,2.6749988,2.068353,-0.5128392,-0.07898331,-0.00560838,-0.431148,-0.822792,1.1611418,0.381701,-1.2735233,-3.623743,0.71443313,-0.76866436,0.25770542,-2.1215582,0.5059023,0.20623024,-0.010814309,0.22935203,0.042785406,0.1300331,0.14272024,0.006587133,-0.074852735,-0.14546311,0.22643021,-0.0060012564,0.20066951,0.022002041,0.18180382,0.006613627,0.055925578,-0.14017278,-0.15734541,0.22249293,0.23284873,0.028684199,-0.1503731,-0.26533908,0.18020737,0.08597687,0.04822503,0.6722522,0.19926697,0.11987516,-0.1709742,-0.2635842,-0.14172433,-0.45322007,-0.3118868,0.39728126,0.39039618,-0.23366557,-0.47657216,-0.5321333,-0.817008,0.19532882,0.39667815,-0.18817075,-0.5847665,0.055683658,0.07922934,-0.2626397
QualiSR-Set120/SUPIR/ava_images___588008.npy.gz,SUPIR,ava_images___588008.png,../../../mnt/ssd2/29o_rya/datasets/iqa/QualiSR-Set120/sr/SUPIR/ava_images___588008.png,QualiSR-Set120,ava_images___588008,SUPIR/ava_images___588008.png,../../../mnt/ssd2/29o_rya/datasets/iqa/QualiSR-Set120/hr/ava_images___588008.png,../../../mnt/ssd2/29o_rya/datasets/iqa/QualiSR-Set120/lr/ava_images___588008.png,train,-5.134717,10.357655,-3.0323858,7.262537,-1.4013574,0.21119332,-0.4789976,0.74201214,1.8662628,-0.4547046,-0.31475493,0.13695845,2.6877189,2.076162,-0.5079795,-0.10757163,-0.02423668,-0.42654812,-0.83449066,1.161753,0.38910794,-1.2630332,-3.5871239,0.7276538,-0.79000616,0.23253457,-2.0836053,0.49856767,0.20312591,-0.012071371,0.22980383,0.042619318,0.12948966,0.120719254,-0.039044127,-0.08178969,-0.13797447,0.20431456,-0.0067254975,0.17992933,0.0088531375,0.112914205,0.0002913475,0.054409415,-0.12644708,-0.13680248,0.2205487,0.22144516,0.00918901,-0.17392744,-0.23978186,0.15953177,0.060441,0.04198958,0.6166343,0.13167727,0.10971257,-0.15620029,-0.23089483,-0.1170755,-0.41377926,-0.28762984,0.38088754,0.3581334,-0.17263985,-0.4436496,-0.48610616,-0.7738522,0.15490519,0.382971,-0.16853969,-0.5332263,0.04924068,0.06990436,-0.2419354
QualiSR-Set120/PASD/ava_images___645845.npy.gz,PASD,ava_images___645845.png,../../../mnt/ssd2/29o_rya/datasets/iqa/QualiSR-Set120/sr/PASD/ava_images___645845.png,QualiSR-Set120,ava_images___645845,PASD/ava_images___645845.png,../../../mnt/ssd2/29o_rya/datasets/iqa/QualiSR-Set120/hr/ava_images___645845.png,../../../mnt/ssd2/29o_rya/datasets/iqa/QualiSR-Set120/lr/ava_images___645845.png,test,0.52542126,1.8294504,0.74146104,0.2227217,-1.1948793,0.22133446,0.9309507,-0.33515978,-1.1577148,0.42420202,-0.2433087,-0.26753217,-0.14249557,0.04385446,0.13650276,-0.59224004,-0.0026183426,-0.3308245,0.09717992,-0.7475459,0.22262879,-0.4043294,0.560464,0.1032694,-1.2776588,-1.0487268,1.0981691,0.61366224,-0.42275494,0.27655244,-0.65931296,0.12591921,0.06694773,-0.7227856,-0.54277915,0.02262707,-0.53299934,-0.12992933,-0.5914345,-0.2181937,0.20054066,0.064951524,-0.04145381,0.41306892,0.26510105,0.32272273,0.03607981,0.07342468,0.05801469,-0.062355354,-0.41973644,0.33437634,0.38220558,0.36261827,-0.021610633,-0.03968209,0.34956533,0.7987748,0.681937,-0.081292674,0.37469602,-0.2903136,-0.48396856,0.5770406,0.1112394,0.3771301,0.10374222,-0.20575827,-0.5941993,-0.60718536,0.17465639,-0.28355682,0.08534947,-0.50955915,-0.09651651
QualiSR-Set120/RealESRGAN/ava_images___645845.npy.gz,RealESRGAN,ava_images___645845.png,../../../mnt/ssd2/29o_rya/datasets/iqa/QualiSR-Set120/sr/RealESRGAN/ava_images___645845.png,QualiSR-Set120,ava_images___645845,RealESRGAN/ava_images___645845.png,../../../mnt/ssd2/29o_rya/datasets/iqa/QualiSR-Set120/hr/ava_images___645845.png,../../../mnt/ssd2/29o_rya/datasets/iqa/QualiSR-Set120/lr/ava_images___645845.png,test,0.5134243,1.8353056,0.74879694,0.20750332,-1.2064283,0.22964036,0.92822826,-0.3429762,-1.1402012,0.4258117,-0.23220375,-0.2517376,-0.13857263,0.06359228,0.13220042,-0.59471285,-0.015925348,-0.32524335,0.11403361,-0.7428492,0.2111272,-0.42412645,0.5669684,0.102514535,-1.2571325,-1.036897,1.087548,0.59626055,-0.36718595,0.2889086,-0.663696,0.11922005,0.06756505,-0.7135398,-0.5248569,0.005793676,-0.5365925,-0.12252548,-0.60012513,-0.20520155,0.2048609,0.072619945,-0.03856884,0.41252246,0.2688267,0.34209168,0.05842021,0.07735498,0.065754,-0.061772972,-0.4208004,0.31220654,0.3730499,0.3647018,-0.018026277,-0.03759528,0.34150532,0.788187,0.6853748,-0.08580598,0.36764467,-0.28882462,-0.49252242,0.5522637,0.13538343,0.37984037,0.11047981,-0.1994535,-0.5985507,-0.6048244,0.16590819,-0.30744326,0.08849192,-0.49186802,-0.107416786
QualiSR-Set120/SUPIR/ava_images___645845.npy.gz,SUPIR,ava_images___645845.png,../../../mnt/ssd2/29o_rya/datasets/iqa/QualiSR-Set120/sr/SUPIR/ava_images___645845.png,QualiSR-Set120,ava_images___645845,SUPIR/ava_images___645845.png,../../../mnt/ssd2/29o_rya/datasets/iqa/QualiSR-Set120/hr/ava_images___645845.png,../../../mnt/ssd2/29o_rya/datasets/iqa/QualiSR-Set120/lr/ava_images___645845.png,test,0.52542126,1.8294504,0.74146104,0.2227217,-1.1948793,0.22133446,0.9309507,-0.33515978,-1.1577148,0.42420202,-0.2433087,-0.26753217,-0.14249557,0.04385446,0.13650276,-0.59224004,-0.0026183426,-0.3308245,0.09717992,-0.7475459,0.22262879,-0.4043294,0.560464,0.1032694,-1.2776588,-1.0487268,1.0981691,0.61366224,-0.42275494,0.27655244,-0.65931296,0.12591921,0.06694773,-0.7227856,-0.54277915,0.02262707,-0.53299934,-0.12992933,-0.5914345,-0.2181937,0.20054066,0.064951524,-0.04145381,0.41306892,0.26510105,0.32272273,0.03607981,0.07342468,0.05801469,-0.062355354,-0.41973644,0.33437634,0.38220558,0.36261827,-0.021610633,-0.03968209,0.34956533,0.7987748,0.681937,-0.081292674,0.37469602,-0.2903136,-0.48396856,0.5770406,0.1112394,0.3771301,0.10374222,-0.20575827,-0.5941993,-0.60718536,0.17465639,-0.28355682,0.08534947,-0.50955915,-0.09651651
QualiSR-Set120/PASD/ava_images___699615.npy.gz,PASD,ava_images___699615.png,../../../mnt/ssd2/29o_rya/datasets/iqa/QualiSR-Set120/sr/PASD/ava_images___699615.png,QualiSR-Set120,ava_images___699615,PASD/ava_images___699615.png,../../../mnt/ssd2/29o_rya/datasets/iqa/QualiSR-Set120/hr/ava_images___699615.png,../../../mnt/ssd2/29o_rya/datasets/iqa/QualiSR-Set120/lr/ava_images___699615.png,train,-0.93543804,-1.1302133,3.0163708,-0.2606799,1.2781993,3.8035002,2.4516857,5.531443,1.8890778,-1.3159747,-0.30897287,1.1692955,-1.3699846,-0.15548864,-0.4722478,-1.7724798,2.1172972,-0.75518376,2.8792162,1.264652,2.927946,2.4246583,1.1801685,0.60160553,-1.1373941,0.6448571,-2.998364,-2.6528113,1.1959978,-1.0224454,0.40390667,-0.9646348,0.23862422,-0.2526374,-0.26592872,-0.2015177,0.31655157,-0.4069645,-0.40635192,0.6173934,-0.75321424,0.4147261,-0.007680103,-1.042186,0.16167292,0.08882919,-0.6365326,0.111030445,0.2727282,-0.9914981,0.6113954,1.1672835,0.100263625,0.5809876,0.08426245,-0.1458974,0.4309505,0.24249902,-0.558546,0.5679719,-0.384026,-0.1498865,-0.25026727,-0.03177488,0.23029107,0.19580692,-0.29854143,0.39917424,0.117015064,0.24787539,-0.0015475154,-0.047575258,-0.234033,-0.11366729,-0.00082907826
QualiSR-Set120/RealESRGAN/ava_images___699615.npy.gz,RealESRGAN,ava_images___699615.png,../../../mnt/ssd2/29o_rya/datasets/iqa/QualiSR-Set120/sr/RealESRGAN/ava_images___699615.png,QualiSR-Set120,ava_images___699615,RealESRGAN/ava_images___699615.png,../../../mnt/ssd2/29o_rya/datasets/iqa/QualiSR-Set120/hr/ava_images___699615.png,../../../mnt/ssd2/29o_rya/datasets/iqa/QualiSR-Set120/lr/ava_images___699615.png,train,-0.93543804,-1.1302133,3.0163708,-0.2606799,1.2781993,3.8035002,2.4516857,5.531443,1.8890778,-1.3159747,-0.30897287,1.1692955,-1.3699846,-0.15548864,-0.4722478,-1.7724798,2.1172972,-0.75518376,2.8792162,1.264652,2.927946,2.4246583,1.1801685,0.60160553,-1.1373941,0.6448571,-2.998364,-2.6528113,1.1959978,-1.0224454,0.40390667,-0.9646348,0.23862422,-0.2526374,-0.26592872,-0.2015177,0.31655157,-0.4069645,-0.40635192,0.6173934,-0.75321424,0.4147261,-0.007680103,-1.042186,0.16167292,0.08882919,-0.6365326,0.111030445,0.2727282,-0.9914981,0.6113954,1.1672835,0.100263625,0.5809876,0.08426245,-0.1458974,0.4309505,0.24249902,-0.558546,0.5679719,-0.384026,-0.1498865,-0.25026727,-0.03177488,0.23029107,0.19580692,-0.29854143,0.39917424,0.117015064,0.24787539,-0.0015475154,-0.047575258,-0.234033,-0.11366729,-0.00082907826
QualiSR-Set120/SUPIR/ava_images___699615.npy.gz,SUPIR,ava_images___699615.png,../../../mnt/ssd2/29o_rya/datasets/iqa/QualiSR-Set120/sr/SUPIR/ava_images___699615.png,QualiSR-Set120,ava_images___699615,SUPIR/ava_images___699615.png,../../../mnt/ssd2/29o_rya/datasets/iqa/QualiSR-Set120/hr/ava_images___699615.png,../../../mnt/ssd2/29o_rya/datasets/iqa/QualiSR-Set120/lr/ava_images___699615.png,train,-0.93543804,-1.1302133,3.0163708,-0.2606799,1.2781993,3.8035002,2.4516857,5.531443,1.8890778,-1.3159747,-0.30897287,1.1692955,-1.3699846,-0.15548864,-0.4722478,-1.7724798,2.1172972,-0.75518376,2.8792162,1.264652,2.927946,2.4246583,1.1801685,0.60160553,-1.1373941,0.6448571,-2.998364,-2.6528113,1.1959978,-1.0224454,0.40390667,-0.9646348,0.23862422,-0.2526374,-0.26592872,-0.2015177,0.31655157,-0.4069645,-0.40635192,0.6173934,-0.75321424,0.4147261,-0.007680103,-1.042186,0.16167292,0.08882919,-0.6365326,0.111030445,0.2727282,-0.9914981,0.6113954,1.1672835,0.100263625,0.5809876,0.08426245,-0.1458974,0.4309505,0.24249902,-0.558546,0.5679719,-0.384026,-0.1498865,-0.25026727,-0.03177488,0.23029107,0.19580692,-0.29854143,0.39917424,0.117015064,0.24787539,-0.0015475154,-0.047575258,-0.234033,-0.11366729,-0.00082907826
QualiSR-Set120/PASD/ava_images___710191.npy.gz,PASD,ava_images___710191.png,../../../mnt/ssd2/29o_rya/datasets/iqa/QualiSR-Set120/sr/PASD/ava_images___710191.png,QualiSR-Set120,ava_images___710191,PASD/ava_images___710191.png,../../../mnt/ssd2/29o_rya/datasets/iqa/QualiSR-Set120/hr/ava_images___710191.png,../../../mnt/ssd2/29o_rya/datasets/iqa/QualiSR-Set120/lr/ava_images___710191.png,train,-0.7133814,-4.060467,-2.4270592,0.7385626,0.022895336,-3.7798448,1.3104514,-2.202088,-2.308546,-4.391923,2.5810964,8.459655,3.186329,-1.6833802,0.3504319,-3.3816073,1.9692378,-1.7522613,-0.8035996,0.60048974,-0.761799,0.2692684,-0.5647845,-1.249697,-0.2882288,0.1865176,0.31577933,-0.36025673,-0.14879006,0.2170105,0.25321445,0.18915752,-0.56726456,-0.22409019,-0.6201163,-1.719903,2.4075801,1.0994439,0.07641469,-1.4053891,-0.16497535,0.058958977,0.359079,0.25024298,-0.09482819,-0.010223269,0.023911953,-0.16229865,0.14732802,0.054917723,0.22444405,0.054847598,-0.061253134,0.022313923,0.12968871,-0.080807656,0.015065372,0.1163497,-0.03283006,0.0826704,-0.050310403,0.026600286,-0.046945065,-0.035978347,0.02848354,-0.0016199499,0.015075393,0.032396287,-0.0023024082,0.033734977,0.011937559,-0.06286289,-0.031743944,0.009546012,0.039784916
QualiSR-Set120/RealESRGAN/ava_images___710191.npy.gz,RealESRGAN,ava_images___710191.png,../../../mnt/ssd2/29o_rya/datasets/iqa/QualiSR-Set120/sr/RealESRGAN/ava_images___710191.png,QualiSR-Set120,ava_images___710191,RealESRGAN/ava_images___710191.png,../../../mnt/ssd2/29o_rya/datasets/iqa/QualiSR-Set120/hr/ava_images___710191.png,../../../mnt/ssd2/29o_rya/datasets/iqa/QualiSR-Set120/lr/ava_images___710191.png,train,-0.6534054,-4.019936,-2.3818028,0.7190101,0.03533995,-3.7779174,1.2931916,-2.1948626,-2.3126698,-4.379447,2.5564716,8.385745,3.1735215,-1.6340138,0.34671164,-3.3199131,1.9432008,-1.7217575,-0.8220117,0.6611226,-0.74996024,0.28357255,-0.57162803,-1.2387681,-0.26256204,0.2116253,0.29388082,-0.37158772,-0.15895423,0.18548739,0.2551399,0.18428156,-0.5729636,-0.16559023,-0.6274346,-1.7517769,2.411354,1.0839881,0.055249438,-1.3922359,-0.17139685,0.060869604,0.37424242,0.2411151,-0.09011489,0.033830076,0.053862795,-0.15424669,0.1495148,0.07393749,0.18229602,0.055888146,-0.07763599,0.030802965,0.14843127,-0.052857116,0.019850224,0.115498215,-0.028136417,0.064960666,-0.06792019,0.065266564,-0.022899851,-0.06371385,0.025674403,-0.024564438,0.018709823,0.04835386,0.01503399,0.04172325,0.008726984,-0.040273376,-0.025088057,0.03768301,0.034838922
QualiSR-Set120/SUPIR/ava_images___710191.npy.gz,SUPIR,ava_images___710191.png,../../../mnt/ssd2/29o_rya/datasets/iqa/QualiSR-Set120/sr/SUPIR/ava_images___710191.png,QualiSR-Set120,ava_images___710191,SUPIR/ava_images___710191.png,../../../mnt/ssd2/29o_rya/datasets/iqa/QualiSR-Set120/hr/ava_images___710191.png,../../../mnt/ssd2/29o_rya/datasets/iqa/QualiSR-Set120/lr/ava_images___710191.png,train,-0.7133814,-4.060467,-2.4270592,0.7385626,0.022895336,-3.7798448,1.3104514,-2.202088,-2.308546,-4.391923,2.5810964,8.459655,3.186329,-1.6833802,0.3504319,-3.3816073,1.9692378,-1.7522613,-0.8035996,0.60048974,-0.761799,0.2692684,-0.5647845,-1.249697,-0.2882288,0.1865176,0.31577933,-0.36025673,-0.14879006,0.2170105,0.25321445,0.18915752,-0.56726456,-0.22409019,-0.6201163,-1.719903,2.4075801,1.0994439,0.07641469,-1.4053891,-0.16497535,0.058958977,0.359079,0.25024298,-0.09482819,-0.010223269,0.023911953,-0.16229865,0.14732802,0.054917723,0.22444405,0.054847598,-0.061253134,0.022313923,0.12968871,-0.080807656,0.015065372,0.1163497,-0.03283006,0.0826704,-0.050310403,0.026600286,-0.046945065,-0.035978347,0.02848354,-0.0016199499,0.015075393,0.032396287,-0.0023024082,0.033734977,0.011937559,-0.06286289,-0.031743944,0.009546012,0.039784916
QualiSR-Set120/PASD/ava_images___737450.npy.gz,PASD,ava_images___737450.png,../../../mnt/ssd2/29o_rya/datasets/iqa/QualiSR-Set120/sr/PASD/ava_images___737450.png,QualiSR-Set120,ava_images___737450,PASD/ava_images___737450.png,../../../mnt/ssd2/29o_rya/datasets/iqa/QualiSR-Set120/hr/ava_images___737450.png,../../../mnt/ssd2/29o_rya/datasets/iqa/QualiSR-Set120/lr/ava_images___737450.png,train,-2.3163652,-0.40408075,0.80610555,-0.32394367,-1.9436044,2.519749,0.21928534,-0.7870902,-0.2823628,0.080629624,0.77112424,0.20385686,-1.9977412,0.3654732,0.091539726,-0.08249152,-0.4466533,-0.044279337,-0.3527516,-0.36269373,0.679284,0.098021865,0.17286208,0.017062403,-0.43372452,0.9715781,0.027954608,-1.4920411,0.08904306,2.7209086,0.19618139,5.7811356,-0.3680897,-0.4276147,0.19940604,0.07681507,-0.0015776679,0.055164814,-0.026049659,0.122763835,-0.23121905,0.06587988,0.052180395,-0.0759328,-0.09470582,0.072013974,0.0577814,-0.036965817,0.15698701,-0.07301594,-0.027891524,-0.035876587,0.011789901,0.011772245,-0.03415461,-0.004389001,-0.11796999,-0.056675732,-0.048054755,-0.045126215,-0.09691775,-0.012349546,-0.035969153,-0.11542565,0.013641328,-0.020416982,-0.008950576,-0.0067251027,-0.025748402,2.591312e-05,0.042357385,-0.05028972,0.008716539,-0.00756149,-0.027045615
QualiSR-Set120/RealESRGAN/ava_images___737450.npy.gz,RealESRGAN,ava_images___737450.png,../../../mnt/ssd2/29o_rya/datasets/iqa/QualiSR-Set120/sr/RealESRGAN/ava_images___737450.png,QualiSR-Set120,ava_images___737450,RealESRGAN/ava_images___737450.png,../../../mnt/ssd2/29o_rya/datasets/iqa/QualiSR-Set120/hr/ava_images___737450.png,../../../mnt/ssd2/29o_rya/datasets/iqa/QualiSR-Set120/lr/ava_images___737450.png,train,-2.3123107,-0.39401478,0.80952984,-0.31853312,-1.9389303,2.5281613,0.21627,-0.78385305,-0.27928343,0.070861116,0.77741855,0.20599803,-1.9972852,0.36007658,0.09131536,-0.08530888,-0.44449207,-0.042779863,-0.35217583,-0.3533979,0.68369365,0.099984825,0.17334099,0.021983594,-0.4400858,0.9694867,0.020407021,-1.5021609,0.0943712,2.717749,0.19606605,5.7772484,-0.36924973,-0.42343575,0.19798104,0.085120395,-0.006394848,0.06411296,-0.023441456,0.12045611,-0.23236781,0.06588346,0.044649363,-0.07459062,-0.09756404,0.073063016,0.060063466,-0.035545975,0.16039318,-0.0675043,-0.0327093,-0.041627944,0.005791124,0.0067044944,-0.040795714,-0.013494732,-0.12145114,-0.058802575,-0.036213323,-0.056356683,-0.093879506,-0.007092133,-0.036621958,-0.113749504,0.009777725,-0.01910844,-0.018574476,-0.008232467,-0.026868045,-3.5375357e-05,0.03933984,-0.047716856,0.0046278536,-0.011985093,-0.028146587
QualiSR-Set120/SUPIR/ava_images___737450.npy.gz,SUPIR,ava_images___737450.png,../../../mnt/ssd2/29o_rya/datasets/iqa/QualiSR-Set120/sr/SUPIR/ava_images___737450.png,QualiSR-Set120,ava_images___737450,SUPIR/ava_images___737450.png,../../../mnt/ssd2/29o_rya/datasets/iqa/QualiSR-Set120/hr/ava_images___737450.png,../../../mnt/ssd2/29o_rya/datasets/iqa/QualiSR-Set120/lr/ava_images___737450.png,train,-2.3163652,-0.40408075,0.80610555,-0.32394367,-1.9436044,2.519749,0.21928534,-0.7870902,-0.2823628,0.080629624,0.77112424,0.20385686,-1.9977412,0.3654732,0.091539726,-0.08249152,-0.4466533,-0.044279337,-0.3527516,-0.36269373,0.679284,0.098021865,0.17286208,0.017062403,-0.43372452,0.9715781,0.027954608,-1.4920411,0.08904306,2.7209086,0.19618139,5.7811356,-0.3680897,-0.4276147,0.19940604,0.07681507,-0.0015776679,0.055164814,-0.026049659,0.122763835,-0.23121905,0.06587988,0.052180395,-0.0759328,-0.09470582,0.072013974,0.0577814,-0.036965817,0.15698701,-0.07301594,-0.027891524,-0.035876587,0.011789901,0.011772245,-0.03415461,-0.004389001,-0.11796999,-0.056675732,-0.048054755,-0.045126215,-0.09691775,-0.012349546,-0.035969153,-0.11542565,0.013641328,-0.020416982,-0.008950576,-0.0067251027,-0.025748402,2.591312e-05,0.042357385,-0.05028972,0.008716539,-0.00756149,-0.027045615
QualiSR-Set120/PASD/ava_images___74410.npy.gz,PASD,ava_images___74410.png,../../../mnt/ssd2/29o_rya/datasets/iqa/QualiSR-Set120/sr/PASD/ava_images___74410.png,QualiSR-Set120,ava_images___74410,PASD/ava_images___74410.png,../../../mnt/ssd2/29o_rya/datasets/iqa/QualiSR-Set120/hr/ava_images___74410.png,../../../mnt/ssd2/29o_rya/datasets/iqa/QualiSR-Set120/lr/ava_images___74410.png,train,-2.3549113,0.93946433,1.135755,-6.706688,-3.485075,-5.27105,-5.7541747,0.977985,5.295015,0.61094105,2.5462804,-1.4732418,1.699268,-0.7138454,0.55854356,-0.2237907,2.0554101,-0.60920906,1.2556136,0.23817337,0.57834166,0.3639794,-0.1334273,0.45074213,-0.6490808,-0.4571275,0.25808924,-0.21692617,-0.76544315,0.72398293,0.40912917,0.337127,1.0896595,2.1333728,-1.999277,-2.323656,-1.9624443,0.5729574,-0.14402202,-0.076566845,-0.11665183,0.39845362,-0.52950996,0.26176327,0.3571427,0.4342273,-0.14577909,-0.2174739,-0.026234865,0.00092835724,0.23707683,-0.323197,0.07730594,-0.025345266,-0.05324325,-0.13353513,0.0038391352,-0.20104909,-0.18034181,0.02164149,0.047438487,-0.096364155,-0.09629676,-0.07811493,0.13192937,-0.14388798,-0.005979039,0.073429465,0.2086213,-0.07729842,-0.07178606,-0.014462523,-0.031173743,-0.06720125,-0.09557439
QualiSR-Set120/RealESRGAN/ava_images___74410.npy.gz,RealESRGAN,ava_images___74410.png,../../../mnt/ssd2/29o_rya/datasets/iqa/QualiSR-Set120/sr/RealESRGAN/ava_images___74410.png,QualiSR-Set120,ava_images___74410,RealESRGAN/ava_images___74410.png,../../../mnt/ssd2/29o_rya/datasets/iqa/QualiSR-Set120/hr/ava_images___74410.png,../../../mnt/ssd2/29o_rya/datasets/iqa/QualiSR-Set120/lr/ava_images___74410.png,train,-2.3204677,0.9604339,1.1337228,-6.7267356,-3.4734726,-5.2750735,-5.741255,0.9921559,5.307352,0.62701076,2.515536,-1.4564534,1.7117962,-0.698364,0.5524329,-0.2365812,2.0508013,-0.6136083,1.2758602,0.23036572,0.56582475,0.35019076,-0.14073323,0.44689286,-0.64449215,-0.4629112,0.26285166,-0.2075687,-0.76374394,0.7239946,0.40115508,0.3388522,1.101299,2.154531,-2.0188482,-2.312405,-1.9604943,0.5768548,-0.14270775,-0.091205835,-0.13267416,0.3978822,-0.5467834,0.26256764,0.3762563,0.4270262,-0.1625192,-0.2195223,-0.030341268,0.0032066405,0.24139287,-0.329584,0.07363467,-0.017326802,-0.053909287,-0.13981275,-0.0012926757,-0.20719498,-0.18340254,0.016222905,0.048521206,-0.10803248,-0.09453107,-0.10340783,0.12713224,-0.147739,-0.012416653,0.08814916,0.23234725,-0.0804677,-0.0819277,0.0034146458,-0.03296881,-0.063148186,-0.0856488
QualiSR-Set120/SUPIR/ava_images___74410.npy.gz,SUPIR,ava_images___74410.png,../../../mnt/ssd2/29o_rya/datasets/iqa/QualiSR-Set120/sr/SUPIR/ava_images___74410.png,QualiSR-Set120,ava_images___74410,SUPIR/ava_images___74410.png,../../../mnt/ssd2/29o_rya/datasets/iqa/QualiSR-Set120/hr/ava_images___74410.png,../../../mnt/ssd2/29o_rya/datasets/iqa/QualiSR-Set120/lr/ava_images___74410.png,train,-2.3549113,0.93946433,1.135755,-6.706688,-3.485075,-5.27105,-5.7541747,0.977985,5.295015,0.61094105,2.5462804,-1.4732418,1.699268,-0.7138454,0.55854356,-0.2237907,2.0554101,-0.60920906,1.2556136,0.23817337,0.57834166,0.3639794,-0.1334273,0.45074213,-0.6490808,-0.4571275,0.25808924,-0.21692617,-0.76544315,0.72398293,0.40912917,0.337127,1.0896595,2.1333728,-1.999277,-2.323656,-1.9624443,0.5729574,-0.14402202,-0.076566845,-0.11665183,0.39845362,-0.52950996,0.26176327,0.3571427,0.4342273,-0.14577909,-0.2174739,-0.026234865,0.00092835724,0.23707683,-0.323197,0.07730594,-0.025345266,-0.05324325,-0.13353513,0.0038391352,-0.20104909,-0.18034181,0.02164149,0.047438487,-0.096364155,-0.09629676,-0.07811493,0.13192937,-0.14388798,-0.005979039,0.073429465,0.2086213,-0.07729842,-0.07178606,-0.014462523,-0.031173743,-0.06720125,-0.09557439
QualiSR-Set120/PASD/ava_images___751927.npy.gz,PASD,ava_images___751927.png,../../../mnt/ssd2/29o_rya/datasets/iqa/QualiSR-Set120/sr/PASD/ava_images___751927.png,QualiSR-Set120,ava_images___751927,PASD/ava_images___751927.png,../../../mnt/ssd2/29o_rya/datasets/iqa/QualiSR-Set120/hr/ava_images___751927.png,../../../mnt/ssd2/29o_rya/datasets/iqa/QualiSR-Set120/lr/ava_images___751927.png,train,-2.1936018,-0.24492802,1.318924,-0.5856285,-2.7272496,1.503027,-0.26551995,-1.9626629,-0.007605031,0.16334698,1.4686127,0.024537392,-1.8525088,-0.46543148,-0.057715967,-1.146438,-0.64012784,0.4345194,-1.2281717,0.37912726,-0.14279014,-0.031079233,0.38325876,-1.1735959,-0.57569194,0.63757217,0.7047117,3.0328171,6.1795197,-1.0177505,0.9182758,-0.42301476,0.066123486,0.15461552,-0.05448468,-0.0022878498,-0.19987094,0.08766949,-0.07496621,0.06251492,-0.24102426,0.05063182,-0.054323062,-0.03669527,-0.007961869,0.2354872,-0.047369912,0.02990669,-0.012324035,0.028166234,0.033564515,0.013674483,-0.019853028,-0.0027591586,0.04871796,-0.030847086,-0.024499804,-0.08291075,0.030848674,-0.055703804,0.07395614,0.0915273,0.051243618,-0.00031757355,0.054175228,-0.016467903,0.008360721,-0.06207764,0.02378562,-0.02185458,0.009684354,0.031622782,-0.015370399,-0.00044308603,-0.02714917
QualiSR-Set120/RealESRGAN/ava_images___751927.npy.gz,RealESRGAN,ava_images___751927.png,../../../mnt/ssd2/29o_rya/datasets/iqa/QualiSR-Set120/sr/RealESRGAN/ava_images___751927.png,QualiSR-Set120,ava_images___751927,RealESRGAN/ava_images___751927.png,../../../mnt/ssd2/29o_rya/datasets/iqa/QualiSR-Set120/hr/ava_images___751927.png,../../../mnt/ssd2/29o_rya/datasets/iqa/QualiSR-Set120/lr/ava_images___751927.png,train,-2.1965969,-0.23034962,1.3245311,-0.5849629,-2.7237253,1.5204382,-0.26278144,-1.9603684,-0.023492292,0.15782163,1.464881,0.023816206,-1.8569796,-0.45989242,-0.06860295,-1.1542277,-0.6384333,0.43934944,-1.2270223,0.3818087,-0.14366281,-0.018526018,0.37678462,-1.1714406,-0.5744102,0.65018624,0.711522,3.023739,6.174238,-0.99976,0.9497078,-0.39852858,0.061852485,0.16460964,-0.05671665,-0.0055175573,-0.20462832,0.09375054,-0.07004757,0.05609402,-0.22798711,0.046820015,-0.05116479,-0.025687039,9.23872e-06,0.23276931,-0.060099736,0.041351005,-0.017459333,0.026976801,0.053186372,0.01881954,-0.01636007,0.0071843266,0.054070137,-0.012900932,-0.015986979,-0.08367184,0.028479248,-0.050628334,0.07652847,0.08778383,0.0455983,0.0048736334,0.05994448,-0.010400981,0.010224842,-0.053545117,0.019036174,-0.013725206,0.008615136,0.035909846,-0.012867302,0.0040633827,-0.02968543
QualiSR-Set120/SUPIR/ava_images___751927.npy.gz,SUPIR,ava_images___751927.png,../../../mnt/ssd2/29o_rya/datasets/iqa/QualiSR-Set120/sr/SUPIR/ava_images___751927.png,QualiSR-Set120,ava_images___751927,SUPIR/ava_images___751927.png,../../../mnt/ssd2/29o_rya/datasets/iqa/QualiSR-Set120/hr/ava_images___751927.png,../../../mnt/ssd2/29o_rya/datasets/iqa/QualiSR-Set120/lr/ava_images___751927.png,train,-2.1936018,-0.24492802,1.318924,-0.5856285,-2.7272496,1.503027,-0.26551995,-1.9626629,-0.007605031,0.16334698,1.4686127,0.024537392,-1.8525088,-0.46543148,-0.057715967,-1.146438,-0.64012784,0.4345194,-1.2281717,0.37912726,-0.14279014,-0.031079233,0.38325876,-1.1735959,-0.57569194,0.63757217,0.7047117,3.0328171,6.1795197,-1.0177505,0.9182758,-0.42301476,0.066123486,0.15461552,-0.05448468,-0.0022878498,-0.19987094,0.08766949,-0.07496621,0.06251492,-0.24102426,0.05063182,-0.054323062,-0.03669527,-0.007961869,0.2354872,-0.047369912,0.02990669,-0.012324035,0.028166234,0.033564515,0.013674483,-0.019853028,-0.0027591586,0.04871796,-0.030847086,-0.024499804,-0.08291075,0.030848674,-0.055703804,0.07395614,0.0915273,0.051243618,-0.00031757355,0.054175228,-0.016467903,0.008360721,-0.06207764,0.02378562,-0.02185458,0.009684354,0.031622782,-0.015370399,-0.00044308603,-0.02714917
QualiSR-Set120/PASD/ava_images___773899.npy.gz,PASD,ava_images___773899.png,../../../mnt/ssd2/29o_rya/datasets/iqa/QualiSR-Set120/sr/PASD/ava_images___773899.png,QualiSR-Set120,ava_images___773899,PASD/ava_images___773899.png,../../../mnt/ssd2/29o_rya/datasets/iqa/QualiSR-Set120/hr/ava_images___773899.png,../../../mnt/ssd2/29o_rya/datasets/iqa/QualiSR-Set120/lr/ava_images___773899.png,train,0.3840691,-1.8312998,-3.544865,-2.6440415,2.2382493,-1.7073805,1.7613823,-1.765713,2.0468976,-4.3843484,-3.1188414,-1.5532198,-0.6682093,1.4552865,-2.0899732,1.7558744,0.2420429,0.019199684,-0.13941522,3.4717286,-0.5517396,0.11155385,-0.7054633,1.1820238,0.93877864,-4.887813,0.6840929,-1.2719574,1.6617553,0.12840527,0.4349639,0.47379982,0.36075822,0.06829311,0.3580687,-0.10241271,0.63834935,0.81361866,-0.24690671,0.78875744,0.28926682,-0.14042053,0.33157772,-1.6284521,1.2136824,-0.023183212,0.32936913,-0.7405751,0.0435459,0.6115134,-0.9157026,-0.28543895,0.3460953,0.13571477,0.08920115,0.24922694,-0.13413078,-0.17484361,-0.120965034,0.06902082,0.28660744,-0.22615246,0.23390761,0.34753042,0.23503476,-0.0542012,-0.2292175,0.32234022,-0.0013758838,-0.326711,0.03871478,-0.024655282,0.060128883,-0.09754251,-0.08398274
QualiSR-Set120/RealESRGAN/ava_images___773899.npy.gz,RealESRGAN,ava_images___773899.png,../../../mnt/ssd2/29o_rya/datasets/iqa/QualiSR-Set120/sr/RealESRGAN/ava_images___773899.png,QualiSR-Set120,ava_images___773899,RealESRGAN/ava_images___773899.png,../../../mnt/ssd2/29o_rya/datasets/iqa/QualiSR-Set120/hr/ava_images___773899.png,../../../mnt/ssd2/29o_rya/datasets/iqa/QualiSR-Set120/lr/ava_images___773899.png,train,0.35167158,-1.744454,-3.4639657,-2.653825,2.2045026,-1.6193635,1.7717142,-1.7231512,2.028701,-4.317068,-3.104137,-1.5557351,-0.63281727,1.4206446,-2.0218496,1.7229431,0.25924885,0.02629903,-0.18914825,3.414839,-0.5637455,0.14484924,-0.70659745,1.2177447,0.8760904,-4.830605,0.70333016,-1.266674,1.6304916,0.115780294,0.45314148,0.5053734,0.3511802,0.112527385,0.4081658,-0.1180616,0.620222,0.79345965,-0.26281145,0.74618685,0.28332764,-0.09851808,0.29431418,-1.5554173,1.1136594,-0.056784034,0.29403394,-0.67549086,0.012164533,0.58026457,-0.83700746,-0.27838355,0.33104965,0.115337074,0.12902476,0.2022335,-0.09278017,-0.13470122,-0.1638647,-0.0059316456,0.31902772,-0.20822282,0.24048713,0.30958754,0.25721425,-0.018635735,-0.21854055,0.31002262,-0.0017870963,-0.35126895,0.030806676,-0.059517793,0.0040106773,-0.1382184,-0.037544765
QualiSR-Set120/SUPIR/ava_images___773899.npy.gz,SUPIR,ava_images___773899.png,../../../mnt/ssd2/29o_rya/datasets/iqa/QualiSR-Set120/sr/SUPIR/ava_images___773899.png,QualiSR-Set120,ava_images___773899,SUPIR/ava_images___773899.png,../../../mnt/ssd2/29o_rya/datasets/iqa/QualiSR-Set120/hr/ava_images___773899.png,../../../mnt/ssd2/29o_rya/datasets/iqa/QualiSR-Set120/lr/ava_images___773899.png,train,0.3840691,-1.8312998,-3.544865,-2.6440415,2.2382493,-1.7073805,1.7613823,-1.765713,2.0468976,-4.3843484,-3.1188414,-1.5532198,-0.6682093,1.4552865,-2.0899732,1.7558744,0.2420429,0.019199684,-0.13941522,3.4717286,-0.5517396,0.11155385,-0.7054633,1.1820238,0.93877864,-4.887813,0.6840929,-1.2719574,1.6617553,0.12840527,0.4349639,0.47379982,0.36075822,0.06829311,0.3580687,-0.10241271,0.63834935,0.81361866,-0.24690671,0.78875744,0.28926682,-0.14042053,0.33157772,-1.6284521,1.2136824,-0.023183212,0.32936913,-0.7405751,0.0435459,0.6115134,-0.9157026,-0.28543895,0.3460953,0.13571477,0.08920115,0.24922694,-0.13413078,-0.17484361,-0.120965034,0.06902082,0.28660744,-0.22615246,0.23390761,0.34753042,0.23503476,-0.0542012,-0.2292175,0.32234022,-0.0013758838,-0.326711,0.03871478,-0.024655282,0.060128883,-0.09754251,-0.08398274
QualiSR-Set120/PASD/ava_images___827653.npy.gz,PASD,ava_images___827653.png,../../../mnt/ssd2/29o_rya/datasets/iqa/QualiSR-Set120/sr/PASD/ava_images___827653.png,QualiSR-Set120,ava_images___827653,PASD/ava_images___827653.png,../../../mnt/ssd2/29o_rya/datasets/iqa/QualiSR-Set120/hr/ava_images___827653.png,../../../mnt/ssd2/29o_rya/datasets/iqa/QualiSR-Set120/lr/ava_images___827653.png,test,1.856424,0.17904449,-1.7293594,0.013142705,1.8402766,0.040575147,0.6932847,0.23352134,1.0746442,1.2317134,0.74537104,0.6500642,-1.5618508,-0.15114689,1.689684,0.069705665,-0.35926902,0.07473308,-0.9269958,-2.3008664,0.547471,-0.6713619,0.1770539,1.042287,0.8979528,0.012077004,-0.8820677,0.45872846,0.1429767,0.17400563,-0.2197806,-0.5620564,0.5050242,0.35636243,-0.26877686,0.5037322,0.17533624,0.053165466,-0.25459334,0.12257592,-0.092182755,0.62581706,-0.7735956,-0.15557292,0.033938378,-0.24602522,-0.7080513,0.038814828,0.4498291,0.32330537,-0.5429203,0.00706622,-0.22700627,-0.4227866,0.10412169,-0.6252394,-0.07596946,0.24031167,-0.2603269,0.26716417,0.2895372,-0.065414354,0.12726197,-0.49949205,-0.13689809,0.45645177,0.0043941513,-0.38549808,0.66345394,0.20984873,-1.1377265,0.47808743,0.6434328,-0.57894194,-0.041519254
QualiSR-Set120/RealESRGAN/ava_images___827653.npy.gz,RealESRGAN,ava_images___827653.png,../../../mnt/ssd2/29o_rya/datasets/iqa/QualiSR-Set120/sr/RealESRGAN/ava_images___827653.png,QualiSR-Set120,ava_images___827653,RealESRGAN/ava_images___827653.png,../../../mnt/ssd2/29o_rya/datasets/iqa/QualiSR-Set120/hr/ava_images___827653.png,../../../mnt/ssd2/29o_rya/datasets/iqa/QualiSR-Set120/lr/ava_images___827653.png,test,1.856424,0.17904449,-1.7293594,0.013142705,1.8402766,0.040575147,0.6932847,0.23352134,1.0746442,1.2317134,0.74537104,0.6500642,-1.5618508,-0.15114689,1.689684,0.069705665,-0.35926902,0.07473308,-0.9269958,-2.3008664,0.547471,-0.6713619,0.1770539,1.042287,0.8979528,0.012077004,-0.8820677,0.45872846,0.1429767,0.17400563,-0.2197806,-0.5620564,0.5050242,0.35636243,-0.26877686,0.5037322,0.17533624,0.053165466,-0.25459334,0.12257592,-0.092182755,0.62581706,-0.7735956,-0.15557292,0.033938378,-0.24602522,-0.7080513,0.038814828,0.4498291,0.32330537,-0.5429203,0.00706622,-0.22700627,-0.4227866,0.10412169,-0.6252394,-0.07596946,0.24031167,-0.2603269,0.26716417,0.2895372,-0.065414354,0.12726197,-0.49949205,-0.13689809,0.45645177,0.0043941513,-0.38549808,0.66345394,0.20984873,-1.1377265,0.47808743,0.6434328,-0.57894194,-0.041519254
QualiSR-Set120/SUPIR/ava_images___827653.npy.gz,SUPIR,ava_images___827653.png,../../../mnt/ssd2/29o_rya/datasets/iqa/QualiSR-Set120/sr/SUPIR/ava_images___827653.png,QualiSR-Set120,ava_images___827653,SUPIR/ava_images___827653.png,../../../mnt/ssd2/29o_rya/datasets/iqa/QualiSR-Set120/hr/ava_images___827653.png,../../../mnt/ssd2/29o_rya/datasets/iqa/QualiSR-Set120/lr/ava_images___827653.png,test,1.856424,0.17904449,-1.7293594,0.013142705,1.8402766,0.040575147,0.6932847,0.23352134,1.0746442,1.2317134,0.74537104,0.6500642,-1.5618508,-0.15114689,1.689684,0.069705665,-0.35926902,0.07473308,-0.9269958,-2.3008664,0.547471,-0.6713619,0.1770539,1.042287,0.8979528,0.012077004,-0.8820677,0.45872846,0.1429767,0.17400563,-0.2197806,-0.5620564,0.5050242,0.35636243,-0.26877686,0.5037322,0.17533624,0.053165466,-0.25459334,0.12257592,-0.092182755,0.62581706,-0.7735956,-0.15557292,0.033938378,-0.24602522,-0.7080513,0.038814828,0.4498291,0.32330537,-0.5429203,0.00706622,-0.22700627,-0.4227866,0.10412169,-0.6252394,-0.07596946,0.24031167,-0.2603269,0.26716417,0.2895372,-0.065414354,0.12726197,-0.49949205,-0.13689809,0.45645177,0.0043941513,-0.38549808,0.66345394,0.20984873,-1.1377265,0.47808743,0.6434328,-0.57894194,-0.041519254
QualiSR-Set120/PASD/ava_images___842206.npy.gz,PASD,ava_images___842206.png,../../../mnt/ssd2/29o_rya/datasets/iqa/QualiSR-Set120/sr/PASD/ava_images___842206.png,QualiSR-Set120,ava_images___842206,PASD/ava_images___842206.png,../../../mnt/ssd2/29o_rya/datasets/iqa/QualiSR-Set120/hr/ava_images___842206.png,../../../mnt/ssd2/29o_rya/datasets/iqa/QualiSR-Set120/lr/ava_images___842206.png,test,-0.4898485,-2.0128565,3.1609373,2.4554784,0.73063433,-0.22004199,-1.4919947,-1.5635796,0.05722359,0.5716372,-1.2100058,-0.4632221,0.027611256,-1.177793,-0.14191759,0.045148194,0.80221134,-0.34385598,-2.0553734,-1.135557,-1.5964588,0.45050174,-0.97194624,-1.1824502,-0.080059916,-0.4060064,0.061809063,-0.76687276,0.051192597,0.08873838,0.09609001,0.5155499,-0.81017196,0.77707267,0.28228134,-0.030618235,-0.14826182,-0.22410579,0.34794962,0.49954143,0.18348712,-0.46176073,0.39942217,0.2089668,-0.50292367,0.4629163,-0.046871975,0.6769278,-0.5519353,0.07298912,0.47401434,-0.18387729,0.4355869,-0.034589022,-0.3179242,0.9127408,-0.34289908,0.27169096,-0.41268536,-0.34094486,0.18861684,0.16437373,0.08699393,0.55713975,0.05992526,-0.60265666,-0.017694026,-0.008213997,0.112513974,-0.06675041,0.32848585,-0.18776229,0.14271277,-0.072326764,-0.10501147
QualiSR-Set120/RealESRGAN/ava_images___842206.npy.gz,RealESRGAN,ava_images___842206.png,../../../mnt/ssd2/29o_rya/datasets/iqa/QualiSR-Set120/sr/RealESRGAN/ava_images___842206.png,QualiSR-Set120,ava_images___842206,RealESRGAN/ava_images___842206.png,../../../mnt/ssd2/29o_rya/datasets/iqa/QualiSR-Set120/hr/ava_images___842206.png,../../../mnt/ssd2/29o_rya/datasets/iqa/QualiSR-Set120/lr/ava_images___842206.png,test,-0.4898485,-2.0128565,3.1609373,2.4554784,0.73063433,-0.22004199,-1.4919947,-1.5635796,0.05722359,0.5716372,-1.2100058,-0.4632221,0.027611256,-1.177793,-0.14191759,0.045148194,0.80221134,-0.34385598,-2.0553734,-1.135557,-1.5964588,0.45050174,-0.97194624,-1.1824502,-0.080059916,-0.4060064,0.061809063,-0.76687276,0.051192597,0.08873838,0.09609001,0.5155499,-0.81017196,0.77707267,0.28228134,-0.030618235,-0.14826182,-0.22410579,0.34794962,0.49954143,0.18348712,-0.46176073,0.39942217,0.2089668,-0.50292367,0.4629163,-0.046871975,0.6769278,-0.5519353,0.07298912,0.47401434,-0.18387729,0.4355869,-0.034589022,-0.3179242,0.9127408,-0.34289908,0.27169096,-0.41268536,-0.34094486,0.18861684,0.16437373,0.08699393,0.55713975,0.05992526,-0.60265666,-0.017694026,-0.008213997,0.112513974,-0.06675041,0.32848585,-0.18776229,0.14271277,-0.072326764,-0.10501147
QualiSR-Set120/SUPIR/ava_images___842206.npy.gz,SUPIR,ava_images___842206.png,../../../mnt/ssd2/29o_rya/datasets/iqa/QualiSR-Set120/sr/SUPIR/ava_images___842206.png,QualiSR-Set120,ava_images___842206,SUPIR/ava_images___842206.png,../../../mnt/ssd2/29o_rya/datasets/iqa/QualiSR-Set120/hr/ava_images___842206.png,../../../mnt/ssd2/29o_rya/datasets/iqa/QualiSR-Set120/lr/ava_images___842206.png,test,-0.4898485,-2.0128565,3.1609373,2.4554784,0.73063433,-0.22004199,-1.4919947,-1.5635796,0.05722359,0.5716372,-1.2100058,-0.4632221,0.027611256,-1.177793,-0.14191759,0.045148194,0.80221134,-0.34385598,-2.0553734,-1.135557,-1.5964588,0.45050174,-0.97194624,-1.1824502,-0.080059916,-0.4060064,0.061809063,-0.76687276,0.051192597,0.08873838,0.09609001,0.5155499,-0.81017196,0.77707267,0.28228134,-0.030618235,-0.14826182,-0.22410579,0.34794962,0.49954143,0.18348712,-0.46176073,0.39942217,0.2089668,-0.50292367,0.4629163,-0.046871975,0.6769278,-0.5519353,0.07298912,0.47401434,-0.18387729,0.4355869,-0.034589022,-0.3179242,0.9127408,-0.34289908,0.27169096,-0.41268536,-0.34094486,0.18861684,0.16437373,0.08699393,0.55713975,0.05992526,-0.60265666,-0.017694026,-0.008213997,0.112513974,-0.06675041,0.32848585,-0.18776229,0.14271277,-0.072326764,-0.10501147
QualiSR-Set120/PASD/ava_images___846773.npy.gz,PASD,ava_images___846773.png,../../../mnt/ssd2/29o_rya/datasets/iqa/QualiSR-Set120/sr/PASD/ava_images___846773.png,QualiSR-Set120,ava_images___846773,PASD/ava_images___846773.png,../../../mnt/ssd2/29o_rya/datasets/iqa/QualiSR-Set120/hr/ava_images___846773.png,../../../mnt/ssd2/29o_rya/datasets/iqa/QualiSR-Set120/lr/ava_images___846773.png,train,-2.1530633,-3.3428504,7.992511,3.6761718,6.6949577,-1.378366,-0.12383498,0.30309796,2.8620434,1.8261547,-1.7598543,-1.8726279,1.4988719,-1.0949402,-1.5736492,-0.9899051,1.6947062,-1.6531751,-2.1151812,-0.4346366,-3.7114346,-1.4519207,-0.05731328,-0.6276629,0.72286785,0.6866886,0.24137956,-1.1183639,0.6502573,0.2840731,0.20198178,0.27089962,-0.012423128,0.1458482,0.014757529,-0.24898973,0.09197007,0.02316001,0.072857425,0.20183332,0.005704999,-0.30119476,0.15072979,-0.023108125,0.04736525,0.13643181,-0.03133507,0.4193217,-0.0064870715,0.40139332,-0.0072439834,0.20068404,0.13473402,-0.12187521,0.11687762,0.3082862,-0.21873015,-0.12445736,0.040134314,-0.0864239,0.042755216,-0.20425002,0.06967324,-0.29252458,-0.011753738,0.2316054,-0.12873378,0.14443798,0.0070484877,-0.047091573,-0.058242008,0.17764078,-0.22334135,-0.18272278,-0.23571283
QualiSR-Set120/RealESRGAN/ava_images___846773.npy.gz,RealESRGAN,ava_images___846773.png,../../../mnt/ssd2/29o_rya/datasets/iqa/QualiSR-Set120/sr/RealESRGAN/ava_images___846773.png,QualiSR-Set120,ava_images___846773,RealESRGAN/ava_images___846773.png,../../../mnt/ssd2/29o_rya/datasets/iqa/QualiSR-Set120/hr/ava_images___846773.png,../../../mnt/ssd2/29o_rya/datasets/iqa/QualiSR-Set120/lr/ava_images___846773.png,train,-2.1530633,-3.3428504,7.992511,3.6761718,6.6949577,-1.378366,-0.12383498,0.30309796,2.8620434,1.8261547,-1.7598543,-1.8726279,1.4988719,-1.0949402,-1.5736492,-0.9899051,1.6947062,-1.6531751,-2.1151812,-0.4346366,-3.7114346,-1.4519207,-0.05731328,-0.6276629,0.72286785,0.6866886,0.24137956,-1.1183639,0.6502573,0.2840731,0.20198178,0.27089962,-0.012423128,0.1458482,0.014757529,-0.24898973,0.09197007,0.02316001,0.072857425,0.20183332,0.005704999,-0.30119476,0.15072979,-0.023108125,0.04736525,0.13643181,-0.03133507,0.4193217,-0.0064870715,0.40139332,-0.0072439834,0.20068404,0.13473402,-0.12187521,0.11687762,0.3082862,-0.21873015,-0.12445736,0.040134314,-0.0864239,0.042755216,-0.20425002,0.06967324,-0.29252458,-0.011753738,0.2316054,-0.12873378,0.14443798,0.0070484877,-0.047091573,-0.058242008,0.17764078,-0.22334135,-0.18272278,-0.23571283
QualiSR-Set120/SUPIR/ava_images___846773.npy.gz,SUPIR,ava_images___846773.png,../../../mnt/ssd2/29o_rya/datasets/iqa/QualiSR-Set120/sr/SUPIR/ava_images___846773.png,QualiSR-Set120,ava_images___846773,SUPIR/ava_images___846773.png,../../../mnt/ssd2/29o_rya/datasets/iqa/QualiSR-Set120/hr/ava_images___846773.png,../../../mnt/ssd2/29o_rya/datasets/iqa/QualiSR-Set120/lr/ava_images___846773.png,train,-2.1530633,-3.3428504,7.992511,3.6761718,6.6949577,-1.378366,-0.12383498,0.30309796,2.8620434,1.8261547,-1.7598543,-1.8726279,1.4988719,-1.0949402,-1.5736492,-0.9899051,1.6947062,-1.6531751,-2.1151812,-0.4346366,-3.7114346,-1.4519207,-0.05731328,-0.6276629,0.72286785,0.6866886,0.24137956,-1.1183639,0.6502573,0.2840731,0.20198178,0.27089962,-0.012423128,0.1458482,0.014757529,-0.24898973,0.09197007,0.02316001,0.072857425,0.20183332,0.005704999,-0.30119476,0.15072979,-0.023108125,0.04736525,0.13643181,-0.03133507,0.4193217,-0.0064870715,0.40139332,-0.0072439834,0.20068404,0.13473402,-0.12187521,0.11687762,0.3082862,-0.21873015,-0.12445736,0.040134314,-0.0864239,0.042755216,-0.20425002,0.06967324,-0.29252458,-0.011753738,0.2316054,-0.12873378,0.14443798,0.0070484877,-0.047091573,-0.058242008,0.17764078,-0.22334135,-0.18272278,-0.23571283
QualiSR-Set120/PASD/ava_images___857447.npy.gz,PASD,ava_images___857447.png,../../../mnt/ssd2/29o_rya/datasets/iqa/QualiSR-Set120/sr/PASD/ava_images___857447.png,QualiSR-Set120,ava_images___857447,PASD/ava_images___857447.png,../../../mnt/ssd2/29o_rya/datasets/iqa/QualiSR-Set120/hr/ava_images___857447.png,../../../mnt/ssd2/29o_rya/datasets/iqa/QualiSR-Set120/lr/ava_images___857447.png,train,-0.84651494,-3.2528317,4.768632,4.2552133,2.6287942,-4.8599343,0.19486292,-4.797686,0.023585081,0.22940075,1.5164056,0.15692583,0.5125849,0.3894161,-0.86596847,1.7242575,-2.4561775,3.5558388,3.5119424,1.7045695,3.298352,0.5853569,-0.14324008,1.558892,0.41510817,0.97493273,0.063788205,0.46048287,-0.41849065,-0.18673939,-0.07006485,0.34559375,0.44628134,-0.15361083,-0.34713805,-0.21129309,-0.1088701,-0.40765166,0.20188822,-0.17621496,0.00037634373,-0.55751336,0.6779791,0.16616033,0.42680612,0.5681692,-0.58200693,1.3978885,-0.3678098,1.4433612,-0.18894696,0.8844808,-0.80134505,0.866032,0.08209917,0.0969026,0.17782617,-0.012019753,0.18750256,-0.013461173,0.05780793,-0.10594733,-0.06385109,0.10040924,0.18208542,-0.11521067,0.058118217,-0.11172426,-0.029121071,0.089588344,0.12565272,0.13869025,0.12982914,-0.078517035,0.033281796
QualiSR-Set120/RealESRGAN/ava_images___857447.npy.gz,RealESRGAN,ava_images___857447.png,../../../mnt/ssd2/29o_rya/datasets/iqa/QualiSR-Set120/sr/RealESRGAN/ava_images___857447.png,QualiSR-Set120,ava_images___857447,RealESRGAN/ava_images___857447.png,../../../mnt/ssd2/29o_rya/datasets/iqa/QualiSR-Set120/hr/ava_images___857447.png,../../../mnt/ssd2/29o_rya/datasets/iqa/QualiSR-Set120/lr/ava_images___857447.png,train,-0.83264863,-3.2416658,4.7379217,4.2533555,2.5976257,-4.8460555,0.21982592,-4.8109145,0.006778091,0.2370499,1.4973172,0.118290454,0.49694622,0.41266707,-0.8641788,1.7286506,-2.448209,3.5722497,3.5274215,1.7078443,3.3369446,0.60676605,-0.12817599,1.5810175,0.38692972,0.9712328,0.06874204,0.49041775,-0.45134515,-0.19168133,-0.06037098,0.3431936,0.46693093,-0.16636276,-0.33001095,-0.22498305,-0.08922346,-0.41009688,0.19959666,-0.17473097,-0.013251603,-0.53801334,0.6732765,0.17668353,0.44204774,0.55166066,-0.5821402,1.3688598,-0.3801585,1.4516141,-0.20264904,0.8986871,-0.7932886,0.85247314,0.082170755,0.07168173,0.19476727,0.0032897592,0.1780528,-0.018633649,0.06490314,-0.08599897,-0.07042177,0.08860847,0.167925,-0.14277202,0.05509653,-0.114300415,-0.04042852,0.10875735,0.13497978,0.16170026,0.14246705,-0.09076458,0.038531937
QualiSR-Set120/SUPIR/ava_images___857447.npy.gz,SUPIR,ava_images___857447.png,../../../mnt/ssd2/29o_rya/datasets/iqa/QualiSR-Set120/sr/SUPIR/ava_images___857447.png,QualiSR-Set120,ava_images___857447,SUPIR/ava_images___857447.png,../../../mnt/ssd2/29o_rya/datasets/iqa/QualiSR-Set120/hr/ava_images___857447.png,../../../mnt/ssd2/29o_rya/datasets/iqa/QualiSR-Set120/lr/ava_images___857447.png,train,-0.84651494,-3.2528317,4.768632,4.2552133,2.6287942,-4.8599343,0.19486292,-4.797686,0.023585081,0.22940075,1.5164056,0.15692583,0.5125849,0.3894161,-0.86596847,1.7242575,-2.4561775,3.5558388,3.5119424,1.7045695,3.298352,0.5853569,-0.14324008,1.558892,0.41510817,0.97493273,0.063788205,0.46048287,-0.41849065,-0.18673939,-0.07006485,0.34559375,0.44628134,-0.15361083,-0.34713805,-0.21129309,-0.1088701,-0.40765166,0.20188822,-0.17621496,0.00037634373,-0.55751336,0.6779791,0.16616033,0.42680612,0.5681692,-0.58200693,1.3978885,-0.3678098,1.4433612,-0.18894696,0.8844808,-0.80134505,0.866032,0.08209917,0.0969026,0.17782617,-0.012019753,0.18750256,-0.013461173,0.05780793,-0.10594733,-0.06385109,0.10040924,0.18208542,-0.11521067,0.058118217,-0.11172426,-0.029121071,0.089588344,0.12565272,0.13869025,0.12982914,-0.078517035,0.033281796
QualiSR-Set120/PASD/ava_images___864250.npy.gz,PASD,ava_images___864250.png,../../../mnt/ssd2/29o_rya/datasets/iqa/QualiSR-Set120/sr/PASD/ava_images___864250.png,QualiSR-Set120,ava_images___864250,PASD/ava_images___864250.png,../../../mnt/ssd2/29o_rya/datasets/iqa/QualiSR-Set120/hr/ava_images___864250.png,../../../mnt/ssd2/29o_rya/datasets/iqa/QualiSR-Set120/lr/ava_images___864250.png,train,2.1191049,-2.9850016,1.3742402,3.1207156,0.31458616,-1.7678618,-0.6658489,-0.92507786,1.1757174,2.026118,-2.3033855,1.6845754,-1.7571417,2.5916722,6.741233,-0.027940989,0.009150028,-1.2055115,1.8134934,-3.58639,0.97399247,-0.5733199,-0.7429451,-1.4882731,-1.88525,-3.7579894,-0.48372978,0.20225549,0.31313324,0.053896785,0.28627884,-0.008759379,0.4163957,-0.22391802,-0.048285052,-0.12485699,0.29199857,0.13797766,-0.19072063,0.8076502,0.1066367,-1.0452183,0.025671467,0.34043995,-0.2926423,0.5519313,-0.2762612,0.5619514,0.22272122,0.32629794,0.40548718,0.36623573,1.3969485,-1.188295,0.31216216,0.1545278,-0.3794943,-0.024809957,-0.2904418,0.012152463,-0.015148759,0.000919953,-0.19741759,-0.080806315,-0.18499348,0.03716685,-0.21850029,0.1213484,0.033403844,0.05924639,0.070402,0.042371973,0.10148591,-0.035227545,0.116469294
QualiSR-Set120/RealESRGAN/ava_images___864250.npy.gz,RealESRGAN,ava_images___864250.png,../../../mnt/ssd2/29o_rya/datasets/iqa/QualiSR-Set120/sr/RealESRGAN/ava_images___864250.png,QualiSR-Set120,ava_images___864250,RealESRGAN/ava_images___864250.png,../../../mnt/ssd2/29o_rya/datasets/iqa/QualiSR-Set120/hr/ava_images___864250.png,../../../mnt/ssd2/29o_rya/datasets/iqa/QualiSR-Set120/lr/ava_images___864250.png,train,2.1191049,-2.9850016,1.3742402,3.1207156,0.31458616,-1.7678618,-0.6658489,-0.92507786,1.1757174,2.026118,-2.3033855,1.6845754,-1.7571417,2.5916722,6.741233,-0.027940989,0.009150028,-1.2055115,1.8134934,-3.58639,0.97399247,-0.5733199,-0.7429451,-1.4882731,-1.88525,-3.7579894,-0.48372978,0.20225549,0.31313324,0.053896785,0.28627884,-0.008759379,0.4163957,-0.22391802,-0.048285052,-0.12485699,0.29199857,0.13797766,-0.19072063,0.8076502,0.1066367,-1.0452183,0.025671467,0.34043995,-0.2926423,0.5519313,-0.2762612,0.5619514,0.22272122,0.32629794,0.40548718,0.36623573,1.3969485,-1.188295,0.31216216,0.1545278,-0.3794943,-0.024809957,-0.2904418,0.012152463,-0.015148759,0.000919953,-0.19741759,-0.080806315,-0.18499348,0.03716685,-0.21850029,0.1213484,0.033403844,0.05924639,0.070402,0.042371973,0.10148591,-0.035227545,0.116469294
QualiSR-Set120/SUPIR/ava_images___864250.npy.gz,SUPIR,ava_images___864250.png,../../../mnt/ssd2/29o_rya/datasets/iqa/QualiSR-Set120/sr/SUPIR/ava_images___864250.png,QualiSR-Set120,ava_images___864250,SUPIR/ava_images___864250.png,../../../mnt/ssd2/29o_rya/datasets/iqa/QualiSR-Set120/hr/ava_images___864250.png,../../../mnt/ssd2/29o_rya/datasets/iqa/QualiSR-Set120/lr/ava_images___864250.png,train,2.1191049,-2.9850016,1.3742402,3.1207156,0.31458616,-1.7678618,-0.6658489,-0.92507786,1.1757174,2.026118,-2.3033855,1.6845754,-1.7571417,2.5916722,6.741233,-0.027940989,0.009150028,-1.2055115,1.8134934,-3.58639,0.97399247,-0.5733199,-0.7429451,-1.4882731,-1.88525,-3.7579894,-0.48372978,0.20225549,0.31313324,0.053896785,0.28627884,-0.008759379,0.4163957,-0.22391802,-0.048285052,-0.12485699,0.29199857,0.13797766,-0.19072063,0.8076502,0.1066367,-1.0452183,0.025671467,0.34043995,-0.2926423,0.5519313,-0.2762612,0.5619514,0.22272122,0.32629794,0.40548718,0.36623573,1.3969485,-1.188295,0.31216216,0.1545278,-0.3794943,-0.024809957,-0.2904418,0.012152463,-0.015148759,0.000919953,-0.19741759,-0.080806315,-0.18499348,0.03716685,-0.21850029,0.1213484,0.033403844,0.05924639,0.070402,0.042371973,0.10148591,-0.035227545,0.116469294
QualiSR-Set120/PASD/ava_images___865616.npy.gz,PASD,ava_images___865616.png,../../../mnt/ssd2/29o_rya/datasets/iqa/QualiSR-Set120/sr/PASD/ava_images___865616.png,QualiSR-Set120,ava_images___865616,PASD/ava_images___865616.png,../../../mnt/ssd2/29o_rya/datasets/iqa/QualiSR-Set120/hr/ava_images___865616.png,../../../mnt/ssd2/29o_rya/datasets/iqa/QualiSR-Set120/lr/ava_images___865616.png,train,6.7749004,1.2229763,1.4961436,0.3098685,-0.5716579,-0.4143963,1.9767294,-0.12934768,-3.5045967,1.0811411,5.894813,-2.6311746,0.32266867,4.856505,-1.3775108,-0.61214757,3.4597597,-1.5147432,3.1786222,-0.5019507,-2.0988052,0.38679785,-1.063713,0.56066275,1.0139688,-1.0217484,-0.15943992,-0.33636382,0.27148604,-0.047868073,0.12989098,0.027692825,-0.30763867,-0.07662055,0.09737216,0.17485909,0.09672146,-0.0026384592,-0.065351896,0.08129834,-0.6150117,0.17025796,-0.07834771,-0.24232298,-1.272187,1.2289627,1.1100236,-0.7264937,-1.7074337,0.08269389,-0.048884798,0.46703824,-0.09383388,0.06584254,0.13898818,0.1211018,0.050313205,-0.21783394,0.019860595,-0.1383666,0.036461398,0.22289665,0.11960083,0.14647001,-0.06768204,0.08100471,0.08464257,0.12669748,0.24369177,-0.11862138,0.08612095,0.069070265,-0.04360065,0.01754585,-0.011002488
QualiSR-Set120/RealESRGAN/ava_images___865616.npy.gz,RealESRGAN,ava_images___865616.png,../../../mnt/ssd2/29o_rya/datasets/iqa/QualiSR-Set120/sr/RealESRGAN/ava_images___865616.png,QualiSR-Set120,ava_images___865616,RealESRGAN/ava_images___865616.png,../../../mnt/ssd2/29o_rya/datasets/iqa/QualiSR-Set120/hr/ava_images___865616.png,../../../mnt/ssd2/29o_rya/datasets/iqa/QualiSR-Set120/lr/ava_images___865616.png,train,6.8238783,1.2405157,1.50739,0.31201506,-0.60196126,-0.4033115,2.011061,-0.1200974,-3.4718876,1.0858597,5.9077406,-2.6064835,0.32918262,4.8481674,-1.3870845,-0.63017726,3.459649,-1.5212411,3.2240086,-0.5246421,-2.1127923,0.3830067,-1.0808458,0.567283,1.0198808,-1.0313495,-0.16505826,-0.33145154,0.27825573,-0.04102075,0.13165802,0.025959015,-0.33034435,-0.073314965,0.09779613,0.17262374,0.0857761,-0.024210185,-0.06910803,0.065483786,-0.6231812,0.18024686,-0.08314097,-0.23990649,-1.283489,1.2209878,1.104398,-0.7219429,-1.7038281,0.076104224,-0.04650997,0.46533903,-0.10435644,0.06290305,0.14145195,0.110054106,0.042761385,-0.2276243,0.022685498,-0.13331263,0.026815072,0.21983528,0.11521289,0.15206788,-0.06645639,0.06802269,0.08830956,0.13246334,0.24089056,-0.1247617,0.08288586,0.06423773,-0.047612816,0.0095730275,-0.00039815158
QualiSR-Set120/SUPIR/ava_images___865616.npy.gz,SUPIR,ava_images___865616.png,../../../mnt/ssd2/29o_rya/datasets/iqa/QualiSR-Set120/sr/SUPIR/ava_images___865616.png,QualiSR-Set120,ava_images___865616,SUPIR/ava_images___865616.png,../../../mnt/ssd2/29o_rya/datasets/iqa/QualiSR-Set120/hr/ava_images___865616.png,../../../mnt/ssd2/29o_rya/datasets/iqa/QualiSR-Set120/lr/ava_images___865616.png,train,6.7749004,1.2229763,1.4961436,0.3098685,-0.5716579,-0.4143963,1.9767294,-0.12934768,-3.5045967,1.0811411,5.894813,-2.6311746,0.32266867,4.856505,-1.3775108,-0.61214757,3.4597597,-1.5147432,3.1786222,-0.5019507,-2.0988052,0.38679785,-1.063713,0.56066275,1.0139688,-1.0217484,-0.15943992,-0.33636382,0.27148604,-0.047868073,0.12989098,0.027692825,-0.30763867,-0.07662055,0.09737216,0.17485909,0.09672146,-0.0026384592,-0.065351896,0.08129834,-0.6150117,0.17025796,-0.07834771,-0.24232298,-1.272187,1.2289627,1.1100236,-0.7264937,-1.7074337,0.08269389,-0.048884798,0.46703824,-0.09383388,0.06584254,0.13898818,0.1211018,0.050313205,-0.21783394,0.019860595,-0.1383666,0.036461398,0.22289665,0.11960083,0.14647001,-0.06768204,0.08100471,0.08464257,0.12669748,0.24369177,-0.11862138,0.08612095,0.069070265,-0.04360065,0.01754585,-0.011002488
QualiSR-Set120/PASD/ava_images___953752.npy.gz,PASD,ava_images___953752.png,../../../mnt/ssd2/29o_rya/datasets/iqa/QualiSR-Set120/sr/PASD/ava_images___953752.png,QualiSR-Set120,ava_images___953752,PASD/ava_images___953752.png,../../../mnt/ssd2/29o_rya/datasets/iqa/QualiSR-Set120/hr/ava_images___953752.png,../../../mnt/ssd2/29o_rya/datasets/iqa/QualiSR-Set120/lr/ava_images___953752.png,train,1.2218543,1.5332316,0.4300188,-1.1950125,-1.0107019,1.3859072,1.6271281,-0.8492956,0.78903484,-0.7837442,0.7921028,-0.33109838,-2.0556214,-1.6200973,0.40635896,-0.7803974,-1.3374283,0.9424291,1.6196748,0.25313383,-1.6282122,-2.2440479,-2.5961025,0.9970533,-3.5252254,0.8217403,3.8753805,-2.8038242,-0.8507341,-2.2276764,0.37078372,-0.45991504,-0.3557075,-0.07350704,0.18225883,0.10380171,-0.17757335,0.018312722,-0.12559031,-0.025781747,-0.21676016,0.082122386,0.0023622066,0.024772197,-0.24735028,0.119574934,-0.192641,-0.020323426,0.07066858,-0.06506646,-0.034149073,-0.087599844,-0.13853048,-0.024167776,0.15841384,-0.14115055,0.024299085,-0.20203483,0.09871005,0.018833902,-0.04570912,0.0039945394,0.0721463,-0.18676582,0.11943889,0.0024663582,-0.0910892,-0.054467723,-0.20894042,-0.0049211085,-0.08089633,0.15451844,0.070850074,0.04873082,0.15351957
QualiSR-Set120/RealESRGAN/ava_images___953752.npy.gz,RealESRGAN,ava_images___953752.png,../../../mnt/ssd2/29o_rya/datasets/iqa/QualiSR-Set120/sr/RealESRGAN/ava_images___953752.png,QualiSR-Set120,ava_images___953752,RealESRGAN/ava_images___953752.png,../../../mnt/ssd2/29o_rya/datasets/iqa/QualiSR-Set120/hr/ava_images___953752.png,../../../mnt/ssd2/29o_rya/datasets/iqa/QualiSR-Set120/lr/ava_images___953752.png,train,1.1983889,1.5340793,0.42659336,-1.1959319,-0.9994175,1.3742213,1.6135232,-0.8530067,0.7626307,-0.78868526,0.790081,-0.33379412,-2.0677338,-1.6106465,0.41359338,-0.7776145,-1.3308139,0.9376197,1.6152323,0.2630235,-1.6247815,-2.2531776,-2.5856485,0.9905543,-3.5322635,0.8182352,3.885923,-2.805512,-0.8552215,-2.234365,0.36939594,-0.45865166,-0.34544268,-0.07454613,0.17748524,0.11225988,-0.1714128,0.023361474,-0.124754176,-0.024544962,-0.21307921,0.07809849,0.0011690408,0.0275715,-0.2553783,0.12027553,-0.1916989,-0.02518168,0.078457,-0.06655292,-0.028211258,-0.09338117,-0.1414096,-0.026554406,0.15126951,-0.13484809,0.028523028,-0.21213955,0.09997339,0.03110949,-0.039896563,0.015014634,0.07317521,-0.1984148,0.13146716,0.0055494383,-0.09202173,-0.05400899,-0.2026172,-0.012050346,-0.07687302,0.15453027,0.07324177,0.04634857,0.1540842
QualiSR-Set120/SUPIR/ava_images___953752.npy.gz,SUPIR,ava_images___953752.png,../../../mnt/ssd2/29o_rya/datasets/iqa/QualiSR-Set120/sr/SUPIR/ava_images___953752.png,QualiSR-Set120,ava_images___953752,SUPIR/ava_images___953752.png,../../../mnt/ssd2/29o_rya/datasets/iqa/QualiSR-Set120/hr/ava_images___953752.png,../../../mnt/ssd2/29o_rya/datasets/iqa/QualiSR-Set120/lr/ava_images___953752.png,train,1.2218543,1.5332316,0.4300188,-1.1950125,-1.0107019,1.3859072,1.6271281,-0.8492956,0.78903484,-0.7837442,0.7921028,-0.33109838,-2.0556214,-1.6200973,0.40635896,-0.7803974,-1.3374283,0.9424291,1.6196748,0.25313383,-1.6282122,-2.2440479,-2.5961025,0.9970533,-3.5252254,0.8217403,3.8753805,-2.8038242,-0.8507341,-2.2276764,0.37078372,-0.45991504,-0.3557075,-0.07350704,0.18225883,0.10380171,-0.17757335,0.018312722,-0.12559031,-0.025781747,-0.21676016,0.082122386,0.0023622066,0.024772197,-0.24735028,0.119574934,-0.192641,-0.020323426,0.07066858,-0.06506646,-0.034149073,-0.087599844,-0.13853048,-0.024167776,0.15841384,-0.14115055,0.024299085,-0.20203483,0.09871005,0.018833902,-0.04570912,0.0039945394,0.0721463,-0.18676582,0.11943889,0.0024663582,-0.0910892,-0.054467723,-0.20894042,-0.0049211085,-0.08089633,0.15451844,0.070850074,0.04873082,0.15351957
QualiSR-Set120/PASD/blur_dataset___out_of_focus0685.npy.gz,PASD,blur_dataset___out_of_focus0685.png,../../../mnt/ssd2/29o_rya/datasets/iqa/QualiSR-Set120/sr/PASD/blur_dataset___out_of_focus0685.png,QualiSR-Set120,blur_dataset___out_of_focus0685,PASD/blur_dataset___out_of_focus0685.png,../../../mnt/ssd2/29o_rya/datasets/iqa/QualiSR-Set120/hr/blur_dataset___out_of_focus0685.png,../../../mnt/ssd2/29o_rya/datasets/iqa/QualiSR-Set120/lr/blur_dataset___out_of_focus0685.png,train,-1.4716979,-2.481857,-3.068454,-1.7274427,-0.40181506,-0.39090776,-0.05855582,-1.2456765,2.4690483,-4.8682723,-3.0578656,-1.5741879,-0.7069404,3.856817,-3.1928806,-1.010443,-1.7615638,-1.0620202,2.4210567,-4.3241324,-0.54295987,0.26077718,-0.09475137,-1.789992,0.22570059,2.9559507,0.20453745,1.0613445,-0.695784,0.09438163,-0.12969795,-0.55706483,-0.103661805,-0.0015756339,0.16025268,-0.7236251,0.4322608,-0.5838473,0.09950644,0.9665331,0.4760523,-0.9933276,1.069368,0.6722007,0.6606413,0.5769583,0.42380357,-0.27794275,0.027420998,-0.9445894,-0.17653352,0.13449968,0.14263748,0.5274252,-0.5143847,-0.383057,-0.22448301,-0.113595545,0.41028976,-0.10533123,-0.14998792,0.28604975,0.24627805,0.027158812,-0.07008861,-0.32240325,-0.06815623,0.12499888,-0.021015286,0.10798073,-0.059001476,0.008249208,0.006066382,0.017331585,-0.33321095
QualiSR-Set120/RealESRGAN/blur_dataset___out_of_focus0685.npy.gz,RealESRGAN,blur_dataset___out_of_focus0685.png,../../../mnt/ssd2/29o_rya/datasets/iqa/QualiSR-Set120/sr/RealESRGAN/blur_dataset___out_of_focus0685.png,QualiSR-Set120,blur_dataset___out_of_focus0685,RealESRGAN/blur_dataset___out_of_focus0685.png,../../../mnt/ssd2/29o_rya/datasets/iqa/QualiSR-Set120/hr/blur_dataset___out_of_focus0685.png,../../../mnt/ssd2/29o_rya/datasets/iqa/QualiSR-Set120/lr/blur_dataset___out_of_focus0685.png,train,-1.4716979,-2.481857,-3.068454,-1.7274427,-0.40181506,-0.39090776,-0.05855582,-1.2456765,2.4690483,-4.8682723,-3.0578656,-1.5741879,-0.7069404,3.856817,-3.1928806,-1.010443,-1.7615638,-1.0620202,2.4210567,-4.3241324,-0.54295987,0.26077718,-0.09475137,-1.789992,0.22570059,2.9559507,0.20453745,1.0613445,-0.695784,0.09438163,-0.12969795,-0.55706483,-0.103661805,-0.0015756339,0.16025268,-0.7236251,0.4322608,-0.5838473,0.09950644,0.9665331,0.4760523,-0.9933276,1.069368,0.6722007,0.6606413,0.5769583,0.42380357,-0.27794275,0.027420998,-0.9445894,-0.17653352,0.13449968,0.14263748,0.5274252,-0.5143847,-0.383057,-0.22448301,-0.113595545,0.41028976,-0.10533123,-0.14998792,0.28604975,0.24627805,0.027158812,-0.07008861,-0.32240325,-0.06815623,0.12499888,-0.021015286,0.10798073,-0.059001476,0.008249208,0.006066382,0.017331585,-0.33321095
QualiSR-Set120/SUPIR/blur_dataset___out_of_focus0685.npy.gz,SUPIR,blur_dataset___out_of_focus0685.png,../../../mnt/ssd2/29o_rya/datasets/iqa/QualiSR-Set120/sr/SUPIR/blur_dataset___out_of_focus0685.png,QualiSR-Set120,blur_dataset___out_of_focus0685,SUPIR/blur_dataset___out_of_focus0685.png,../../../mnt/ssd2/29o_rya/datasets/iqa/QualiSR-Set120/hr/blur_dataset___out_of_focus0685.png,../../../mnt/ssd2/29o_rya/datasets/iqa/QualiSR-Set120/lr/blur_dataset___out_of_focus0685.png,train,-1.4716979,-2.481857,-3.068454,-1.7274427,-0.40181506,-0.39090776,-0.05855582,-1.2456765,2.4690483,-4.8682723,-3.0578656,-1.5741879,-0.7069404,3.856817,-3.1928806,-1.010443,-1.7615638,-1.0620202,2.4210567,-4.3241324,-0.54295987,0.26077718,-0.09475137,-1.789992,0.22570059,2.9559507,0.20453745,1.0613445,-0.695784,0.09438163,-0.12969795,-0.55706483,-0.103661805,-0.0015756339,0.16025268,-0.7236251,0.4322608,-0.5838473,0.09950644,0.9665331,0.4760523,-0.9933276,1.069368,0.6722007,0.6606413,0.5769583,0.42380357,-0.27794275,0.027420998,-0.9445894,-0.17653352,0.13449968,0.14263748,0.5274252,-0.5143847,-0.383057,-0.22448301,-0.113595545,0.41028976,-0.10533123,-0.14998792,0.28604975,0.24627805,0.027158812,-0.07008861,-0.32240325,-0.06815623,0.12499888,-0.021015286,0.10798073,-0.059001476,0.008249208,0.006066382,0.017331585,-0.33321095
QualiSR-Set120/PASD/voc_emotic_ava___EMOTIC__COCO_train2014_000000244530.npy.gz,PASD,voc_emotic_ava___EMOTIC__COCO_train2014_000000244530.png,../../../mnt/ssd2/29o_rya/datasets/iqa/QualiSR-Set120/sr/PASD/voc_emotic_ava___EMOTIC__COCO_train2014_000000244530.png,QualiSR-Set120,voc_emotic_ava___EMOTIC__COCO_train2014_000000244530,PASD/voc_emotic_ava___EMOTIC__COCO_train2014_000000244530.png,../../../mnt/ssd2/29o_rya/datasets/iqa/QualiSR-Set120/hr/voc_emotic_ava___EMOTIC__COCO_train2014_000000244530.png,../../../mnt/ssd2/29o_rya/datasets/iqa/QualiSR-Set120/lr/voc_emotic_ava___EMOTIC__COCO_train2014_000000244530.png,train,9.574243,0.20330931,-2.2779832,2.6837363,1.2019476,1.3073473,-6.146026,1.6324874,0.8947321,0.9874014,-0.33959684,1.3970782,0.3531891,-0.99116945,-0.99357116,-1.9872005,-3.9296265,-3.5613225,2.4607902,1.1736541,-1.2758224,0.00294739,0.8811371,1.152395,0.4003283,0.20970805,0.5124312,0.12777081,0.6650335,0.4646357,-0.20735696,0.31640834,3.2702491,-1.4078281,0.32391965,0.7562748,-0.4403646,1.4622347,2.1594093,-0.18304522,0.045087904,0.30554163,0.44835287,0.21722738,0.18733001,-0.02336505,-0.11919607,-0.1316616,0.10072571,-0.32997254,0.15236431,0.1390022,-0.21261728,-0.14140119,0.011631563,-0.00017985515,0.2844311,-0.028379977,0.054072514,0.09669183,-0.084223494,0.025276378,0.016726673,0.007894069,0.16485974,0.10039167,0.06744484,-0.0053816363,-0.025973678,-0.16767246,0.1514483,-0.025350928,0.13832599,0.0550614,-0.018440343
QualiSR-Set120/RealESRGAN/voc_emotic_ava___EMOTIC__COCO_train2014_000000244530.npy.gz,RealESRGAN,voc_emotic_ava___EMOTIC__COCO_train2014_000000244530.png,../../../mnt/ssd2/29o_rya/datasets/iqa/QualiSR-Set120/sr/RealESRGAN/voc_emotic_ava___EMOTIC__COCO_train2014_000000244530.png,QualiSR-Set120,voc_emotic_ava___EMOTIC__COCO_train2014_000000244530,RealESRGAN/voc_emotic_ava___EMOTIC__COCO_train2014_000000244530.png,../../../mnt/ssd2/29o_rya/datasets/iqa/QualiSR-Set120/hr/voc_emotic_ava___EMOTIC__COCO_train2014_000000244530.png,../../../mnt/ssd2/29o_rya/datasets/iqa/QualiSR-Set120/lr/voc_emotic_ava___EMOTIC__COCO_train2014_000000244530.png,train,9.574243,0.20330931,-2.2779832,2.6837363,1.2019476,1.3073473,-6.146026,1.6324874,0.8947321,0.9874014,-0.33959684,1.3970782,0.3531891,-0.99116945,-0.99357116,-1.9872005,-3.9296265,-3.5613225,2.4607902,1.1736541,-1.2758224,0.00294739,0.8811371,1.152395,0.4003283,0.20970805,0.5124312,0.12777081,0.6650335,0.4646357,-0.20735696,0.31640834,3.2702491,-1.4078281,0.32391965,0.7562748,-0.4403646,1.4622347,2.1594093,-0.18304522,0.045087904,0.30554163,0.44835287,0.21722738,0.18733001,-0.02336505,-0.11919607,-0.1316616,0.10072571,-0.32997254,0.15236431,0.1390022,-0.21261728,-0.14140119,0.011631563,-0.00017985515,0.2844311,-0.028379977,0.054072514,0.09669183,-0.084223494,0.025276378,0.016726673,0.007894069,0.16485974,0.10039167,0.06744484,-0.0053816363,-0.025973678,-0.16767246,0.1514483,-0.025350928,0.13832599,0.0550614,-0.018440343
QualiSR-Set120/SUPIR/voc_emotic_ava___EMOTIC__COCO_train2014_000000244530.npy.gz,SUPIR,voc_emotic_ava___EMOTIC__COCO_train2014_000000244530.png,../../../mnt/ssd2/29o_rya/datasets/iqa/QualiSR-Set120/sr/SUPIR/voc_emotic_ava___EMOTIC__COCO_train2014_000000244530.png,QualiSR-Set120,voc_emotic_ava___EMOTIC__COCO_train2014_000000244530,SUPIR/voc_emotic_ava___EMOTIC__COCO_train2014_000000244530.png,../../../mnt/ssd2/29o_rya/datasets/iqa/QualiSR-Set120/hr/voc_emotic_ava___EMOTIC__COCO_train2014_000000244530.png,../../../mnt/ssd2/29o_rya/datasets/iqa/QualiSR-Set120/lr/voc_emotic_ava___EMOTIC__COCO_train2014_000000244530.png,train,9.574243,0.20330931,-2.2779832,2.6837363,1.2019476,1.3073473,-6.146026,1.6324874,0.8947321,0.9874014,-0.33959684,1.3970782,0.3531891,-0.99116945,-0.99357116,-1.9872005,-3.9296265,-3.5613225,2.4607902,1.1736541,-1.2758224,0.00294739,0.8811371,1.152395,0.4003283,0.20970805,0.5124312,0.12777081,0.6650335,0.4646357,-0.20735696,0.31640834,3.2702491,-1.4078281,0.32391965,0.7562748,-0.4403646,1.4622347,2.1594093,-0.18304522,0.045087904,0.30554163,0.44835287,0.21722738,0.18733001,-0.02336505,-0.11919607,-0.1316616,0.10072571,-0.32997254,0.15236431,0.1390022,-0.21261728,-0.14140119,0.011631563,-0.00017985515,0.2844311,-0.028379977,0.054072514,0.09669183,-0.084223494,0.025276378,0.016726673,0.007894069,0.16485974,0.10039167,0.06744484,-0.0053816363,-0.025973678,-0.16767246,0.1514483,-0.025350928,0.13832599,0.0550614,-0.018440343
QualiSR-Set120/PASD/voc_emotic_ava___EMOTIC__COCO_train2014_000000247190.npy.gz,PASD,voc_emotic_ava___EMOTIC__COCO_train2014_000000247190.png,../../../mnt/ssd2/29o_rya/datasets/iqa/QualiSR-Set120/sr/PASD/voc_emotic_ava___EMOTIC__COCO_train2014_000000247190.png,QualiSR-Set120,voc_emotic_ava___EMOTIC__COCO_train2014_000000247190,PASD/voc_emotic_ava___EMOTIC__COCO_train2014_000000247190.png,../../../mnt/ssd2/29o_rya/datasets/iqa/QualiSR-Set120/hr/voc_emotic_ava___EMOTIC__COCO_train2014_000000247190.png,../../../mnt/ssd2/29o_rya/datasets/iqa/QualiSR-Set120/lr/voc_emotic_ava___EMOTIC__COCO_train2014_000000247190.png,train,2.8604593,1.4006878,2.3990865,-0.76217276,-3.7950358,1.6648316,2.244295,-1.1807567,1.0811265,0.5111606,-0.2336224,0.18532498,0.7518276,-0.8582792,-0.48758683,-0.9568019,-1.5755117,1.0637381,1.2215371,1.1393814,-0.5765871,-1.7187939,0.85795754,-1.8080446,1.3094188,-0.8688572,-0.9665562,-0.24698272,-1.6161828,2.258796,4.65331,-1.6460803,-0.79778385,0.06824924,-0.472965,0.6637079,-0.113922365,0.5546733,-0.1945777,0.34965354,-1.2215478,-0.10124293,0.2718683,0.43566433,0.048581034,-0.43774277,0.016302451,0.084858954,0.022113383,0.05357176,0.0650529,-0.018522412,-0.14051159,0.056050897,-0.104259446,-0.25148004,-0.07894999,-0.21604466,0.15515855,0.082106695,-0.024162486,-0.124317124,0.022147447,-0.16502434,-0.046585992,-0.022442073,0.09150968,0.054510705,-0.23826018,-0.14046577,-0.18562372,0.11119923,-0.16918139,0.026433393,0.30770907
QualiSR-Set120/RealESRGAN/voc_emotic_ava___EMOTIC__COCO_train2014_000000247190.npy.gz,RealESRGAN,voc_emotic_ava___EMOTIC__COCO_train2014_000000247190.png,../../../mnt/ssd2/29o_rya/datasets/iqa/QualiSR-Set120/sr/RealESRGAN/voc_emotic_ava___EMOTIC__COCO_train2014_000000247190.png,QualiSR-Set120,voc_emotic_ava___EMOTIC__COCO_train2014_000000247190,RealESRGAN/voc_emotic_ava___EMOTIC__COCO_train2014_000000247190.png,../../../mnt/ssd2/29o_rya/datasets/iqa/QualiSR-Set120/hr/voc_emotic_ava___EMOTIC__COCO_train2014_000000247190.png,../../../mnt/ssd2/29o_rya/datasets/iqa/QualiSR-Set120/lr/voc_emotic_ava___EMOTIC__COCO_train2014_000000247190.png,train,2.8252292,1.3835974,2.3967943,-0.758919,-3.7966576,1.6490251,2.2267416,-1.1920835,1.0679867,0.49980646,-0.23870674,0.17026,0.7588242,-0.86466,-0.48247126,-0.949605,-1.5743458,1.0638409,1.2041934,1.1498523,-0.5604572,-1.7171814,0.86276233,-1.8216472,1.3122525,-0.86451894,-0.98025143,-0.24822678,-1.6228026,2.2502902,4.6559644,-1.6454824,-0.7831689,0.06697458,-0.46954575,0.66237825,-0.11307468,0.542981,-0.18963796,0.3467859,-1.22743,-0.10738445,0.27209908,0.42835772,0.048940957,-0.4396814,0.021223426,0.08900227,0.021249175,0.05123939,0.064627364,-0.02334553,-0.14257589,0.057175547,-0.10105668,-0.24724779,-0.09483138,-0.2154156,0.15741584,0.08671132,-0.026327804,-0.12199612,0.020952508,-0.16694027,-0.046070233,-0.028118152,0.0936208,0.05897235,-0.22990057,-0.14061163,-0.1788138,0.11531098,-0.17191331,0.025724947,0.3064271
QualiSR-Set120/SUPIR/voc_emotic_ava___EMOTIC__COCO_train2014_000000247190.npy.gz,SUPIR,voc_emotic_ava___EMOTIC__COCO_train2014_000000247190.png,../../../mnt/ssd2/29o_rya/datasets/iqa/QualiSR-Set120/sr/SUPIR/voc_emotic_ava___EMOTIC__COCO_train2014_000000247190.png,QualiSR-Set120,voc_emotic_ava___EMOTIC__COCO_train2014_000000247190,SUPIR/voc_emotic_ava___EMOTIC__COCO_train2014_000000247190.png,../../../mnt/ssd2/29o_rya/datasets/iqa/QualiSR-Set120/hr/voc_emotic_ava___EMOTIC__COCO_train2014_000000247190.png,../../../mnt/ssd2/29o_rya/datasets/iqa/QualiSR-Set120/lr/voc_emotic_ava___EMOTIC__COCO_train2014_000000247190.png,train,2.8604593,1.4006878,2.3990865,-0.76217276,-3.7950358,1.6648316,2.244295,-1.1807567,1.0811265,0.5111606,-0.2336224,0.18532498,0.7518276,-0.8582792,-0.48758683,-0.9568019,-1.5755117,1.0637381,1.2215371,1.1393814,-0.5765871,-1.7187939,0.85795754,-1.8080446,1.3094188,-0.8688572,-0.9665562,-0.24698272,-1.6161828,2.258796,4.65331,-1.6460803,-0.79778385,0.06824924,-0.472965,0.6637079,-0.113922365,0.5546733,-0.1945777,0.34965354,-1.2215478,-0.10124293,0.2718683,0.43566433,0.048581034,-0.43774277,0.016302451,0.084858954,0.022113383,0.05357176,0.0650529,-0.018522412,-0.14051159,0.056050897,-0.104259446,-0.25148004,-0.07894999,-0.21604466,0.15515855,0.082106695,-0.024162486,-0.124317124,0.022147447,-0.16502434,-0.046585992,-0.022442073,0.09150968,0.054510705,-0.23826018,-0.14046577,-0.18562372,0.11119923,-0.16918139,0.026433393,0.30770907
QualiSR-Set120/PASD/voc_emotic_ava___EMOTIC__COCO_val2014_000000020598.npy.gz,PASD,voc_emotic_ava___EMOTIC__COCO_val2014_000000020598.png,../../../mnt/ssd2/29o_rya/datasets/iqa/QualiSR-Set120/sr/PASD/voc_emotic_ava___EMOTIC__COCO_val2014_000000020598.png,QualiSR-Set120,voc_emotic_ava___EMOTIC__COCO_val2014_000000020598,PASD/voc_emotic_ava___EMOTIC__COCO_val2014_000000020598.png,../../../mnt/ssd2/29o_rya/datasets/iqa/QualiSR-Set120/hr/voc_emotic_ava___EMOTIC__COCO_val2014_000000020598.png,../../../mnt/ssd2/29o_rya/datasets/iqa/QualiSR-Set120/lr/voc_emotic_ava___EMOTIC__COCO_val2014_000000020598.png,train,10.318319,-0.65688956,0.9512062,4.238885,-3.4249146,-1.7481136,-2.672498,5.151142,0.988369,-1.3344194,-0.5089581,2.5695086,-2.3128996,-0.6420678,-3.089398,0.23925894,1.5065408,4.1579084,-0.44177637,-1.2642642,-0.8562833,-1.6546383,-0.20764102,0.3126979,0.51622105,-0.610461,0.5467572,0.31329718,0.5274615,0.8427785,-0.10314629,0.19419432,1.732708,-0.9673571,-0.7172275,-0.47021735,0.33001438,-2.262461,-1.7828418,-0.4096006,0.08628103,0.11885753,0.05476798,0.17941988,-0.28569406,-0.69807225,-0.2501765,-0.68824315,0.34768313,0.52498376,-0.20526652,-0.18910092,0.24215119,0.14647427,-0.16574283,-0.0052568,-0.056143433,0.07623342,-0.08138913,-0.33242953,-0.011420324,-0.05798705,0.2933304,0.019619823,-0.11044015,0.08577973,-0.08820411,-0.042472124,0.024974734,0.02968347,-0.10596301,0.025956303,-0.11749867,0.048307806,0.0030815676
QualiSR-Set120/RealESRGAN/voc_emotic_ava___EMOTIC__COCO_val2014_000000020598.npy.gz,RealESRGAN,voc_emotic_ava___EMOTIC__COCO_val2014_000000020598.png,../../../mnt/ssd2/29o_rya/datasets/iqa/QualiSR-Set120/sr/RealESRGAN/voc_emotic_ava___EMOTIC__COCO_val2014_000000020598.png,QualiSR-Set120,voc_emotic_ava___EMOTIC__COCO_val2014_000000020598,RealESRGAN/voc_emotic_ava___EMOTIC__COCO_val2014_000000020598.png,../../../mnt/ssd2/29o_rya/datasets/iqa/QualiSR-Set120/hr/voc_emotic_ava___EMOTIC__COCO_val2014_000000020598.png,../../../mnt/ssd2/29o_rya/datasets/iqa/QualiSR-Set120/lr/voc_emotic_ava___EMOTIC__COCO_val2014_000000020598.png,train,10.318319,-0.65688956,0.9512062,4.238885,-3.4249146,-1.7481136,-2.672498,5.151142,0.988369,-1.3344194,-0.5089581,2.5695086,-2.3128996,-0.6420678,-3.089398,0.23925894,1.5065408,4.1579084,-0.44177637,-1.2642642,-0.8562833,-1.6546383,-0.20764102,0.3126979,0.51622105,-0.610461,0.5467572,0.31329718,0.5274615,0.8427785,-0.10314629,0.19419432,1.732708,-0.9673571,-0.7172275,-0.47021735,0.33001438,-2.262461,-1.7828418,-0.4096006,0.08628103,0.11885753,0.05476798,0.17941988,-0.28569406,-0.69807225,-0.2501765,-0.68824315,0.34768313,0.52498376,-0.20526652,-0.18910092,0.24215119,0.14647427,-0.16574283,-0.0052568,-0.056143433,0.07623342,-0.08138913,-0.33242953,-0.011420324,-0.05798705,0.2933304,0.019619823,-0.11044015,0.08577973,-0.08820411,-0.042472124,0.024974734,0.02968347,-0.10596301,0.025956303,-0.11749867,0.048307806,0.0030815676
QualiSR-Set120/SUPIR/voc_emotic_ava___EMOTIC__COCO_val2014_000000020598.npy.gz,SUPIR,voc_emotic_ava___EMOTIC__COCO_val2014_000000020598.png,../../../mnt/ssd2/29o_rya/datasets/iqa/QualiSR-Set120/sr/SUPIR/voc_emotic_ava___EMOTIC__COCO_val2014_000000020598.png,QualiSR-Set120,voc_emotic_ava___EMOTIC__COCO_val2014_000000020598,SUPIR/voc_emotic_ava___EMOTIC__COCO_val2014_000000020598.png,../../../mnt/ssd2/29o_rya/datasets/iqa/QualiSR-Set120/hr/voc_emotic_ava___EMOTIC__COCO_val2014_000000020598.png,../../../mnt/ssd2/29o_rya/datasets/iqa/QualiSR-Set120/lr/voc_emotic_ava___EMOTIC__COCO_val2014_000000020598.png,train,10.318319,-0.65688956,0.9512062,4.238885,-3.4249146,-1.7481136,-2.672498,5.151142,0.988369,-1.3344194,-0.5089581,2.5695086,-2.3128996,-0.6420678,-3.089398,0.23925894,1.5065408,4.1579084,-0.44177637,-1.2642642,-0.8562833,-1.6546383,-0.20764102,0.3126979,0.51622105,-0.610461,0.5467572,0.31329718,0.5274615,0.8427785,-0.10314629,0.19419432,1.732708,-0.9673571,-0.7172275,-0.47021735,0.33001438,-2.262461,-1.7828418,-0.4096006,0.08628103,0.11885753,0.05476798,0.17941988,-0.28569406,-0.69807225,-0.2501765,-0.68824315,0.34768313,0.52498376,-0.20526652,-0.18910092,0.24215119,0.14647427,-0.16574283,-0.0052568,-0.056143433,0.07623342,-0.08138913,-0.33242953,-0.011420324,-0.05798705,0.2933304,0.019619823,-0.11044015,0.08577973,-0.08820411,-0.042472124,0.024974734,0.02968347,-0.10596301,0.025956303,-0.11749867,0.048307806,0.0030815676
QualiSR-Set120/PASD/voc_emotic_ava___JPEGImages__2008_003883.npy.gz,PASD,voc_emotic_ava___JPEGImages__2008_003883.png,../../../mnt/ssd2/29o_rya/datasets/iqa/QualiSR-Set120/sr/PASD/voc_emotic_ava___JPEGImages__2008_003883.png,QualiSR-Set120,voc_emotic_ava___JPEGImages__2008_003883,PASD/voc_emotic_ava___JPEGImages__2008_003883.png,../../../mnt/ssd2/29o_rya/datasets/iqa/QualiSR-Set120/hr/voc_emotic_ava___JPEGImages__2008_003883.png,../../../mnt/ssd2/29o_rya/datasets/iqa/QualiSR-Set120/lr/voc_emotic_ava___JPEGImages__2008_003883.png,test,9.090107,1.054375,0.17666453,-1.0349298,-0.7829678,1.311182,0.6007639,1.2444166,3.202199,2.0355732,-0.4602345,2.4017,2.641056,-0.10695374,0.5514965,-0.6055676,-0.46306923,1.2546055,3.203045,-1.6291194,-0.82701963,0.41282225,-0.6864788,0.7365989,0.6669259,-0.5788773,0.07895839,-0.3788684,1.2492584,0.23030812,-0.37563384,0.13831738,-1.0432417,-0.1981101,-0.7322874,0.14273117,-0.49621075,-0.10039297,-0.5663034,0.27591744,0.05152735,-0.41720182,0.5758574,-0.8172597,-1.4662831,0.28522867,-0.12794794,0.14215381,0.46333182,-0.9461744,0.19202001,0.5848471,-0.32240617,0.3655699,-0.4006716,-0.8845079,-0.4667936,-1.175639,0.8975227,0.12155925,-0.058490798,-0.3581667,-0.1947296,-0.5869579,-0.047289923,0.62295413,-0.09423411,-0.33841386,-0.06635168,-0.31796795,-0.710259,5.6490302e-05,0.64380646,-0.24544428,0.66792566
QualiSR-Set120/RealESRGAN/voc_emotic_ava___JPEGImages__2008_003883.npy.gz,RealESRGAN,voc_emotic_ava___JPEGImages__2008_003883.png,../../../mnt/ssd2/29o_rya/datasets/iqa/QualiSR-Set120/sr/RealESRGAN/voc_emotic_ava___JPEGImages__2008_003883.png,QualiSR-Set120,voc_emotic_ava___JPEGImages__2008_003883,RealESRGAN/voc_emotic_ava___JPEGImages__2008_003883.png,../../../mnt/ssd2/29o_rya/datasets/iqa/QualiSR-Set120/hr/voc_emotic_ava___JPEGImages__2008_003883.png,../../../mnt/ssd2/29o_rya/datasets/iqa/QualiSR-Set120/lr/voc_emotic_ava___JPEGImages__2008_003883.png,test,9.037826,1.0647994,0.15681511,-1.0455532,-0.7742414,1.297868,0.57511073,1.2350425,3.155962,2.0282366,-0.49907598,2.3972127,2.5812783,-0.09721565,0.5669229,-0.5933043,-0.43774855,1.241559,3.160306,-1.581167,-0.79314786,0.4343047,-0.70501065,0.70996755,0.6596956,-0.581825,0.055447906,-0.37349463,1.226547,0.20914507,-0.38107392,0.1402581,-1.0389683,-0.19136807,-0.7605634,0.14545397,-0.5075726,-0.10514465,-0.54014367,0.25663388,0.03842342,-0.41213125,0.5895352,-0.8325408,-1.4561334,0.28629494,-0.13979076,0.12877642,0.47012937,-0.90837955,0.1960227,0.60539275,-0.30092505,0.3674785,-0.44813925,-0.89621425,-0.47468257,-1.1465687,0.90378547,0.13911694,-0.04900731,-0.35070437,-0.21014486,-0.5995231,-0.07911137,0.62559706,-0.09981925,-0.3438077,-0.09799904,-0.31839314,-0.7012098,0.0029104203,0.6268737,-0.26173288,0.6604725
QualiSR-Set120/SUPIR/voc_emotic_ava___JPEGImages__2008_003883.npy.gz,SUPIR,voc_emotic_ava___JPEGImages__2008_003883.png,../../../mnt/ssd2/29o_rya/datasets/iqa/QualiSR-Set120/sr/SUPIR/voc_emotic_ava___JPEGImages__2008_003883.png,QualiSR-Set120,voc_emotic_ava___JPEGImages__2008_003883,SUPIR/voc_emotic_ava___JPEGImages__2008_003883.png,../../../mnt/ssd2/29o_rya/datasets/iqa/QualiSR-Set120/hr/voc_emotic_ava___JPEGImages__2008_003883.png,../../../mnt/ssd2/29o_rya/datasets/iqa/QualiSR-Set120/lr/voc_emotic_ava___JPEGImages__2008_003883.png,test,9.090107,1.054375,0.17666453,-1.0349298,-0.7829678,1.311182,0.6007639,1.2444166,3.202199,2.0355732,-0.4602345,2.4017,2.641056,-0.10695374,0.5514965,-0.6055676,-0.46306923,1.2546055,3.203045,-1.6291194,-0.82701963,0.41282225,-0.6864788,0.7365989,0.6669259,-0.5788773,0.07895839,-0.3788684,1.2492584,0.23030812,-0.37563384,0.13831738,-1.0432417,-0.1981101,-0.7322874,0.14273117,-0.49621075,-0.10039297,-0.5663034,0.27591744,0.05152735,-0.41720182,0.5758574,-0.8172597,-1.4662831,0.28522867,-0.12794794,0.14215381,0.46333182,-0.9461744,0.19202001,0.5848471,-0.32240617,0.3655699,-0.4006716,-0.8845079,-0.4667936,-1.175639,0.8975227,0.12155925,-0.058490798,-0.3581667,-0.1947296,-0.5869579,-0.047289923,0.62295413,-0.09423411,-0.33841386,-0.06635168,-0.31796795,-0.710259,5.6490302e-05,0.64380646,-0.24544428,0.66792566
QualiSR-Set120/PASD/voc_emotic_ava___VOC2012__2010_004399.npy.gz,PASD,voc_emotic_ava___VOC2012__2010_004399.png,../../../mnt/ssd2/29o_rya/datasets/iqa/QualiSR-Set120/sr/PASD/voc_emotic_ava___VOC2012__2010_004399.png,QualiSR-Set120,voc_emotic_ava___VOC2012__2010_004399,PASD/voc_emotic_ava___VOC2012__2010_004399.png,../../../mnt/ssd2/29o_rya/datasets/iqa/QualiSR-Set120/hr/voc_emotic_ava___VOC2012__2010_004399.png,../../../mnt/ssd2/29o_rya/datasets/iqa/QualiSR-Set120/lr/voc_emotic_ava___VOC2012__2010_004399.png,train,2.328226,-0.22802012,2.7137313,0.6452929,-3.8276434,0.8321146,1.9800826,-1.2306466,2.0407133,0.97479004,-0.019427985,0.20060456,0.43492067,-2.2202413,-0.6442388,-0.5002413,-2.1861217,0.122376055,-1.4879457,-2.0151517,-2.1835046,6.975423,-2.4229662,1.1110048,0.41108313,-1.5948311,-0.1635288,0.40832916,-1.0130882,-0.25133473,-0.4647803,-0.29013824,-0.21996596,-0.26180685,-0.17643113,-0.09472209,0.022888262,0.021855354,-0.40752298,0.21642555,-0.7028743,0.020783156,0.6108304,-0.21841723,-0.7532665,0.62799203,-0.707541,0.89380395,0.36800587,-0.6658021,-1.266638,-1.2323488,-0.3443878,-0.1891191,0.22018744,0.39436918,0.5378916,0.04142034,0.13283235,0.23462996,0.11930819,0.23607008,-0.054680206,0.12609848,-0.080489755,-0.0056138113,-0.031468578,0.07503084,0.058728606,0.0043211877,0.112048194,-0.09841652,-0.11789623,-0.05239217,-0.036416046
QualiSR-Set120/RealESRGAN/voc_emotic_ava___VOC2012__2010_004399.npy.gz,RealESRGAN,voc_emotic_ava___VOC2012__2010_004399.png,../../../mnt/ssd2/29o_rya/datasets/iqa/QualiSR-Set120/sr/RealESRGAN/voc_emotic_ava___VOC2012__2010_004399.png,QualiSR-Set120,voc_emotic_ava___VOC2012__2010_004399,RealESRGAN/voc_emotic_ava___VOC2012__2010_004399.png,../../../mnt/ssd2/29o_rya/datasets/iqa/QualiSR-Set120/hr/voc_emotic_ava___VOC2012__2010_004399.png,../../../mnt/ssd2/29o_rya/datasets/iqa/QualiSR-Set120/lr/voc_emotic_ava___VOC2012__2010_004399.png,train,2.4141946,-0.26031226,2.7329836,0.6687194,-3.8654919,0.7831459,1.9954598,-1.2177852,2.0663304,0.96171165,-0.045236617,0.20358525,0.44657135,-2.2467918,-0.65611005,-0.50132513,-2.1984878,0.14344926,-1.4929686,-2.028964,-2.1792915,6.9982786,-2.4304764,1.0936173,0.4188864,-1.6067227,-0.19837707,0.42357156,-0.9670521,-0.30556077,-0.45962802,-0.3123749,-0.19861534,-0.26777768,-0.18974486,-0.08863559,0.02459786,0.011498988,-0.3994825,0.23736541,-0.7338277,0.023672596,0.6007335,-0.2332856,-0.75494486,0.648002,-0.694693,0.8985535,0.40759003,-0.64085317,-1.2673169,-1.2177831,-0.33448514,-0.17897794,0.20561916,0.41275305,0.48060235,0.04716271,0.12182094,0.2352773,0.10133897,0.21084286,-0.044040702,0.12077461,-0.07217139,-0.008781929,-0.020722397,0.08598008,0.07335165,0.00047653913,0.10656503,-0.09193054,-0.111693874,-0.036706813,-0.05710137
QualiSR-Set120/SUPIR/voc_emotic_ava___VOC2012__2010_004399.npy.gz,SUPIR,voc_emotic_ava___VOC2012__2010_004399.png,../../../mnt/ssd2/29o_rya/datasets/iqa/QualiSR-Set120/sr/SUPIR/voc_emotic_ava___VOC2012__2010_004399.png,QualiSR-Set120,voc_emotic_ava___VOC2012__2010_004399,SUPIR/voc_emotic_ava___VOC2012__2010_004399.png,../../../mnt/ssd2/29o_rya/datasets/iqa/QualiSR-Set120/hr/voc_emotic_ava___VOC2012__2010_004399.png,../../../mnt/ssd2/29o_rya/datasets/iqa/QualiSR-Set120/lr/voc_emotic_ava___VOC2012__2010_004399.png,train,2.328226,-0.22802012,2.7137313,0.6452929,-3.8276434,0.8321146,1.9800826,-1.2306466,2.0407133,0.97479004,-0.019427985,0.20060456,0.43492067,-2.2202413,-0.6442388,-0.5002413,-2.1861217,0.122376055,-1.4879457,-2.0151517,-2.1835046,6.975423,-2.4229662,1.1110048,0.41108313,-1.5948311,-0.1635288,0.40832916,-1.0130882,-0.25133473,-0.4647803,-0.29013824,-0.21996596,-0.26180685,-0.17643113,-0.09472209,0.022888262,0.021855354,-0.40752298,0.21642555,-0.7028743,0.020783156,0.6108304,-0.21841723,-0.7532665,0.62799203,-0.707541,0.89380395,0.36800587,-0.6658021,-1.266638,-1.2323488,-0.3443878,-0.1891191,0.22018744,0.39436918,0.5378916,0.04142034,0.13283235,0.23462996,0.11930819,0.23607008,-0.054680206,0.12609848,-0.080489755,-0.0056138113,-0.031468578,0.07503084,0.058728606,0.0043211877,0.112048194,-0.09841652,-0.11789623,-0.05239217,-0.036416046
QualiSR-Set120/PASD/voc_emotic_ava___VOC2012__2012_004043.npy.gz,PASD,voc_emotic_ava___VOC2012__2012_004043.png,../../../mnt/ssd2/29o_rya/datasets/iqa/QualiSR-Set120/sr/PASD/voc_emotic_ava___VOC2012__2012_004043.png,QualiSR-Set120,voc_emotic_ava___VOC2012__2012_004043,PASD/voc_emotic_ava___VOC2012__2012_004043.png,../../../mnt/ssd2/29o_rya/datasets/iqa/QualiSR-Set120/hr/voc_emotic_ava___VOC2012__2012_004043.png,../../../mnt/ssd2/29o_rya/datasets/iqa/QualiSR-Set120/lr/voc_emotic_ava___VOC2012__2012_004043.png,train,9.880776,1.0146624,2.8542924,0.29640675,-5.718022,-2.265739,5.136964,1.0128258,-0.9939984,-1.5970433,-2.9771533,-2.5749302,5.6631217,-2.140691,0.72570395,1.2983785,-0.119094074,-3.094876,0.007944018,-1.3770181,1.8980376,-1.0661929,0.81740206,1.6387043,-0.6495385,0.64204425,0.32157126,-0.299459,1.6154191,-0.3257137,-0.1097439,0.63791686,-2.257083,-0.19602627,-2.1141133,1.0552824,-0.25843632,-0.43445387,0.87028444,-0.48464265,1.0572371,0.256396,0.12458266,-0.1630877,0.6754958,0.09525952,0.33705938,0.22533031,0.2678166,0.034341186,0.11291322,-0.025244907,0.20422727,-0.058771387,0.011239186,-0.04681973,-0.065339684,0.06348914,-0.1735838,-0.15638275,0.024856716,0.063185975,-0.008705184,-0.03622943,0.0839532,0.007880822,0.00846529,-0.055258334,0.056731045,0.04489723,-0.0043355078,-0.066877335,-0.046478234,-0.02926834,-0.043341197
QualiSR-Set120/RealESRGAN/voc_emotic_ava___VOC2012__2012_004043.npy.gz,RealESRGAN,voc_emotic_ava___VOC2012__2012_004043.png,../../../mnt/ssd2/29o_rya/datasets/iqa/QualiSR-Set120/sr/RealESRGAN/voc_emotic_ava___VOC2012__2012_004043.png,QualiSR-Set120,voc_emotic_ava___VOC2012__2012_004043,RealESRGAN/voc_emotic_ava___VOC2012__2012_004043.png,../../../mnt/ssd2/29o_rya/datasets/iqa/QualiSR-Set120/hr/voc_emotic_ava___VOC2012__2012_004043.png,../../../mnt/ssd2/29o_rya/datasets/iqa/QualiSR-Set120/lr/voc_emotic_ava___VOC2012__2012_004043.png,train,9.865399,1.0471776,2.8584175,0.2768342,-5.689875,-2.2206726,5.130446,0.9812912,-0.9759469,-1.5590192,-2.9607663,-2.557729,5.644745,-2.1193938,0.7189281,1.293791,-0.11803818,-3.060113,0.023423791,-1.3370517,1.8830601,-1.0477748,0.8026955,1.6456487,-0.6518183,0.6627034,0.3354395,-0.28723735,1.5999186,-0.31727642,-0.11191953,0.6489958,-2.2591217,-0.18167466,-2.0888891,1.0555658,-0.2571899,-0.4155347,0.8992822,-0.50802493,1.0811146,0.24541673,0.13594031,-0.17698476,0.6702059,0.097507894,0.32852393,0.22055295,0.23248333,0.03361237,0.12131114,-0.010608092,0.1980967,-0.067890435,0.019706711,-0.055656023,-0.044802547,0.05590135,-0.16101287,-0.15515718,0.061565816,0.059572637,-0.026839316,-0.03236538,0.06557262,0.009945132,-0.013395272,-0.050446287,0.05292347,0.05013752,-0.02824612,-0.058176763,-0.051960215,-0.018021107,-0.043400034
QualiSR-Set120/SUPIR/voc_emotic_ava___VOC2012__2012_004043.npy.gz,SUPIR,voc_emotic_ava___VOC2012__2012_004043.png,../../../mnt/ssd2/29o_rya/datasets/iqa/QualiSR-Set120/sr/SUPIR/voc_emotic_ava___VOC2012__2012_004043.png,QualiSR-Set120,voc_emotic_ava___VOC2012__2012_004043,SUPIR/voc_emotic_ava___VOC2012__2012_004043.png,../../../mnt/ssd2/29o_rya/datasets/iqa/QualiSR-Set120/hr/voc_emotic_ava___VOC2012__2012_004043.png,../../../mnt/ssd2/29o_rya/datasets/iqa/QualiSR-Set120/lr/voc_emotic_ava___VOC2012__2012_004043.png,train,9.880776,1.0146624,2.8542924,0.29640675,-5.718022,-2.265739,5.136964,1.0128258,-0.9939984,-1.5970433,-2.9771533,-2.5749302,5.6631217,-2.140691,0.72570395,1.2983785,-0.119094074,-3.094876,0.007944018,-1.3770181,1.8980376,-1.0661929,0.81740206,1.6387043,-0.6495385,0.64204425,0.32157126,-0.299459,1.6154191,-0.3257137,-0.1097439,0.63791686,-2.257083,-0.19602627,-2.1141133,1.0552824,-0.25843632,-0.43445387,0.87028444,-0.48464265,1.0572371,0.256396,0.12458266,-0.1630877,0.6754958,0.09525952,0.33705938,0.22533031,0.2678166,0.034341186,0.11291322,-0.025244907,0.20422727,-0.058771387,0.011239186,-0.04681973,-0.065339684,0.06348914,-0.1735838,-0.15638275,0.024856716,0.063185975,-0.008705184,-0.03622943,0.0839532,0.007880822,0.00846529,-0.055258334,0.056731045,0.04489723,-0.0043355078,-0.066877335,-0.046478234,-0.02926834,-0.043341197
