sample_id,sr_method,sr_filename,sr_path,dataset,test_case,rel_path,gt_path,lr_path,set_type,resnet_pca_000,resnet_pca_001,resnet_pca_002,resnet_pca_003,resnet_pca_004,resnet_pca_005,resnet_pca_006,resnet_pca_007,resnet_pca_008,resnet_pca_009,resnet_pca_010,resnet_pca_011,resnet_pca_012,resnet_pca_013,resnet_pca_014,resnet_pca_015,resnet_pca_016,resnet_pca_017,resnet_pca_018,resnet_pca_019,resnet_pca_020,resnet_pca_021,resnet_pca_022,resnet_pca_023,resnet_pca_024,resnet_pca_025,resnet_pca_026,resnet_pca_027,resnet_pca_028,resnet_pca_029,resnet_pca_030,resnet_pca_031,resnet_pca_032,resnet_pca_033,resnet_pca_034,resnet_pca_035,resnet_pca_036,resnet_pca_037,resnet_pca_038,resnet_pca_039,resnet_pca_040,resnet_pca_041,resnet_pca_042,resnet_pca_043,resnet_pca_044,resnet_pca_045,resnet_pca_046,resnet_pca_047,resnet_pca_048,resnet_pca_049
QualiSR-Set120/PASD/1024x768___4962875195.npy.gz,PASD,1024x768___4962875195.png,../../../mnt/ssd2/29o_rya/datasets/iqa/QualiSR-Set120/sr/PASD/1024x768___4962875195.png,QualiSR-Set120,1024x768___4962875195,PASD/1024x768___4962875195.png,../../../mnt/ssd2/29o_rya/datasets/iqa/QualiSR-Set120/hr/1024x768___4962875195.png,../../../mnt/ssd2/29o_rya/datasets/iqa/QualiSR-Set120/lr/1024x768___4962875195.png,train,-0.6380513,-0.40738034,-1.3913939,-1.2599208,0.018696427,6.05274,-4.111467,-4.303002,-2.5989323,1.5601656,-3.7058659,0.37106258,3.7283692,-2.249256,-0.843915,0.67570394,4.406571,2.658355,2.4700055,-1.6584351,-0.026604146,-0.11376363,-0.50929666,0.6914316,0.53555727,-0.36895496,-0.2550285,-0.032484382,0.25648683,-0.6200859,-0.040822066,0.103979096,0.2624138,0.18084306,0.05040492,-0.04435283,0.20521882,0.10742083,0.24570723,0.01471959,0.0065837502,-0.049495906,-0.05555643,-0.1760289,0.01191324,-0.07809903,0.14754161,0.006512195,0.10680354,-0.12439498
QualiSR-Set120/RealESRGAN/1024x768___4962875195.npy.gz,RealESRGAN,1024x768___4962875195.png,../../../mnt/ssd2/29o_rya/datasets/iqa/QualiSR-Set120/sr/RealESRGAN/1024x768___4962875195.png,QualiSR-Set120,1024x768___4962875195,RealESRGAN/1024x768___4962875195.png,../../../mnt/ssd2/29o_rya/datasets/iqa/QualiSR-Set120/hr/1024x768___4962875195.png,../../../mnt/ssd2/29o_rya/datasets/iqa/QualiSR-Set120/lr/1024x768___4962875195.png,train,-0.6380513,-0.40738034,-1.3913939,-1.2599208,0.018696427,6.05274,-4.111467,-4.303002,-2.5989323,1.5601656,-3.7058659,0.37106258,3.7283692,-2.249256,-0.843915,0.67570394,4.406571,2.658355,2.4700055,-1.6584351,-0.026604146,-0.11376363,-0.50929666,0.6914316,0.53555727,-0.36895496,-0.2550285,-0.032484382,0.25648683,-0.6200859,-0.040822066,0.103979096,0.2624138,0.18084306,0.05040492,-0.04435283,0.20521882,0.10742083,0.24570723,0.01471959,0.0065837502,-0.049495906,-0.05555643,-0.1760289,0.01191324,-0.07809903,0.14754161,0.006512195,0.10680354,-0.12439498
QualiSR-Set120/SUPIR/1024x768___4962875195.npy.gz,SUPIR,1024x768___4962875195.png,../../../mnt/ssd2/29o_rya/datasets/iqa/QualiSR-Set120/sr/SUPIR/1024x768___4962875195.png,QualiSR-Set120,1024x768___4962875195,SUPIR/1024x768___4962875195.png,../../../mnt/ssd2/29o_rya/datasets/iqa/QualiSR-Set120/hr/1024x768___4962875195.png,../../../mnt/ssd2/29o_rya/datasets/iqa/QualiSR-Set120/lr/1024x768___4962875195.png,train,-0.6380513,-0.40738034,-1.3913939,-1.2599208,0.018696427,6.05274,-4.111467,-4.303002,-2.5989323,1.5601656,-3.7058659,0.37106258,3.7283692,-2.249256,-0.843915,0.67570394,4.406571,2.658355,2.4700055,-1.6584351,-0.026604146,-0.11376363,-0.50929666,0.6914316,0.53555727,-0.36895496,-0.2550285,-0.032484382,0.25648683,-0.6200859,-0.040822066,0.103979096,0.2624138,0.18084306,0.05040492,-0.04435283,0.20521882,0.10742083,0.24570723,0.01471959,0.0065837502,-0.049495906,-0.05555643,-0.1760289,0.01191324,-0.07809903,0.14754161,0.006512195,0.10680354,-0.12439498
QualiSR-Set120/PASD/ava_images___101816.npy.gz,PASD,ava_images___101816.png,../../../mnt/ssd2/29o_rya/datasets/iqa/QualiSR-Set120/sr/PASD/ava_images___101816.png,QualiSR-Set120,ava_images___101816,PASD/ava_images___101816.png,../../../mnt/ssd2/29o_rya/datasets/iqa/QualiSR-Set120/hr/ava_images___101816.png,../../../mnt/ssd2/29o_rya/datasets/iqa/QualiSR-Set120/lr/ava_images___101816.png,train,1.4992558,1.1749134,2.144257,-1.7195958,-4.045351,0.7523575,1.4401987,-0.865502,1.715008,0.80767393,0.030129403,0.34011328,0.20650291,-0.5938189,0.05869575,-1.4210341,-2.0970268,0.952229,0.9025967,1.9061958,-1.4109691,-2.2762372,0.96679145,-3.5082712,2.701091,-1.3537903,-2.9738035,-0.27041966,-0.71781,-4.26896,-4.82852,1.5156926,-0.51838505,-0.21572614,-0.15745753,0.07892211,-0.14114216,0.6462209,-0.43801683,0.46232894,-1.1353278,-0.21840337,0.10411319,0.74127734,0.35854512,-0.61426556,0.41524118,-0.073848784,0.04787898,0.28689474
QualiSR-Set120/RealESRGAN/ava_images___101816.npy.gz,RealESRGAN,ava_images___101816.png,../../../mnt/ssd2/29o_rya/datasets/iqa/QualiSR-Set120/sr/RealESRGAN/ava_images___101816.png,QualiSR-Set120,ava_images___101816,RealESRGAN/ava_images___101816.png,../../../mnt/ssd2/29o_rya/datasets/iqa/QualiSR-Set120/hr/ava_images___101816.png,../../../mnt/ssd2/29o_rya/datasets/iqa/QualiSR-Set120/lr/ava_images___101816.png,train,1.510161,1.14493,2.1260684,-1.7203739,-4.055505,0.7404691,1.4327754,-0.856973,1.7263622,0.7800647,0.038859546,0.31873816,0.2342292,-0.60643053,0.06179145,-1.4261849,-2.0841465,0.9293104,0.9083364,1.8952326,-1.4073884,-2.2508075,0.9603955,-3.489649,2.7061071,-1.3584769,-2.9693384,-0.27116835,-0.7015911,-4.26417,-4.838093,1.5201813,-0.51637065,-0.2193546,-0.19902939,0.066262215,-0.15736082,0.68147194,-0.43125832,0.4944754,-1.2204944,-0.23516048,0.101146325,0.7893198,0.37868065,-0.6749742,0.4330388,-0.07997966,0.051849365,0.31956658
QualiSR-Set120/SUPIR/ava_images___101816.npy.gz,SUPIR,ava_images___101816.png,../../../mnt/ssd2/29o_rya/datasets/iqa/QualiSR-Set120/sr/SUPIR/ava_images___101816.png,QualiSR-Set120,ava_images___101816,SUPIR/ava_images___101816.png,../../../mnt/ssd2/29o_rya/datasets/iqa/QualiSR-Set120/hr/ava_images___101816.png,../../../mnt/ssd2/29o_rya/datasets/iqa/QualiSR-Set120/lr/ava_images___101816.png,train,1.4992558,1.1749134,2.144257,-1.7195958,-4.045351,0.7523575,1.4401987,-0.865502,1.715008,0.80767393,0.030129403,0.34011328,0.20650291,-0.5938189,0.05869575,-1.4210341,-2.0970268,0.952229,0.9025967,1.9061958,-1.4109691,-2.2762372,0.96679145,-3.5082712,2.701091,-1.3537903,-2.9738035,-0.27041966,-0.71781,-4.26896,-4.82852,1.5156926,-0.51838505,-0.21572614,-0.15745753,0.07892211,-0.14114216,0.6462209,-0.43801683,0.46232894,-1.1353278,-0.21840337,0.10411319,0.74127734,0.35854512,-0.61426556,0.41524118,-0.073848784,0.04787898,0.28689474
QualiSR-Set120/PASD/ava_images___158174.npy.gz,PASD,ava_images___158174.png,../../../mnt/ssd2/29o_rya/datasets/iqa/QualiSR-Set120/sr/PASD/ava_images___158174.png,QualiSR-Set120,ava_images___158174,PASD/ava_images___158174.png,../../../mnt/ssd2/29o_rya/datasets/iqa/QualiSR-Set120/hr/ava_images___158174.png,../../../mnt/ssd2/29o_rya/datasets/iqa/QualiSR-Set120/lr/ava_images___158174.png,train,-1.7426132,-5.102231,-7.928184,1.3979061,-0.16182768,-2.6520271,3.381185,3.7981806,-0.5357934,4.337499,-0.72945964,-3.2046304,1.8272117,-0.8051623,1.2124796,-5.2751565,-0.46400648,3.3472404,0.15771013,0.7376252,-0.1838097,0.33295947,0.15559053,0.28874552,0.20633802,0.17918617,0.58372474,0.031335205,0.19313997,-0.010204673,0.2470966,0.45844865,-0.13559112,-0.05831158,-0.07920779,-0.9503859,1.0071675,-1.093711,1.7201585,1.3892441,-0.18633437,0.41328177,-1.3575499,0.42030394,0.022702038,-0.08974251,-0.06340404,0.12632231,-0.09954256,0.20789883
QualiSR-Set120/RealESRGAN/ava_images___158174.npy.gz,RealESRGAN,ava_images___158174.png,../../../mnt/ssd2/29o_rya/datasets/iqa/QualiSR-Set120/sr/RealESRGAN/ava_images___158174.png,QualiSR-Set120,ava_images___158174,RealESRGAN/ava_images___158174.png,../../../mnt/ssd2/29o_rya/datasets/iqa/QualiSR-Set120/hr/ava_images___158174.png,../../../mnt/ssd2/29o_rya/datasets/iqa/QualiSR-Set120/lr/ava_images___158174.png,train,-1.7426132,-5.102231,-7.928184,1.3979061,-0.16182768,-2.6520271,3.381185,3.7981806,-0.5357934,4.337499,-0.72945964,-3.2046304,1.8272117,-0.8051623,1.2124796,-5.2751565,-0.46400648,3.3472404,0.15771013,0.7376252,-0.1838097,0.33295947,0.15559053,0.28874552,0.20633802,0.17918617,0.58372474,0.031335205,0.19313997,-0.010204673,0.2470966,0.45844865,-0.13559112,-0.05831158,-0.07920779,-0.9503859,1.0071675,-1.093711,1.7201585,1.3892441,-0.18633437,0.41328177,-1.3575499,0.42030394,0.022702038,-0.08974251,-0.06340404,0.12632231,-0.09954256,0.20789883
QualiSR-Set120/SUPIR/ava_images___158174.npy.gz,SUPIR,ava_images___158174.png,../../../mnt/ssd2/29o_rya/datasets/iqa/QualiSR-Set120/sr/SUPIR/ava_images___158174.png,QualiSR-Set120,ava_images___158174,SUPIR/ava_images___158174.png,../../../mnt/ssd2/29o_rya/datasets/iqa/QualiSR-Set120/hr/ava_images___158174.png,../../../mnt/ssd2/29o_rya/datasets/iqa/QualiSR-Set120/lr/ava_images___158174.png,train,-1.7426132,-5.102231,-7.928184,1.3979061,-0.16182768,-2.6520271,3.381185,3.7981806,-0.5357934,4.337499,-0.72945964,-3.2046304,1.8272117,-0.8051623,1.2124796,-5.2751565,-0.46400648,3.3472404,0.15771013,0.7376252,-0.1838097,0.33295947,0.15559053,0.28874552,0.20633802,0.17918617,0.58372474,0.031335205,0.19313997,-0.010204673,0.2470966,0.45844865,-0.13559112,-0.05831158,-0.07920779,-0.9503859,1.0071675,-1.093711,1.7201585,1.3892441,-0.18633437,0.41328177,-1.3575499,0.42030394,0.022702038,-0.08974251,-0.06340404,0.12632231,-0.09954256,0.20789883
QualiSR-Set120/PASD/ava_images___18037.npy.gz,PASD,ava_images___18037.png,../../../mnt/ssd2/29o_rya/datasets/iqa/QualiSR-Set120/sr/PASD/ava_images___18037.png,QualiSR-Set120,ava_images___18037,PASD/ava_images___18037.png,../../../mnt/ssd2/29o_rya/datasets/iqa/QualiSR-Set120/hr/ava_images___18037.png,../../../mnt/ssd2/29o_rya/datasets/iqa/QualiSR-Set120/lr/ava_images___18037.png,train,-3.3626034,8.549742,-1.2670228,3.4744084,0.1502155,-1.2934556,0.8823285,0.41489184,-0.22036874,0.14567742,-0.23867336,0.68647593,-0.3767072,-0.21227562,0.07742296,0.867891,0.56931597,0.2708068,1.108663,-1.1241586,-0.46974134,1.9669704,5.024707,-1.0983075,0.99605393,-0.7586821,3.3731098,-1.1484836,0.0104830265,-0.3195365,-0.18868014,-0.086490214,0.036315143,0.3455214,-0.1273424,-0.15251605,-0.10353745,0.16159037,-0.05261685,0.13213396,0.05076641,0.20724493,0.056265265,0.046941385,-0.035408676,-0.09316668,0.19448121,0.008915737,-0.09743434,0.01875329
QualiSR-Set120/RealESRGAN/ava_images___18037.npy.gz,RealESRGAN,ava_images___18037.png,../../../mnt/ssd2/29o_rya/datasets/iqa/QualiSR-Set120/sr/RealESRGAN/ava_images___18037.png,QualiSR-Set120,ava_images___18037,RealESRGAN/ava_images___18037.png,../../../mnt/ssd2/29o_rya/datasets/iqa/QualiSR-Set120/hr/ava_images___18037.png,../../../mnt/ssd2/29o_rya/datasets/iqa/QualiSR-Set120/lr/ava_images___18037.png,train,-3.3626034,8.549742,-1.2670228,3.4744084,0.1502155,-1.2934556,0.8823285,0.41489184,-0.22036874,0.14567742,-0.23867336,0.68647593,-0.3767072,-0.21227562,0.07742296,0.867891,0.56931597,0.2708068,1.108663,-1.1241586,-0.46974134,1.9669704,5.024707,-1.0983075,0.99605393,-0.7586821,3.3731098,-1.1484836,0.0104830265,-0.3195365,-0.18868014,-0.086490214,0.036315143,0.3455214,-0.1273424,-0.15251605,-0.10353745,0.16159037,-0.05261685,0.13213396,0.05076641,0.20724493,0.056265265,0.046941385,-0.035408676,-0.09316668,0.19448121,0.008915737,-0.09743434,0.01875329
QualiSR-Set120/SUPIR/ava_images___18037.npy.gz,SUPIR,ava_images___18037.png,../../../mnt/ssd2/29o_rya/datasets/iqa/QualiSR-Set120/sr/SUPIR/ava_images___18037.png,QualiSR-Set120,ava_images___18037,SUPIR/ava_images___18037.png,../../../mnt/ssd2/29o_rya/datasets/iqa/QualiSR-Set120/hr/ava_images___18037.png,../../../mnt/ssd2/29o_rya/datasets/iqa/QualiSR-Set120/lr/ava_images___18037.png,train,-3.3626034,8.549742,-1.2670228,3.4744084,0.1502155,-1.2934556,0.8823285,0.41489184,-0.22036874,0.14567742,-0.23867336,0.68647593,-0.3767072,-0.21227562,0.07742296,0.867891,0.56931597,0.2708068,1.108663,-1.1241586,-0.46974134,1.9669704,5.024707,-1.0983075,0.99605393,-0.7586821,3.3731098,-1.1484836,0.0104830265,-0.3195365,-0.18868014,-0.086490214,0.036315143,0.3455214,-0.1273424,-0.15251605,-0.10353745,0.16159037,-0.05261685,0.13213396,0.05076641,0.20724493,0.056265265,0.046941385,-0.035408676,-0.09316668,0.19448121,0.008915737,-0.09743434,0.01875329
QualiSR-Set120/PASD/ava_images___217590.npy.gz,PASD,ava_images___217590.png,../../../mnt/ssd2/29o_rya/datasets/iqa/QualiSR-Set120/sr/PASD/ava_images___217590.png,QualiSR-Set120,ava_images___217590,PASD/ava_images___217590.png,../../../mnt/ssd2/29o_rya/datasets/iqa/QualiSR-Set120/hr/ava_images___217590.png,../../../mnt/ssd2/29o_rya/datasets/iqa/QualiSR-Set120/lr/ava_images___217590.png,test,-2.2700777,4.4727554,-0.3297307,1.611166,-0.49756134,-0.04760027,0.18179666,-0.03429377,-1.1516318,0.009056378,-0.37205294,0.24729086,-0.59354866,0.07142399,0.06879918,0.2415179,-0.3185033,-0.17336531,0.35747755,-0.15048756,-0.42828456,0.7218092,2.3913593,-0.42978787,0.54619634,-0.3435949,1.8573515,-0.7769413,0.09619933,-0.12155604,-0.21393229,0.042414308,0.3213305,0.48825908,-0.2859739,-0.2559328,-0.14285645,0.037982225,-0.13741146,0.04637336,0.24060345,0.1635564,-0.07761337,0.15981469,0.30619538,-0.16537687,0.25614128,0.1269633,-0.33517164,-0.3073932
QualiSR-Set120/RealESRGAN/ava_images___217590.npy.gz,RealESRGAN,ava_images___217590.png,../../../mnt/ssd2/29o_rya/datasets/iqa/QualiSR-Set120/sr/RealESRGAN/ava_images___217590.png,QualiSR-Set120,ava_images___217590,RealESRGAN/ava_images___217590.png,../../../mnt/ssd2/29o_rya/datasets/iqa/QualiSR-Set120/hr/ava_images___217590.png,../../../mnt/ssd2/29o_rya/datasets/iqa/QualiSR-Set120/lr/ava_images___217590.png,test,-2.243442,4.458474,-0.32160717,1.5768104,-0.48735213,-0.07580495,0.18532777,-0.028872848,-1.1840147,0.008902326,-0.38174483,0.24902435,-0.57916963,0.0673278,0.067562595,0.26163173,-0.3347453,-0.15828727,0.3631873,-0.15244357,-0.43848276,0.7026542,2.371023,-0.42499608,0.5345645,-0.3289069,1.8542739,-0.7647592,0.09336534,-0.13277495,-0.21940497,0.05140251,0.33352163,0.5051663,-0.27686062,-0.23643549,-0.12936008,0.04412529,-0.16052902,0.048014995,0.2426942,0.1787259,-0.073693484,0.15978976,0.31428498,-0.16256379,0.26367977,0.108194456,-0.32964957,-0.31212148
QualiSR-Set120/SUPIR/ava_images___217590.npy.gz,SUPIR,ava_images___217590.png,../../../mnt/ssd2/29o_rya/datasets/iqa/QualiSR-Set120/sr/SUPIR/ava_images___217590.png,QualiSR-Set120,ava_images___217590,SUPIR/ava_images___217590.png,../../../mnt/ssd2/29o_rya/datasets/iqa/QualiSR-Set120/hr/ava_images___217590.png,../../../mnt/ssd2/29o_rya/datasets/iqa/QualiSR-Set120/lr/ava_images___217590.png,test,-2.2700777,4.4727554,-0.3297307,1.611166,-0.49756134,-0.04760027,0.18179666,-0.03429377,-1.1516318,0.009056378,-0.37205294,0.24729086,-0.59354866,0.07142399,0.06879918,0.2415179,-0.3185033,-0.17336531,0.35747755,-0.15048756,-0.42828456,0.7218092,2.3913593,-0.42978787,0.54619634,-0.3435949,1.8573515,-0.7769413,0.09619933,-0.12155604,-0.21393229,0.042414308,0.3213305,0.48825908,-0.2859739,-0.2559328,-0.14285645,0.037982225,-0.13741146,0.04637336,0.24060345,0.1635564,-0.07761337,0.15981469,0.30619538,-0.16537687,0.25614128,0.1269633,-0.33517164,-0.3073932
QualiSR-Set120/PASD/ava_images___251530.npy.gz,PASD,ava_images___251530.png,../../../mnt/ssd2/29o_rya/datasets/iqa/QualiSR-Set120/sr/PASD/ava_images___251530.png,QualiSR-Set120,ava_images___251530,PASD/ava_images___251530.png,../../../mnt/ssd2/29o_rya/datasets/iqa/QualiSR-Set120/hr/ava_images___251530.png,../../../mnt/ssd2/29o_rya/datasets/iqa/QualiSR-Set120/lr/ava_images___251530.png,train,-0.9832257,4.30005,1.7151654,-5.0107865,0.7401284,-3.8433604,-0.907206,1.113901,-3.25004,2.4140837,-1.9438617,2.21886,-0.7599369,1.2752573,-0.81005585,0.16255105,-2.654075,0.44313097,0.30247438,-0.5470485,-0.7562211,0.0066838562,-0.9647701,0.22358413,0.17078945,0.46105862,-0.9015912,-1.4883357,0.96251106,0.38457316,-0.45106715,0.21503335,1.2427195,4.3694124,-0.5248809,1.8472795,1.6747155,-0.78771174,0.3866998,-0.38349628,-0.25362122,-0.31840008,0.0888191,-0.22900173,0.043090433,-0.2818391,-0.06531803,0.05489725,-0.33412623,-0.1888032
QualiSR-Set120/RealESRGAN/ava_images___251530.npy.gz,RealESRGAN,ava_images___251530.png,../../../mnt/ssd2/29o_rya/datasets/iqa/QualiSR-Set120/sr/RealESRGAN/ava_images___251530.png,QualiSR-Set120,ava_images___251530,RealESRGAN/ava_images___251530.png,../../../mnt/ssd2/29o_rya/datasets/iqa/QualiSR-Set120/hr/ava_images___251530.png,../../../mnt/ssd2/29o_rya/datasets/iqa/QualiSR-Set120/lr/ava_images___251530.png,train,-0.9886427,4.363054,1.7294422,-5.0118656,0.74354756,-3.8857946,-0.89250624,1.1325365,-3.342872,2.4457858,-1.9710782,2.2200823,-0.7849691,1.2757401,-0.83162177,0.1834616,-2.663492,0.43813187,0.32136524,-0.5684591,-0.7831379,0.010756522,-0.9538342,0.22128914,0.18737802,0.46931374,-0.9034786,-1.5038437,0.96758616,0.3742502,-0.44030052,0.19862887,1.2295718,4.3534765,-0.50204694,1.8369337,1.6664188,-0.76186275,0.39012235,-0.36440223,-0.2561925,-0.28520414,0.09503572,-0.2257632,0.04008457,-0.26132447,-0.061997786,0.03690073,-0.3464617,-0.17631473
QualiSR-Set120/SUPIR/ava_images___251530.npy.gz,SUPIR,ava_images___251530.png,../../../mnt/ssd2/29o_rya/datasets/iqa/QualiSR-Set120/sr/SUPIR/ava_images___251530.png,QualiSR-Set120,ava_images___251530,SUPIR/ava_images___251530.png,../../../mnt/ssd2/29o_rya/datasets/iqa/QualiSR-Set120/hr/ava_images___251530.png,../../../mnt/ssd2/29o_rya/datasets/iqa/QualiSR-Set120/lr/ava_images___251530.png,train,-0.9832257,4.30005,1.7151654,-5.0107865,0.7401284,-3.8433604,-0.907206,1.113901,-3.25004,2.4140837,-1.9438617,2.21886,-0.7599369,1.2752573,-0.81005585,0.16255105,-2.654075,0.44313097,0.30247438,-0.5470485,-0.7562211,0.0066838562,-0.9647701,0.22358413,0.17078945,0.46105862,-0.9015912,-1.4883357,0.96251106,0.38457316,-0.45106715,0.21503335,1.2427195,4.3694124,-0.5248809,1.8472795,1.6747155,-0.78771174,0.3866998,-0.38349628,-0.25362122,-0.31840008,0.0888191,-0.22900173,0.043090433,-0.2818391,-0.06531803,0.05489725,-0.33412623,-0.1888032
QualiSR-Set120/PASD/ava_images___253900.npy.gz,PASD,ava_images___253900.png,../../../mnt/ssd2/29o_rya/datasets/iqa/QualiSR-Set120/sr/PASD/ava_images___253900.png,QualiSR-Set120,ava_images___253900,PASD/ava_images___253900.png,../../../mnt/ssd2/29o_rya/datasets/iqa/QualiSR-Set120/hr/ava_images___253900.png,../../../mnt/ssd2/29o_rya/datasets/iqa/QualiSR-Set120/lr/ava_images___253900.png,train,4.471296,6.358472,-3.183626,-1.1297222,4.855309,-1.8452237,2.9926217,-0.9946674,1.0015854,-1.3720976,1.3391973,-0.6743356,-3.5396814,-5.1602607,2.7412782,1.1334863,1.1611693,0.7048544,2.1067524,-1.1430062,-1.5936037,-0.16403404,-0.6012291,0.6474771,1.5112659,1.3507639,-2.4502678,1.0125886,0.53514296,1.0821732,-0.07119806,0.01710105,-0.62441015,1.012217,1.1663986,-0.35296875,0.25906575,0.49590197,-0.43729538,1.0232332,1.1895876,2.0807269,0.92890006,0.8538938,0.012565792,0.07878706,-0.24128781,-0.00041809678,0.30196095,0.31691197
QualiSR-Set120/RealESRGAN/ava_images___253900.npy.gz,RealESRGAN,ava_images___253900.png,../../../mnt/ssd2/29o_rya/datasets/iqa/QualiSR-Set120/sr/RealESRGAN/ava_images___253900.png,QualiSR-Set120,ava_images___253900,RealESRGAN/ava_images___253900.png,../../../mnt/ssd2/29o_rya/datasets/iqa/QualiSR-Set120/hr/ava_images___253900.png,../../../mnt/ssd2/29o_rya/datasets/iqa/QualiSR-Set120/lr/ava_images___253900.png,train,4.4715405,6.4475884,-3.1634839,-1.1945773,4.9169893,-1.8411663,2.920518,-0.9703973,1.0274466,-1.3195516,1.3507351,-0.5912857,-3.5386338,-5.1399417,2.735902,1.1699555,1.0764,0.72186023,2.0667052,-1.1672199,-1.5794725,-0.12281132,-0.5997503,0.64223737,1.5464997,1.3976499,-2.4475856,0.9402733,0.55852586,1.0533102,-0.097397186,-0.0023245215,-0.6291045,1.0139568,1.1826636,-0.34076,0.24734649,0.50685394,-0.43376738,1.1088614,1.2301903,2.0767972,0.9223667,0.8635077,-0.014241874,0.06653413,-0.21525781,0.014692679,0.35678685,0.32874024
QualiSR-Set120/SUPIR/ava_images___253900.npy.gz,SUPIR,ava_images___253900.png,../../../mnt/ssd2/29o_rya/datasets/iqa/QualiSR-Set120/sr/SUPIR/ava_images___253900.png,QualiSR-Set120,ava_images___253900,SUPIR/ava_images___253900.png,../../../mnt/ssd2/29o_rya/datasets/iqa/QualiSR-Set120/hr/ava_images___253900.png,../../../mnt/ssd2/29o_rya/datasets/iqa/QualiSR-Set120/lr/ava_images___253900.png,train,4.471296,6.358472,-3.183626,-1.1297222,4.855309,-1.8452237,2.9926217,-0.9946674,1.0015854,-1.3720976,1.3391973,-0.6743356,-3.5396814,-5.1602607,2.7412782,1.1334863,1.1611693,0.7048544,2.1067524,-1.1430062,-1.5936037,-0.16403404,-0.6012291,0.6474771,1.5112659,1.3507639,-2.4502678,1.0125886,0.53514296,1.0821732,-0.07119806,0.01710105,-0.62441015,1.012217,1.1663986,-0.35296875,0.25906575,0.49590197,-0.43729538,1.0232332,1.1895876,2.0807269,0.92890006,0.8538938,0.012565792,0.07878706,-0.24128781,-0.00041809678,0.30196095,0.31691197
QualiSR-Set120/PASD/ava_images___273810.npy.gz,PASD,ava_images___273810.png,../../../mnt/ssd2/29o_rya/datasets/iqa/QualiSR-Set120/sr/PASD/ava_images___273810.png,QualiSR-Set120,ava_images___273810,PASD/ava_images___273810.png,../../../mnt/ssd2/29o_rya/datasets/iqa/QualiSR-Set120/hr/ava_images___273810.png,../../../mnt/ssd2/29o_rya/datasets/iqa/QualiSR-Set120/lr/ava_images___273810.png,train,-2.7801394,-4.743374,-3.7546208,0.6958611,-2.1513298,0.019515276,2.9464135,1.911415,1.0329769,5.2416325,0.533081,2.5134978,-1.531932,-1.6349593,-2.647931,5.757991,0.554076,-3.3687963,1.2154882,0.18103607,0.06732459,-0.8510201,-0.9156965,-0.3318541,0.77920127,0.59557784,0.43332022,0.680601,-0.27973765,-0.3157844,0.10574914,-0.3983574,0.045523435,-0.21417275,-0.041768104,-0.28048682,0.36561182,-0.13471982,0.1277929,0.55291986,-0.5091319,-0.019602835,-0.17839102,-0.88364,0.011181295,0.42974573,0.14579028,0.03440118,0.47669947,0.5657202
QualiSR-Set120/RealESRGAN/ava_images___273810.npy.gz,RealESRGAN,ava_images___273810.png,../../../mnt/ssd2/29o_rya/datasets/iqa/QualiSR-Set120/sr/RealESRGAN/ava_images___273810.png,QualiSR-Set120,ava_images___273810,RealESRGAN/ava_images___273810.png,../../../mnt/ssd2/29o_rya/datasets/iqa/QualiSR-Set120/hr/ava_images___273810.png,../../../mnt/ssd2/29o_rya/datasets/iqa/QualiSR-Set120/lr/ava_images___273810.png,train,-2.8306985,-4.76056,-3.7765954,0.7051443,-2.152617,0.05112803,2.9649613,1.9317006,1.0157002,5.283605,0.55040765,2.505784,-1.557747,-1.6529261,-2.6762733,5.8278046,0.5535305,-3.392561,1.2362479,0.20221862,0.086749956,-0.85050607,-0.9231571,-0.3123699,0.7750344,0.60451615,0.40160924,0.6606859,-0.30179816,-0.30495507,0.09930854,-0.37220466,0.024496228,-0.2237423,-0.06396215,-0.27764294,0.38377634,-0.09763315,0.14225283,0.543232,-0.4683839,-0.043449327,-0.14854313,-0.88866454,-0.02216667,0.3780294,0.13269892,0.040863097,0.45456386,0.5475682
QualiSR-Set120/SUPIR/ava_images___273810.npy.gz,SUPIR,ava_images___273810.png,../../../mnt/ssd2/29o_rya/datasets/iqa/QualiSR-Set120/sr/SUPIR/ava_images___273810.png,QualiSR-Set120,ava_images___273810,SUPIR/ava_images___273810.png,../../../mnt/ssd2/29o_rya/datasets/iqa/QualiSR-Set120/hr/ava_images___273810.png,../../../mnt/ssd2/29o_rya/datasets/iqa/QualiSR-Set120/lr/ava_images___273810.png,train,-2.7801394,-4.743374,-3.7546208,0.6958611,-2.1513298,0.019515276,2.9464135,1.911415,1.0329769,5.2416325,0.533081,2.5134978,-1.531932,-1.6349593,-2.647931,5.757991,0.554076,-3.3687963,1.2154882,0.18103607,0.06732459,-0.8510201,-0.9156965,-0.3318541,0.77920127,0.59557784,0.43332022,0.680601,-0.27973765,-0.3157844,0.10574914,-0.3983574,0.045523435,-0.21417275,-0.041768104,-0.28048682,0.36561182,-0.13471982,0.1277929,0.55291986,-0.5091319,-0.019602835,-0.17839102,-0.88364,0.011181295,0.42974573,0.14579028,0.03440118,0.47669947,0.5657202
QualiSR-Set120/PASD/ava_images___295451.npy.gz,PASD,ava_images___295451.png,../../../mnt/ssd2/29o_rya/datasets/iqa/QualiSR-Set120/sr/PASD/ava_images___295451.png,QualiSR-Set120,ava_images___295451,PASD/ava_images___295451.png,../../../mnt/ssd2/29o_rya/datasets/iqa/QualiSR-Set120/hr/ava_images___295451.png,../../../mnt/ssd2/29o_rya/datasets/iqa/QualiSR-Set120/lr/ava_images___295451.png,train,-2.2521832,-2.563722,-1.4342556,-0.24572378,-0.9073564,0.7388493,0.8276582,-0.46622628,-0.27486685,0.050826468,1.2036544,1.4985187,0.23103023,1.0729632,-0.24097934,0.51349616,-0.9836909,0.38802677,-1.1985736,-1.19338,-2.978174,-1.3497591,4.008713,4.2974176,-2.680034,-0.21818875,-2.7447152,1.1987855,-0.92866683,-1.2916384,0.52213466,0.08190963,0.28899637,0.01178515,-0.1703488,-0.49073583,0.081432186,0.1315501,-0.19643137,0.46570668,0.32568,0.2413815,0.43334728,-0.83942014,0.067052186,-1.0140015,-0.013274074,0.8075614,-1.1370112,-0.2538779
QualiSR-Set120/RealESRGAN/ava_images___295451.npy.gz,RealESRGAN,ava_images___295451.png,../../../mnt/ssd2/29o_rya/datasets/iqa/QualiSR-Set120/sr/RealESRGAN/ava_images___295451.png,QualiSR-Set120,ava_images___295451,RealESRGAN/ava_images___295451.png,../../../mnt/ssd2/29o_rya/datasets/iqa/QualiSR-Set120/hr/ava_images___295451.png,../../../mnt/ssd2/29o_rya/datasets/iqa/QualiSR-Set120/lr/ava_images___295451.png,train,-2.2853665,-2.5599368,-1.4265404,-0.23862639,-0.9196074,0.7330855,0.81528074,-0.4727347,-0.29675284,0.07337858,1.212748,1.4729546,0.21820796,1.0486784,-0.2275286,0.5168305,-0.98141843,0.37638578,-1.2149949,-1.1857269,-2.958259,-1.3494132,3.98885,4.2884784,-2.653721,-0.22206454,-2.7158618,1.199085,-0.92531693,-1.2751937,0.525807,0.08830392,0.2714588,0.021538302,-0.17341541,-0.489313,0.05509638,0.1045883,-0.17409551,0.46268615,0.3358851,0.23126546,0.4663695,-0.8308019,0.03716457,-1.0292352,0.007683009,0.8203747,-1.1515825,-0.2651432
QualiSR-Set120/SUPIR/ava_images___295451.npy.gz,SUPIR,ava_images___295451.png,../../../mnt/ssd2/29o_rya/datasets/iqa/QualiSR-Set120/sr/SUPIR/ava_images___295451.png,QualiSR-Set120,ava_images___295451,SUPIR/ava_images___295451.png,../../../mnt/ssd2/29o_rya/datasets/iqa/QualiSR-Set120/hr/ava_images___295451.png,../../../mnt/ssd2/29o_rya/datasets/iqa/QualiSR-Set120/lr/ava_images___295451.png,train,-2.2521832,-2.563722,-1.4342556,-0.24572378,-0.9073564,0.7388493,0.8276582,-0.46622628,-0.27486685,0.050826468,1.2036544,1.4985187,0.23103023,1.0729632,-0.24097934,0.51349616,-0.9836909,0.38802677,-1.1985736,-1.19338,-2.978174,-1.3497591,4.008713,4.2974176,-2.680034,-0.21818875,-2.7447152,1.1987855,-0.92866683,-1.2916384,0.52213466,0.08190963,0.28899637,0.01178515,-0.1703488,-0.49073583,0.081432186,0.1315501,-0.19643137,0.46570668,0.32568,0.2413815,0.43334728,-0.83942014,0.067052186,-1.0140015,-0.013274074,0.8075614,-1.1370112,-0.2538779
QualiSR-Set120/PASD/ava_images___308473.npy.gz,PASD,ava_images___308473.png,../../../mnt/ssd2/29o_rya/datasets/iqa/QualiSR-Set120/sr/PASD/ava_images___308473.png,QualiSR-Set120,ava_images___308473,PASD/ava_images___308473.png,../../../mnt/ssd2/29o_rya/datasets/iqa/QualiSR-Set120/hr/ava_images___308473.png,../../../mnt/ssd2/29o_rya/datasets/iqa/QualiSR-Set120/lr/ava_images___308473.png,train,8.51733,3.9433134,-1.5976913,-2.8233566,4.9041233,2.0454922,2.8529046,-1.5507138,4.4837184,3.3277829,3.006825,2.1934783,2.1262197,0.6714009,-2.913105,-0.5774987,-1.309539,1.25775,-2.7832499,-3.0579116,3.7826068,-0.6412556,0.385905,-0.8272858,-0.87247217,-1.0313532,0.110305846,-0.62114584,0.20592868,0.030863345,0.11333417,-0.21544349,-0.8812461,0.80257434,2.5583453,-1.2405688,-0.759896,-0.6473099,0.8280006,-1.0606105,-0.5321201,-0.3840229,0.11401984,-0.4575743,0.486689,-0.23239455,0.25989062,0.0031951666,0.022754312,0.03919843
QualiSR-Set120/RealESRGAN/ava_images___308473.npy.gz,RealESRGAN,ava_images___308473.png,../../../mnt/ssd2/29o_rya/datasets/iqa/QualiSR-Set120/sr/RealESRGAN/ava_images___308473.png,QualiSR-Set120,ava_images___308473,RealESRGAN/ava_images___308473.png,../../../mnt/ssd2/29o_rya/datasets/iqa/QualiSR-Set120/hr/ava_images___308473.png,../../../mnt/ssd2/29o_rya/datasets/iqa/QualiSR-Set120/lr/ava_images___308473.png,train,8.540449,3.9589646,-1.569536,-2.8115854,4.8358545,2.0397184,2.897423,-1.5501809,4.453156,3.3227546,3.0186996,2.176131,2.10532,0.62385666,-2.9034626,-0.57841814,-1.3108165,1.2872236,-2.695211,-3.0558646,3.7437632,-0.6678367,0.3785413,-0.84530836,-0.8509531,-1.0465007,0.06745565,-0.6279793,0.1765158,0.037739217,0.14259636,-0.24760109,-0.8902221,0.7951996,2.6069665,-1.2267033,-0.7498211,-0.66580343,0.82916594,-1.1116321,-0.5201453,-0.3478107,0.11932436,-0.49080962,0.47976607,-0.19039924,0.2491246,-0.015288413,0.021435142,0.021852195
QualiSR-Set120/SUPIR/ava_images___308473.npy.gz,SUPIR,ava_images___308473.png,../../../mnt/ssd2/29o_rya/datasets/iqa/QualiSR-Set120/sr/SUPIR/ava_images___308473.png,QualiSR-Set120,ava_images___308473,SUPIR/ava_images___308473.png,../../../mnt/ssd2/29o_rya/datasets/iqa/QualiSR-Set120/hr/ava_images___308473.png,../../../mnt/ssd2/29o_rya/datasets/iqa/QualiSR-Set120/lr/ava_images___308473.png,train,8.51733,3.9433134,-1.5976913,-2.8233566,4.9041233,2.0454922,2.8529046,-1.5507138,4.4837184,3.3277829,3.006825,2.1934783,2.1262197,0.6714009,-2.913105,-0.5774987,-1.309539,1.25775,-2.7832499,-3.0579116,3.7826068,-0.6412556,0.385905,-0.8272858,-0.87247217,-1.0313532,0.110305846,-0.62114584,0.20592868,0.030863345,0.11333417,-0.21544349,-0.8812461,0.80257434,2.5583453,-1.2405688,-0.759896,-0.6473099,0.8280006,-1.0606105,-0.5321201,-0.3840229,0.11401984,-0.4575743,0.486689,-0.23239455,0.25989062,0.0031951666,0.022754312,0.03919843
QualiSR-Set120/PASD/ava_images___321917.npy.gz,PASD,ava_images___321917.png,../../../mnt/ssd2/29o_rya/datasets/iqa/QualiSR-Set120/sr/PASD/ava_images___321917.png,QualiSR-Set120,ava_images___321917,PASD/ava_images___321917.png,../../../mnt/ssd2/29o_rya/datasets/iqa/QualiSR-Set120/hr/ava_images___321917.png,../../../mnt/ssd2/29o_rya/datasets/iqa/QualiSR-Set120/lr/ava_images___321917.png,train,0.4748267,3.0868573,4.0557594,-3.0229142,3.3973403,0.89169073,2.4490454,3.8197565,-0.99144125,-0.13636875,-1.7405744,1.4383686,0.2125566,-0.065563574,-1.0428629,-1.5633197,0.742035,-0.165956,1.6682072,1.2848411,0.729417,-0.23545519,-0.49451685,0.090006635,-1.7173688,-1.3507285,2.0646484,5.3157153,-2.132151,0.11763859,-0.60437095,0.82212496,-0.20738283,0.48910505,0.017760739,0.39748555,0.17637265,0.37353322,-0.1656981,0.4087101,-0.022075057,0.27031213,-0.03601162,-0.15037227,-0.43346447,0.19617802,-0.16875567,-0.27395016,0.065574706,-0.036259413
QualiSR-Set120/RealESRGAN/ava_images___321917.npy.gz,RealESRGAN,ava_images___321917.png,../../../mnt/ssd2/29o_rya/datasets/iqa/QualiSR-Set120/sr/RealESRGAN/ava_images___321917.png,QualiSR-Set120,ava_images___321917,RealESRGAN/ava_images___321917.png,../../../mnt/ssd2/29o_rya/datasets/iqa/QualiSR-Set120/hr/ava_images___321917.png,../../../mnt/ssd2/29o_rya/datasets/iqa/QualiSR-Set120/lr/ava_images___321917.png,train,0.4748267,3.0868573,4.0557594,-3.0229142,3.3973403,0.89169073,2.4490454,3.8197565,-0.99144125,-0.13636875,-1.7405744,1.4383686,0.2125566,-0.065563574,-1.0428629,-1.5633197,0.742035,-0.165956,1.6682072,1.2848411,0.729417,-0.23545519,-0.49451685,0.090006635,-1.7173688,-1.3507285,2.0646484,5.3157153,-2.132151,0.11763859,-0.60437095,0.82212496,-0.20738283,0.48910505,0.017760739,0.39748555,0.17637265,0.37353322,-0.1656981,0.4087101,-0.022075057,0.27031213,-0.03601162,-0.15037227,-0.43346447,0.19617802,-0.16875567,-0.27395016,0.065574706,-0.036259413
QualiSR-Set120/SUPIR/ava_images___321917.npy.gz,SUPIR,ava_images___321917.png,../../../mnt/ssd2/29o_rya/datasets/iqa/QualiSR-Set120/sr/SUPIR/ava_images___321917.png,QualiSR-Set120,ava_images___321917,SUPIR/ava_images___321917.png,../../../mnt/ssd2/29o_rya/datasets/iqa/QualiSR-Set120/hr/ava_images___321917.png,../../../mnt/ssd2/29o_rya/datasets/iqa/QualiSR-Set120/lr/ava_images___321917.png,train,0.4748267,3.0868573,4.0557594,-3.0229142,3.3973403,0.89169073,2.4490454,3.8197565,-0.99144125,-0.13636875,-1.7405744,1.4383686,0.2125566,-0.065563574,-1.0428629,-1.5633197,0.742035,-0.165956,1.6682072,1.2848411,0.729417,-0.23545519,-0.49451685,0.090006635,-1.7173688,-1.3507285,2.0646484,5.3157153,-2.132151,0.11763859,-0.60437095,0.82212496,-0.20738283,0.48910505,0.017760739,0.39748555,0.17637265,0.37353322,-0.1656981,0.4087101,-0.022075057,0.27031213,-0.03601162,-0.15037227,-0.43346447,0.19617802,-0.16875567,-0.27395016,0.065574706,-0.036259413
QualiSR-Set120/PASD/ava_images___360165.npy.gz,PASD,ava_images___360165.png,../../../mnt/ssd2/29o_rya/datasets/iqa/QualiSR-Set120/sr/PASD/ava_images___360165.png,QualiSR-Set120,ava_images___360165,PASD/ava_images___360165.png,../../../mnt/ssd2/29o_rya/datasets/iqa/QualiSR-Set120/hr/ava_images___360165.png,../../../mnt/ssd2/29o_rya/datasets/iqa/QualiSR-Set120/lr/ava_images___360165.png,train,-1.511297,-0.6238972,0.35049957,-0.20301929,-1.4184619,1.5201659,-0.124347344,-1.1255833,0.06426117,0.22055668,0.5980334,-0.35746545,-0.40984982,-0.1872972,-0.215283,-0.76009905,-0.28927827,0.20802766,-0.059743896,0.7950154,-0.15466054,-0.8696656,0.7474278,0.73770005,-1.4498694,-0.41555542,0.02772811,-0.77083194,0.51495993,4.602739,-4.163151,-2.854761,-0.7317246,-0.36679816,-0.2427148,-0.0035970807,0.31045908,0.07720333,0.13507329,0.037434734,-0.17868495,0.18196586,0.11628411,-0.1453625,-0.19478065,0.027966857,-0.026088402,0.10128589,0.117501974,0.037269123
QualiSR-Set120/RealESRGAN/ava_images___360165.npy.gz,RealESRGAN,ava_images___360165.png,../../../mnt/ssd2/29o_rya/datasets/iqa/QualiSR-Set120/sr/RealESRGAN/ava_images___360165.png,QualiSR-Set120,ava_images___360165,RealESRGAN/ava_images___360165.png,../../../mnt/ssd2/29o_rya/datasets/iqa/QualiSR-Set120/hr/ava_images___360165.png,../../../mnt/ssd2/29o_rya/datasets/iqa/QualiSR-Set120/lr/ava_images___360165.png,train,-1.5029018,-0.6040742,0.36914754,-0.20845294,-1.4299802,1.5194693,-0.124734834,-1.1268623,0.08332887,0.21002984,0.5956847,-0.33496273,-0.4061188,-0.18579301,-0.21321964,-0.76404893,-0.2974192,0.2034441,-0.05763194,0.7914023,-0.16265798,-0.87225735,0.7365022,0.7365456,-1.4377615,-0.41577673,0.022190928,-0.76726997,0.5182868,4.584337,-4.1529016,-2.8398361,-0.7299622,-0.36243838,-0.23889111,0.00022810698,0.29974705,0.06585267,0.12695204,0.055938147,-0.18798041,0.17968318,0.10908048,-0.14324397,-0.20871258,0.03631404,-0.017007157,0.0972029,0.11560601,0.041869096
QualiSR-Set120/SUPIR/ava_images___360165.npy.gz,SUPIR,ava_images___360165.png,../../../mnt/ssd2/29o_rya/datasets/iqa/QualiSR-Set120/sr/SUPIR/ava_images___360165.png,QualiSR-Set120,ava_images___360165,SUPIR/ava_images___360165.png,../../../mnt/ssd2/29o_rya/datasets/iqa/QualiSR-Set120/hr/ava_images___360165.png,../../../mnt/ssd2/29o_rya/datasets/iqa/QualiSR-Set120/lr/ava_images___360165.png,train,-1.511297,-0.6238972,0.35049957,-0.20301929,-1.4184619,1.5201659,-0.124347344,-1.1255833,0.06426117,0.22055668,0.5980334,-0.35746545,-0.40984982,-0.1872972,-0.215283,-0.76009905,-0.28927827,0.20802766,-0.059743896,0.7950154,-0.15466054,-0.8696656,0.7474278,0.73770005,-1.4498694,-0.41555542,0.02772811,-0.77083194,0.51495993,4.602739,-4.163151,-2.854761,-0.7317246,-0.36679816,-0.2427148,-0.0035970807,0.31045908,0.07720333,0.13507329,0.037434734,-0.17868495,0.18196586,0.11628411,-0.1453625,-0.19478065,0.027966857,-0.026088402,0.10128589,0.117501974,0.037269123
QualiSR-Set120/PASD/ava_images___426629.npy.gz,PASD,ava_images___426629.png,../../../mnt/ssd2/29o_rya/datasets/iqa/QualiSR-Set120/sr/PASD/ava_images___426629.png,QualiSR-Set120,ava_images___426629,PASD/ava_images___426629.png,../../../mnt/ssd2/29o_rya/datasets/iqa/QualiSR-Set120/hr/ava_images___426629.png,../../../mnt/ssd2/29o_rya/datasets/iqa/QualiSR-Set120/lr/ava_images___426629.png,test,-0.2134043,4.265645,0.3524381,-0.92430866,0.8700081,-2.4577436,1.0735126,0.87611926,-2.28522,1.3403301,-1.7441983,0.60971934,-0.66660655,-0.09458807,-0.13482484,-0.51413375,-0.5153407,0.28162444,0.52123886,-0.22093613,-0.80431074,0.016816527,1.2646085,0.20904182,0.280548,-1.2089611,1.147598,0.55882,0.009010762,-0.03158647,-0.10158488,0.38626972,0.49107438,0.5660402,0.46935666,0.73857135,0.546961,0.6362699,0.026931003,-0.084140085,0.3034441,0.39970812,0.3870846,-0.08825654,-0.25718415,-0.18034193,0.15907498,-0.066313416,-0.07436019,0.17592454
QualiSR-Set120/RealESRGAN/ava_images___426629.npy.gz,RealESRGAN,ava_images___426629.png,../../../mnt/ssd2/29o_rya/datasets/iqa/QualiSR-Set120/sr/RealESRGAN/ava_images___426629.png,QualiSR-Set120,ava_images___426629,RealESRGAN/ava_images___426629.png,../../../mnt/ssd2/29o_rya/datasets/iqa/QualiSR-Set120/hr/ava_images___426629.png,../../../mnt/ssd2/29o_rya/datasets/iqa/QualiSR-Set120/lr/ava_images___426629.png,test,-0.2134043,4.265645,0.3524381,-0.92430866,0.8700081,-2.4577436,1.0735126,0.87611926,-2.28522,1.3403301,-1.7441983,0.60971934,-0.66660655,-0.09458807,-0.13482484,-0.51413375,-0.5153407,0.28162444,0.52123886,-0.22093613,-0.80431074,0.016816527,1.2646085,0.20904182,0.280548,-1.2089611,1.147598,0.55882,0.009010762,-0.03158647,-0.10158488,0.38626972,0.49107438,0.5660402,0.46935666,0.73857135,0.546961,0.6362699,0.026931003,-0.084140085,0.3034441,0.39970812,0.3870846,-0.08825654,-0.25718415,-0.18034193,0.15907498,-0.066313416,-0.07436019,0.17592454
QualiSR-Set120/SUPIR/ava_images___426629.npy.gz,SUPIR,ava_images___426629.png,../../../mnt/ssd2/29o_rya/datasets/iqa/QualiSR-Set120/sr/SUPIR/ava_images___426629.png,QualiSR-Set120,ava_images___426629,SUPIR/ava_images___426629.png,../../../mnt/ssd2/29o_rya/datasets/iqa/QualiSR-Set120/hr/ava_images___426629.png,../../../mnt/ssd2/29o_rya/datasets/iqa/QualiSR-Set120/lr/ava_images___426629.png,test,-0.2134043,4.265645,0.3524381,-0.92430866,0.8700081,-2.4577436,1.0735126,0.87611926,-2.28522,1.3403301,-1.7441983,0.60971934,-0.66660655,-0.09458807,-0.13482484,-0.51413375,-0.5153407,0.28162444,0.52123886,-0.22093613,-0.80431074,0.016816527,1.2646085,0.20904182,0.280548,-1.2089611,1.147598,0.55882,0.009010762,-0.03158647,-0.10158488,0.38626972,0.49107438,0.5660402,0.46935666,0.73857135,0.546961,0.6362699,0.026931003,-0.084140085,0.3034441,0.39970812,0.3870846,-0.08825654,-0.25718415,-0.18034193,0.15907498,-0.066313416,-0.07436019,0.17592454
QualiSR-Set120/PASD/ava_images___436880.npy.gz,PASD,ava_images___436880.png,../../../mnt/ssd2/29o_rya/datasets/iqa/QualiSR-Set120/sr/PASD/ava_images___436880.png,QualiSR-Set120,ava_images___436880,PASD/ava_images___436880.png,../../../mnt/ssd2/29o_rya/datasets/iqa/QualiSR-Set120/hr/ava_images___436880.png,../../../mnt/ssd2/29o_rya/datasets/iqa/QualiSR-Set120/lr/ava_images___436880.png,train,8.167823,1.00258,-0.56865984,-2.2228365,0.22596574,0.9647774,1.7696208,-0.42738408,3.890873,2.013822,-2.0675423,2.8924363,1.2847646,4.2369227,3.0660331,1.3006418,1.3505027,1.9855984,0.0798367,3.1830978,-2.3229992,1.562227,0.16862449,0.52788585,0.29449466,3.2979474,0.81823206,0.17133355,0.43413997,0.632469,-0.024065442,-0.0057403445,-0.40554795,-0.077985525,0.46490723,0.2146375,0.10798628,1.2861117,-1.0906124,0.06845253,1.2525673,-1.2958055,-1.7208016,0.13804227,-0.07372272,-0.31606847,-0.5335218,0.17822486,-0.1983554,-0.35494375
QualiSR-Set120/RealESRGAN/ava_images___436880.npy.gz,RealESRGAN,ava_images___436880.png,../../../mnt/ssd2/29o_rya/datasets/iqa/QualiSR-Set120/sr/RealESRGAN/ava_images___436880.png,QualiSR-Set120,ava_images___436880,RealESRGAN/ava_images___436880.png,../../../mnt/ssd2/29o_rya/datasets/iqa/QualiSR-Set120/hr/ava_images___436880.png,../../../mnt/ssd2/29o_rya/datasets/iqa/QualiSR-Set120/lr/ava_images___436880.png,train,8.167823,1.00258,-0.56865984,-2.2228365,0.22596574,0.9647774,1.7696208,-0.42738408,3.890873,2.013822,-2.0675423,2.8924363,1.2847646,4.2369227,3.0660331,1.3006418,1.3505027,1.9855984,0.0798367,3.1830978,-2.3229992,1.562227,0.16862449,0.52788585,0.29449466,3.2979474,0.81823206,0.17133355,0.43413997,0.632469,-0.024065442,-0.0057403445,-0.40554795,-0.077985525,0.46490723,0.2146375,0.10798628,1.2861117,-1.0906124,0.06845253,1.2525673,-1.2958055,-1.7208016,0.13804227,-0.07372272,-0.31606847,-0.5335218,0.17822486,-0.1983554,-0.35494375
QualiSR-Set120/SUPIR/ava_images___436880.npy.gz,SUPIR,ava_images___436880.png,../../../mnt/ssd2/29o_rya/datasets/iqa/QualiSR-Set120/sr/SUPIR/ava_images___436880.png,QualiSR-Set120,ava_images___436880,SUPIR/ava_images___436880.png,../../../mnt/ssd2/29o_rya/datasets/iqa/QualiSR-Set120/hr/ava_images___436880.png,../../../mnt/ssd2/29o_rya/datasets/iqa/QualiSR-Set120/lr/ava_images___436880.png,train,8.167823,1.00258,-0.56865984,-2.2228365,0.22596574,0.9647774,1.7696208,-0.42738408,3.890873,2.013822,-2.0675423,2.8924363,1.2847646,4.2369227,3.0660331,1.3006418,1.3505027,1.9855984,0.0798367,3.1830978,-2.3229992,1.562227,0.16862449,0.52788585,0.29449466,3.2979474,0.81823206,0.17133355,0.43413997,0.632469,-0.024065442,-0.0057403445,-0.40554795,-0.077985525,0.46490723,0.2146375,0.10798628,1.2861117,-1.0906124,0.06845253,1.2525673,-1.2958055,-1.7208016,0.13804227,-0.07372272,-0.31606847,-0.5335218,0.17822486,-0.1983554,-0.35494375
QualiSR-Set120/PASD/ava_images___46021.npy.gz,PASD,ava_images___46021.png,../../../mnt/ssd2/29o_rya/datasets/iqa/QualiSR-Set120/sr/PASD/ava_images___46021.png,QualiSR-Set120,ava_images___46021,PASD/ava_images___46021.png,../../../mnt/ssd2/29o_rya/datasets/iqa/QualiSR-Set120/hr/ava_images___46021.png,../../../mnt/ssd2/29o_rya/datasets/iqa/QualiSR-Set120/lr/ava_images___46021.png,train,-1.8868072,-2.2252865,0.9116119,-1.2876065,2.901434,3.1421275,-0.5851117,5.8768845,-1.2584931,-3.3442104,3.1375413,-0.15247796,4.383985,0.3268087,2.791058,3.9825675,-3.389153,2.3517234,0.31173497,-0.82676166,-1.0358725,0.11191195,-0.9772775,-1.3079299,1.0978391,-0.35695887,0.7114453,-0.32871425,0.8172895,0.28011745,0.08640786,-0.11159271,0.17096242,-0.0017861575,-0.06662674,-0.49262828,-0.1284607,0.02581045,0.24796687,0.8948651,0.43610743,-0.4079755,0.53991145,-0.51316863,-0.7190942,-0.13187885,0.7454006,0.04732783,0.73697376,0.28378147
QualiSR-Set120/RealESRGAN/ava_images___46021.npy.gz,RealESRGAN,ava_images___46021.png,../../../mnt/ssd2/29o_rya/datasets/iqa/QualiSR-Set120/sr/RealESRGAN/ava_images___46021.png,QualiSR-Set120,ava_images___46021,RealESRGAN/ava_images___46021.png,../../../mnt/ssd2/29o_rya/datasets/iqa/QualiSR-Set120/hr/ava_images___46021.png,../../../mnt/ssd2/29o_rya/datasets/iqa/QualiSR-Set120/lr/ava_images___46021.png,train,-1.8868072,-2.2252865,0.9116119,-1.2876065,2.901434,3.1421275,-0.5851117,5.8768845,-1.2584931,-3.3442104,3.1375413,-0.15247796,4.383985,0.3268087,2.791058,3.9825675,-3.389153,2.3517234,0.31173497,-0.82676166,-1.0358725,0.11191195,-0.9772775,-1.3079299,1.0978391,-0.35695887,0.7114453,-0.32871425,0.8172895,0.28011745,0.08640786,-0.11159271,0.17096242,-0.0017861575,-0.06662674,-0.49262828,-0.1284607,0.02581045,0.24796687,0.8948651,0.43610743,-0.4079755,0.53991145,-0.51316863,-0.7190942,-0.13187885,0.7454006,0.04732783,0.73697376,0.28378147
QualiSR-Set120/SUPIR/ava_images___46021.npy.gz,SUPIR,ava_images___46021.png,../../../mnt/ssd2/29o_rya/datasets/iqa/QualiSR-Set120/sr/SUPIR/ava_images___46021.png,QualiSR-Set120,ava_images___46021,SUPIR/ava_images___46021.png,../../../mnt/ssd2/29o_rya/datasets/iqa/QualiSR-Set120/hr/ava_images___46021.png,../../../mnt/ssd2/29o_rya/datasets/iqa/QualiSR-Set120/lr/ava_images___46021.png,train,-1.8868072,-2.2252865,0.9116119,-1.2876065,2.901434,3.1421275,-0.5851117,5.8768845,-1.2584931,-3.3442104,3.1375413,-0.15247796,4.383985,0.3268087,2.791058,3.9825675,-3.389153,2.3517234,0.31173497,-0.82676166,-1.0358725,0.11191195,-0.9772775,-1.3079299,1.0978391,-0.35695887,0.7114453,-0.32871425,0.8172895,0.28011745,0.08640786,-0.11159271,0.17096242,-0.0017861575,-0.06662674,-0.49262828,-0.1284607,0.02581045,0.24796687,0.8948651,0.43610743,-0.4079755,0.53991145,-0.51316863,-0.7190942,-0.13187885,0.7454006,0.04732783,0.73697376,0.28378147
QualiSR-Set120/PASD/ava_images___472713.npy.gz,PASD,ava_images___472713.png,../../../mnt/ssd2/29o_rya/datasets/iqa/QualiSR-Set120/sr/PASD/ava_images___472713.png,QualiSR-Set120,ava_images___472713,PASD/ava_images___472713.png,../../../mnt/ssd2/29o_rya/datasets/iqa/QualiSR-Set120/hr/ava_images___472713.png,../../../mnt/ssd2/29o_rya/datasets/iqa/QualiSR-Set120/lr/ava_images___472713.png,test,-0.87364805,-1.5942537,-0.022747278,0.8434472,-1.2944609,1.2150216,-0.071005635,0.9532441,0.63428044,-0.14159384,-0.26688388,1.2917267,-1.2611538,0.3051728,-0.16422573,0.6730562,0.23885477,-0.2918064,0.66160166,-0.15559931,1.160632,0.44278932,0.1162826,-0.10002084,-0.6511473,0.73053026,-1.0915279,-1.3684119,0.24668711,-0.22151703,-0.14517891,-0.07601112,-0.33644322,-0.05969006,0.33190578,-0.01650247,0.6994757,0.7727665,0.72949594,0.043737195,-0.08127165,-0.09275307,-0.3701061,-0.17182142,-0.39553946,0.011825293,-0.46121663,0.12735188,0.0257231,0.19480495
QualiSR-Set120/RealESRGAN/ava_images___472713.npy.gz,RealESRGAN,ava_images___472713.png,../../../mnt/ssd2/29o_rya/datasets/iqa/QualiSR-Set120/sr/RealESRGAN/ava_images___472713.png,QualiSR-Set120,ava_images___472713,RealESRGAN/ava_images___472713.png,../../../mnt/ssd2/29o_rya/datasets/iqa/QualiSR-Set120/hr/ava_images___472713.png,../../../mnt/ssd2/29o_rya/datasets/iqa/QualiSR-Set120/lr/ava_images___472713.png,test,-0.8338783,-1.595996,-0.02305895,0.8363545,-1.2733676,1.2147634,-0.08878039,0.9558028,0.64031327,-0.13798976,-0.26941225,1.2882189,-1.2513871,0.3144303,-0.17422265,0.65176934,0.23979658,-0.2615891,0.6735875,-0.15632348,1.1503029,0.45841652,0.12205676,-0.08303808,-0.6515805,0.72336197,-1.0917491,-1.3734748,0.2505452,-0.21368414,-0.13733469,-0.06565741,-0.35106453,-0.042311966,0.33147615,0.006529957,0.686241,0.74822795,0.7243314,0.06469867,-0.08335233,-0.08421245,-0.3942052,-0.18361616,-0.3878901,0.031588912,-0.48247355,0.14816436,0.020187259,0.19147974
QualiSR-Set120/SUPIR/ava_images___472713.npy.gz,SUPIR,ava_images___472713.png,../../../mnt/ssd2/29o_rya/datasets/iqa/QualiSR-Set120/sr/SUPIR/ava_images___472713.png,QualiSR-Set120,ava_images___472713,SUPIR/ava_images___472713.png,../../../mnt/ssd2/29o_rya/datasets/iqa/QualiSR-Set120/hr/ava_images___472713.png,../../../mnt/ssd2/29o_rya/datasets/iqa/QualiSR-Set120/lr/ava_images___472713.png,test,-0.87364805,-1.5942537,-0.022747278,0.8434472,-1.2944609,1.2150216,-0.071005635,0.9532441,0.63428044,-0.14159384,-0.26688388,1.2917267,-1.2611538,0.3051728,-0.16422573,0.6730562,0.23885477,-0.2918064,0.66160166,-0.15559931,1.160632,0.44278932,0.1162826,-0.10002084,-0.6511473,0.73053026,-1.0915279,-1.3684119,0.24668711,-0.22151703,-0.14517891,-0.07601112,-0.33644322,-0.05969006,0.33190578,-0.01650247,0.6994757,0.7727665,0.72949594,0.043737195,-0.08127165,-0.09275307,-0.3701061,-0.17182142,-0.39553946,0.011825293,-0.46121663,0.12735188,0.0257231,0.19480495
QualiSR-Set120/PASD/ava_images___501777.npy.gz,PASD,ava_images___501777.png,../../../mnt/ssd2/29o_rya/datasets/iqa/QualiSR-Set120/sr/PASD/ava_images___501777.png,QualiSR-Set120,ava_images___501777,PASD/ava_images___501777.png,../../../mnt/ssd2/29o_rya/datasets/iqa/QualiSR-Set120/hr/ava_images___501777.png,../../../mnt/ssd2/29o_rya/datasets/iqa/QualiSR-Set120/lr/ava_images___501777.png,test,0.30332816,-1.1875322,-0.72808033,0.14056575,0.10521281,-0.91109514,-0.13230364,-0.20919001,-0.090803996,-0.96361333,0.5676271,0.64131194,0.48205745,0.181586,-0.8840059,1.3178816,-0.25963295,-0.4042073,-1.1979399,0.6180791,-0.19201595,0.59193414,0.28527632,0.8195369,-0.23579915,-1.0864803,-0.193367,0.3868818,-0.054187387,-0.8103692,-0.03153111,0.23324198,1.4261913,-0.6803565,0.45461518,0.2448728,-0.4411201,0.074976385,-0.19097005,0.3358508,0.15258086,0.029950827,0.15569806,-1.0161698,0.031591594,0.2454719,1.1647475,0.14266698,1.2785789,1.1408286
QualiSR-Set120/RealESRGAN/ava_images___501777.npy.gz,RealESRGAN,ava_images___501777.png,../../../mnt/ssd2/29o_rya/datasets/iqa/QualiSR-Set120/sr/RealESRGAN/ava_images___501777.png,QualiSR-Set120,ava_images___501777,RealESRGAN/ava_images___501777.png,../../../mnt/ssd2/29o_rya/datasets/iqa/QualiSR-Set120/hr/ava_images___501777.png,../../../mnt/ssd2/29o_rya/datasets/iqa/QualiSR-Set120/lr/ava_images___501777.png,test,0.30332816,-1.1875322,-0.72808033,0.14056575,0.10521281,-0.91109514,-0.13230364,-0.20919001,-0.090803996,-0.96361333,0.5676271,0.64131194,0.48205745,0.181586,-0.8840059,1.3178816,-0.25963295,-0.4042073,-1.1979399,0.6180791,-0.19201595,0.59193414,0.28527632,0.8195369,-0.23579915,-1.0864803,-0.193367,0.3868818,-0.054187387,-0.8103692,-0.03153111,0.23324198,1.4261913,-0.6803565,0.45461518,0.2448728,-0.4411201,0.074976385,-0.19097005,0.3358508,0.15258086,0.029950827,0.15569806,-1.0161698,0.031591594,0.2454719,1.1647475,0.14266698,1.2785789,1.1408286
QualiSR-Set120/SUPIR/ava_images___501777.npy.gz,SUPIR,ava_images___501777.png,../../../mnt/ssd2/29o_rya/datasets/iqa/QualiSR-Set120/sr/SUPIR/ava_images___501777.png,QualiSR-Set120,ava_images___501777,SUPIR/ava_images___501777.png,../../../mnt/ssd2/29o_rya/datasets/iqa/QualiSR-Set120/hr/ava_images___501777.png,../../../mnt/ssd2/29o_rya/datasets/iqa/QualiSR-Set120/lr/ava_images___501777.png,test,0.30332816,-1.1875322,-0.72808033,0.14056575,0.10521281,-0.91109514,-0.13230364,-0.20919001,-0.090803996,-0.96361333,0.5676271,0.64131194,0.48205745,0.181586,-0.8840059,1.3178816,-0.25963295,-0.4042073,-1.1979399,0.6180791,-0.19201595,0.59193414,0.28527632,0.8195369,-0.23579915,-1.0864803,-0.193367,0.3868818,-0.054187387,-0.8103692,-0.03153111,0.23324198,1.4261913,-0.6803565,0.45461518,0.2448728,-0.4411201,0.074976385,-0.19097005,0.3358508,0.15258086,0.029950827,0.15569806,-1.0161698,0.031591594,0.2454719,1.1647475,0.14266698,1.2785789,1.1408286
QualiSR-Set120/PASD/ava_images___564572.npy.gz,PASD,ava_images___564572.png,../../../mnt/ssd2/29o_rya/datasets/iqa/QualiSR-Set120/sr/PASD/ava_images___564572.png,QualiSR-Set120,ava_images___564572,PASD/ava_images___564572.png,../../../mnt/ssd2/29o_rya/datasets/iqa/QualiSR-Set120/hr/ava_images___564572.png,../../../mnt/ssd2/29o_rya/datasets/iqa/QualiSR-Set120/lr/ava_images___564572.png,train,-2.3253152,-0.46857476,1.6700666,-0.71715695,-0.9265576,2.3493376,0.37363186,0.58694005,0.4532415,-0.57747144,0.27732766,1.1898178,-1.7042542,0.98868763,2.2926147,-2.2490814,-0.25351804,-0.9157836,-1.6896123,-1.2948812,2.12421,-1.6314003,-0.70254654,4.3082995,5.816216,0.2626096,1.6198406,-0.2774898,-0.44901562,-0.5931793,-0.06281163,-0.54690516,0.00935325,0.009503171,-0.25816762,-0.30777705,0.19806695,0.1631948,-0.24049313,0.33100048,-0.43882287,0.18480355,-0.17415883,-0.5641054,0.3225987,0.19600064,-0.5486448,0.20743659,0.07947743,-0.65262663
QualiSR-Set120/RealESRGAN/ava_images___564572.npy.gz,RealESRGAN,ava_images___564572.png,../../../mnt/ssd2/29o_rya/datasets/iqa/QualiSR-Set120/sr/RealESRGAN/ava_images___564572.png,QualiSR-Set120,ava_images___564572,RealESRGAN/ava_images___564572.png,../../../mnt/ssd2/29o_rya/datasets/iqa/QualiSR-Set120/hr/ava_images___564572.png,../../../mnt/ssd2/29o_rya/datasets/iqa/QualiSR-Set120/lr/ava_images___564572.png,train,-2.3253152,-0.46857476,1.6700666,-0.71715695,-0.9265576,2.3493376,0.37363186,0.58694005,0.4532415,-0.57747144,0.27732766,1.1898178,-1.7042542,0.98868763,2.2926147,-2.2490814,-0.25351804,-0.9157836,-1.6896123,-1.2948812,2.12421,-1.6314003,-0.70254654,4.3082995,5.816216,0.2626096,1.6198406,-0.2774898,-0.44901562,-0.5931793,-0.06281163,-0.54690516,0.00935325,0.009503171,-0.25816762,-0.30777705,0.19806695,0.1631948,-0.24049313,0.33100048,-0.43882287,0.18480355,-0.17415883,-0.5641054,0.3225987,0.19600064,-0.5486448,0.20743659,0.07947743,-0.65262663
QualiSR-Set120/SUPIR/ava_images___564572.npy.gz,SUPIR,ava_images___564572.png,../../../mnt/ssd2/29o_rya/datasets/iqa/QualiSR-Set120/sr/SUPIR/ava_images___564572.png,QualiSR-Set120,ava_images___564572,SUPIR/ava_images___564572.png,../../../mnt/ssd2/29o_rya/datasets/iqa/QualiSR-Set120/hr/ava_images___564572.png,../../../mnt/ssd2/29o_rya/datasets/iqa/QualiSR-Set120/lr/ava_images___564572.png,train,-2.3253152,-0.46857476,1.6700666,-0.71715695,-0.9265576,2.3493376,0.37363186,0.58694005,0.4532415,-0.57747144,0.27732766,1.1898178,-1.7042542,0.98868763,2.2926147,-2.2490814,-0.25351804,-0.9157836,-1.6896123,-1.2948812,2.12421,-1.6314003,-0.70254654,4.3082995,5.816216,0.2626096,1.6198406,-0.2774898,-0.44901562,-0.5931793,-0.06281163,-0.54690516,0.00935325,0.009503171,-0.25816762,-0.30777705,0.19806695,0.1631948,-0.24049313,0.33100048,-0.43882287,0.18480355,-0.17415883,-0.5641054,0.3225987,0.19600064,-0.5486448,0.20743659,0.07947743,-0.65262663
QualiSR-Set120/PASD/ava_images___588008.npy.gz,PASD,ava_images___588008.png,../../../mnt/ssd2/29o_rya/datasets/iqa/QualiSR-Set120/sr/PASD/ava_images___588008.png,QualiSR-Set120,ava_images___588008,PASD/ava_images___588008.png,../../../mnt/ssd2/29o_rya/datasets/iqa/QualiSR-Set120/hr/ava_images___588008.png,../../../mnt/ssd2/29o_rya/datasets/iqa/QualiSR-Set120/lr/ava_images___588008.png,train,-5.134717,10.357655,-3.0323858,7.262537,-1.4013574,0.21119332,-0.4789976,0.74201214,1.8662628,-0.4547046,-0.31475493,0.13695845,2.6877189,2.076162,-0.5079795,-0.10757163,-0.02423668,-0.42654812,-0.83449066,1.161753,0.38910794,-1.2630332,-3.5871239,0.7276538,-0.79000616,0.23253457,-2.0836053,0.49856767,0.20312591,-0.012071371,0.22980383,0.042619318,0.12948966,0.120719254,-0.039044127,-0.08178969,-0.13797447,0.20431456,-0.0067254975,0.17992933,0.0088531375,0.112914205,0.0002913475,0.054409415,-0.12644708,-0.13680248,0.2205487,0.22144516,0.00918901,-0.17392744
QualiSR-Set120/RealESRGAN/ava_images___588008.npy.gz,RealESRGAN,ava_images___588008.png,../../../mnt/ssd2/29o_rya/datasets/iqa/QualiSR-Set120/sr/RealESRGAN/ava_images___588008.png,QualiSR-Set120,ava_images___588008,RealESRGAN/ava_images___588008.png,../../../mnt/ssd2/29o_rya/datasets/iqa/QualiSR-Set120/hr/ava_images___588008.png,../../../mnt/ssd2/29o_rya/datasets/iqa/QualiSR-Set120/lr/ava_images___588008.png,train,-5.158614,10.359935,-3.064007,7.2795687,-1.3948933,0.21884882,-0.4771698,0.7574836,1.8910891,-0.47373492,-0.30816153,0.13900796,2.6749988,2.068353,-0.5128392,-0.07898331,-0.00560838,-0.431148,-0.822792,1.1611418,0.381701,-1.2735233,-3.623743,0.71443313,-0.76866436,0.25770542,-2.1215582,0.5059023,0.20623024,-0.010814309,0.22935203,0.042785406,0.1300331,0.14272024,0.006587133,-0.074852735,-0.14546311,0.22643021,-0.0060012564,0.20066951,0.022002041,0.18180382,0.006613627,0.055925578,-0.14017278,-0.15734541,0.22249293,0.23284873,0.028684199,-0.1503731
QualiSR-Set120/SUPIR/ava_images___588008.npy.gz,SUPIR,ava_images___588008.png,../../../mnt/ssd2/29o_rya/datasets/iqa/QualiSR-Set120/sr/SUPIR/ava_images___588008.png,QualiSR-Set120,ava_images___588008,SUPIR/ava_images___588008.png,../../../mnt/ssd2/29o_rya/datasets/iqa/QualiSR-Set120/hr/ava_images___588008.png,../../../mnt/ssd2/29o_rya/datasets/iqa/QualiSR-Set120/lr/ava_images___588008.png,train,-5.134717,10.357655,-3.0323858,7.262537,-1.4013574,0.21119332,-0.4789976,0.74201214,1.8662628,-0.4547046,-0.31475493,0.13695845,2.6877189,2.076162,-0.5079795,-0.10757163,-0.02423668,-0.42654812,-0.83449066,1.161753,0.38910794,-1.2630332,-3.5871239,0.7276538,-0.79000616,0.23253457,-2.0836053,0.49856767,0.20312591,-0.012071371,0.22980383,0.042619318,0.12948966,0.120719254,-0.039044127,-0.08178969,-0.13797447,0.20431456,-0.0067254975,0.17992933,0.0088531375,0.112914205,0.0002913475,0.054409415,-0.12644708,-0.13680248,0.2205487,0.22144516,0.00918901,-0.17392744
QualiSR-Set120/PASD/ava_images___645845.npy.gz,PASD,ava_images___645845.png,../../../mnt/ssd2/29o_rya/datasets/iqa/QualiSR-Set120/sr/PASD/ava_images___645845.png,QualiSR-Set120,ava_images___645845,PASD/ava_images___645845.png,../../../mnt/ssd2/29o_rya/datasets/iqa/QualiSR-Set120/hr/ava_images___645845.png,../../../mnt/ssd2/29o_rya/datasets/iqa/QualiSR-Set120/lr/ava_images___645845.png,test,0.52542126,1.8294504,0.74146104,0.2227217,-1.1948793,0.22133446,0.9309507,-0.33515978,-1.1577148,0.42420202,-0.2433087,-0.26753217,-0.14249557,0.04385446,0.13650276,-0.59224004,-0.0026183426,-0.3308245,0.09717992,-0.7475459,0.22262879,-0.4043294,0.560464,0.1032694,-1.2776588,-1.0487268,1.0981691,0.61366224,-0.42275494,0.27655244,-0.65931296,0.12591921,0.06694773,-0.7227856,-0.54277915,0.02262707,-0.53299934,-0.12992933,-0.5914345,-0.2181937,0.20054066,0.064951524,-0.04145381,0.41306892,0.26510105,0.32272273,0.03607981,0.07342468,0.05801469,-0.062355354
QualiSR-Set120/RealESRGAN/ava_images___645845.npy.gz,RealESRGAN,ava_images___645845.png,../../../mnt/ssd2/29o_rya/datasets/iqa/QualiSR-Set120/sr/RealESRGAN/ava_images___645845.png,QualiSR-Set120,ava_images___645845,RealESRGAN/ava_images___645845.png,../../../mnt/ssd2/29o_rya/datasets/iqa/QualiSR-Set120/hr/ava_images___645845.png,../../../mnt/ssd2/29o_rya/datasets/iqa/QualiSR-Set120/lr/ava_images___645845.png,test,0.5134243,1.8353056,0.74879694,0.20750332,-1.2064283,0.22964036,0.92822826,-0.3429762,-1.1402012,0.4258117,-0.23220375,-0.2517376,-0.13857263,0.06359228,0.13220042,-0.59471285,-0.015925348,-0.32524335,0.11403361,-0.7428492,0.2111272,-0.42412645,0.5669684,0.102514535,-1.2571325,-1.036897,1.087548,0.59626055,-0.36718595,0.2889086,-0.663696,0.11922005,0.06756505,-0.7135398,-0.5248569,0.005793676,-0.5365925,-0.12252548,-0.60012513,-0.20520155,0.2048609,0.072619945,-0.03856884,0.41252246,0.2688267,0.34209168,0.05842021,0.07735498,0.065754,-0.061772972
QualiSR-Set120/SUPIR/ava_images___645845.npy.gz,SUPIR,ava_images___645845.png,../../../mnt/ssd2/29o_rya/datasets/iqa/QualiSR-Set120/sr/SUPIR/ava_images___645845.png,QualiSR-Set120,ava_images___645845,SUPIR/ava_images___645845.png,../../../mnt/ssd2/29o_rya/datasets/iqa/QualiSR-Set120/hr/ava_images___645845.png,../../../mnt/ssd2/29o_rya/datasets/iqa/QualiSR-Set120/lr/ava_images___645845.png,test,0.52542126,1.8294504,0.74146104,0.2227217,-1.1948793,0.22133446,0.9309507,-0.33515978,-1.1577148,0.42420202,-0.2433087,-0.26753217,-0.14249557,0.04385446,0.13650276,-0.59224004,-0.0026183426,-0.3308245,0.09717992,-0.7475459,0.22262879,-0.4043294,0.560464,0.1032694,-1.2776588,-1.0487268,1.0981691,0.61366224,-0.42275494,0.27655244,-0.65931296,0.12591921,0.06694773,-0.7227856,-0.54277915,0.02262707,-0.53299934,-0.12992933,-0.5914345,-0.2181937,0.20054066,0.064951524,-0.04145381,0.41306892,0.26510105,0.32272273,0.03607981,0.07342468,0.05801469,-0.062355354
QualiSR-Set120/PASD/ava_images___699615.npy.gz,PASD,ava_images___699615.png,../../../mnt/ssd2/29o_rya/datasets/iqa/QualiSR-Set120/sr/PASD/ava_images___699615.png,QualiSR-Set120,ava_images___699615,PASD/ava_images___699615.png,../../../mnt/ssd2/29o_rya/datasets/iqa/QualiSR-Set120/hr/ava_images___699615.png,../../../mnt/ssd2/29o_rya/datasets/iqa/QualiSR-Set120/lr/ava_images___699615.png,train,-0.93543804,-1.1302133,3.0163708,-0.2606799,1.2781993,3.8035002,2.4516857,5.531443,1.8890778,-1.3159747,-0.30897287,1.1692955,-1.3699846,-0.15548864,-0.4722478,-1.7724798,2.1172972,-0.75518376,2.8792162,1.264652,2.927946,2.4246583,1.1801685,0.60160553,-1.1373941,0.6448571,-2.998364,-2.6528113,1.1959978,-1.0224454,0.40390667,-0.9646348,0.23862422,-0.2526374,-0.26592872,-0.2015177,0.31655157,-0.4069645,-0.40635192,0.6173934,-0.75321424,0.4147261,-0.007680103,-1.042186,0.16167292,0.08882919,-0.6365326,0.111030445,0.2727282,-0.9914981
QualiSR-Set120/RealESRGAN/ava_images___699615.npy.gz,RealESRGAN,ava_images___699615.png,../../../mnt/ssd2/29o_rya/datasets/iqa/QualiSR-Set120/sr/RealESRGAN/ava_images___699615.png,QualiSR-Set120,ava_images___699615,RealESRGAN/ava_images___699615.png,../../../mnt/ssd2/29o_rya/datasets/iqa/QualiSR-Set120/hr/ava_images___699615.png,../../../mnt/ssd2/29o_rya/datasets/iqa/QualiSR-Set120/lr/ava_images___699615.png,train,-0.93543804,-1.1302133,3.0163708,-0.2606799,1.2781993,3.8035002,2.4516857,5.531443,1.8890778,-1.3159747,-0.30897287,1.1692955,-1.3699846,-0.15548864,-0.4722478,-1.7724798,2.1172972,-0.75518376,2.8792162,1.264652,2.927946,2.4246583,1.1801685,0.60160553,-1.1373941,0.6448571,-2.998364,-2.6528113,1.1959978,-1.0224454,0.40390667,-0.9646348,0.23862422,-0.2526374,-0.26592872,-0.2015177,0.31655157,-0.4069645,-0.40635192,0.6173934,-0.75321424,0.4147261,-0.007680103,-1.042186,0.16167292,0.08882919,-0.6365326,0.111030445,0.2727282,-0.9914981
QualiSR-Set120/SUPIR/ava_images___699615.npy.gz,SUPIR,ava_images___699615.png,../../../mnt/ssd2/29o_rya/datasets/iqa/QualiSR-Set120/sr/SUPIR/ava_images___699615.png,QualiSR-Set120,ava_images___699615,SUPIR/ava_images___699615.png,../../../mnt/ssd2/29o_rya/datasets/iqa/QualiSR-Set120/hr/ava_images___699615.png,../../../mnt/ssd2/29o_rya/datasets/iqa/QualiSR-Set120/lr/ava_images___699615.png,train,-0.93543804,-1.1302133,3.0163708,-0.2606799,1.2781993,3.8035002,2.4516857,5.531443,1.8890778,-1.3159747,-0.30897287,1.1692955,-1.3699846,-0.15548864,-0.4722478,-1.7724798,2.1172972,-0.75518376,2.8792162,1.264652,2.927946,2.4246583,1.1801685,0.60160553,-1.1373941,0.6448571,-2.998364,-2.6528113,1.1959978,-1.0224454,0.40390667,-0.9646348,0.23862422,-0.2526374,-0.26592872,-0.2015177,0.31655157,-0.4069645,-0.40635192,0.6173934,-0.75321424,0.4147261,-0.007680103,-1.042186,0.16167292,0.08882919,-0.6365326,0.111030445,0.2727282,-0.9914981
QualiSR-Set120/PASD/ava_images___710191.npy.gz,PASD,ava_images___710191.png,../../../mnt/ssd2/29o_rya/datasets/iqa/QualiSR-Set120/sr/PASD/ava_images___710191.png,QualiSR-Set120,ava_images___710191,PASD/ava_images___710191.png,../../../mnt/ssd2/29o_rya/datasets/iqa/QualiSR-Set120/hr/ava_images___710191.png,../../../mnt/ssd2/29o_rya/datasets/iqa/QualiSR-Set120/lr/ava_images___710191.png,train,-0.7133814,-4.060467,-2.4270592,0.7385626,0.022895336,-3.7798448,1.3104514,-2.202088,-2.308546,-4.391923,2.5810964,8.459655,3.186329,-1.6833802,0.3504319,-3.3816073,1.9692378,-1.7522613,-0.8035996,0.60048974,-0.761799,0.2692684,-0.5647845,-1.249697,-0.2882288,0.1865176,0.31577933,-0.36025673,-0.14879006,0.2170105,0.25321445,0.18915752,-0.56726456,-0.22409019,-0.6201163,-1.719903,2.4075801,1.0994439,0.07641469,-1.4053891,-0.16497535,0.058958977,0.359079,0.25024298,-0.09482819,-0.010223269,0.023911953,-0.16229865,0.14732802,0.054917723
QualiSR-Set120/RealESRGAN/ava_images___710191.npy.gz,RealESRGAN,ava_images___710191.png,../../../mnt/ssd2/29o_rya/datasets/iqa/QualiSR-Set120/sr/RealESRGAN/ava_images___710191.png,QualiSR-Set120,ava_images___710191,RealESRGAN/ava_images___710191.png,../../../mnt/ssd2/29o_rya/datasets/iqa/QualiSR-Set120/hr/ava_images___710191.png,../../../mnt/ssd2/29o_rya/datasets/iqa/QualiSR-Set120/lr/ava_images___710191.png,train,-0.6534054,-4.019936,-2.3818028,0.7190101,0.03533995,-3.7779174,1.2931916,-2.1948626,-2.3126698,-4.379447,2.5564716,8.385745,3.1735215,-1.6340138,0.34671164,-3.3199131,1.9432008,-1.7217575,-0.8220117,0.6611226,-0.74996024,0.28357255,-0.57162803,-1.2387681,-0.26256204,0.2116253,0.29388082,-0.37158772,-0.15895423,0.18548739,0.2551399,0.18428156,-0.5729636,-0.16559023,-0.6274346,-1.7517769,2.411354,1.0839881,0.055249438,-1.3922359,-0.17139685,0.060869604,0.37424242,0.2411151,-0.09011489,0.033830076,0.053862795,-0.15424669,0.1495148,0.07393749
QualiSR-Set120/SUPIR/ava_images___710191.npy.gz,SUPIR,ava_images___710191.png,../../../mnt/ssd2/29o_rya/datasets/iqa/QualiSR-Set120/sr/SUPIR/ava_images___710191.png,QualiSR-Set120,ava_images___710191,SUPIR/ava_images___710191.png,../../../mnt/ssd2/29o_rya/datasets/iqa/QualiSR-Set120/hr/ava_images___710191.png,../../../mnt/ssd2/29o_rya/datasets/iqa/QualiSR-Set120/lr/ava_images___710191.png,train,-0.7133814,-4.060467,-2.4270592,0.7385626,0.022895336,-3.7798448,1.3104514,-2.202088,-2.308546,-4.391923,2.5810964,8.459655,3.186329,-1.6833802,0.3504319,-3.3816073,1.9692378,-1.7522613,-0.8035996,0.60048974,-0.761799,0.2692684,-0.5647845,-1.249697,-0.2882288,0.1865176,0.31577933,-0.36025673,-0.14879006,0.2170105,0.25321445,0.18915752,-0.56726456,-0.22409019,-0.6201163,-1.719903,2.4075801,1.0994439,0.07641469,-1.4053891,-0.16497535,0.058958977,0.359079,0.25024298,-0.09482819,-0.010223269,0.023911953,-0.16229865,0.14732802,0.054917723
QualiSR-Set120/PASD/ava_images___737450.npy.gz,PASD,ava_images___737450.png,../../../mnt/ssd2/29o_rya/datasets/iqa/QualiSR-Set120/sr/PASD/ava_images___737450.png,QualiSR-Set120,ava_images___737450,PASD/ava_images___737450.png,../../../mnt/ssd2/29o_rya/datasets/iqa/QualiSR-Set120/hr/ava_images___737450.png,../../../mnt/ssd2/29o_rya/datasets/iqa/QualiSR-Set120/lr/ava_images___737450.png,train,-2.3163652,-0.40408075,0.80610555,-0.32394367,-1.9436044,2.519749,0.21928534,-0.7870902,-0.2823628,0.080629624,0.77112424,0.20385686,-1.9977412,0.3654732,0.091539726,-0.08249152,-0.4466533,-0.044279337,-0.3527516,-0.36269373,0.679284,0.098021865,0.17286208,0.017062403,-0.43372452,0.9715781,0.027954608,-1.4920411,0.08904306,2.7209086,0.19618139,5.7811356,-0.3680897,-0.4276147,0.19940604,0.07681507,-0.0015776679,0.055164814,-0.026049659,0.122763835,-0.23121905,0.06587988,0.052180395,-0.0759328,-0.09470582,0.072013974,0.0577814,-0.036965817,0.15698701,-0.07301594
QualiSR-Set120/RealESRGAN/ava_images___737450.npy.gz,RealESRGAN,ava_images___737450.png,../../../mnt/ssd2/29o_rya/datasets/iqa/QualiSR-Set120/sr/RealESRGAN/ava_images___737450.png,QualiSR-Set120,ava_images___737450,RealESRGAN/ava_images___737450.png,../../../mnt/ssd2/29o_rya/datasets/iqa/QualiSR-Set120/hr/ava_images___737450.png,../../../mnt/ssd2/29o_rya/datasets/iqa/QualiSR-Set120/lr/ava_images___737450.png,train,-2.3123107,-0.39401478,0.80952984,-0.31853312,-1.9389303,2.5281613,0.21627,-0.78385305,-0.27928343,0.070861116,0.77741855,0.20599803,-1.9972852,0.36007658,0.09131536,-0.08530888,-0.44449207,-0.042779863,-0.35217583,-0.3533979,0.68369365,0.099984825,0.17334099,0.021983594,-0.4400858,0.9694867,0.020407021,-1.5021609,0.0943712,2.717749,0.19606605,5.7772484,-0.36924973,-0.42343575,0.19798104,0.085120395,-0.006394848,0.06411296,-0.023441456,0.12045611,-0.23236781,0.06588346,0.044649363,-0.07459062,-0.09756404,0.073063016,0.060063466,-0.035545975,0.16039318,-0.0675043
QualiSR-Set120/SUPIR/ava_images___737450.npy.gz,SUPIR,ava_images___737450.png,../../../mnt/ssd2/29o_rya/datasets/iqa/QualiSR-Set120/sr/SUPIR/ava_images___737450.png,QualiSR-Set120,ava_images___737450,SUPIR/ava_images___737450.png,../../../mnt/ssd2/29o_rya/datasets/iqa/QualiSR-Set120/hr/ava_images___737450.png,../../../mnt/ssd2/29o_rya/datasets/iqa/QualiSR-Set120/lr/ava_images___737450.png,train,-2.3163652,-0.40408075,0.80610555,-0.32394367,-1.9436044,2.519749,0.21928534,-0.7870902,-0.2823628,0.080629624,0.77112424,0.20385686,-1.9977412,0.3654732,0.091539726,-0.08249152,-0.4466533,-0.044279337,-0.3527516,-0.36269373,0.679284,0.098021865,0.17286208,0.017062403,-0.43372452,0.9715781,0.027954608,-1.4920411,0.08904306,2.7209086,0.19618139,5.7811356,-0.3680897,-0.4276147,0.19940604,0.07681507,-0.0015776679,0.055164814,-0.026049659,0.122763835,-0.23121905,0.06587988,0.052180395,-0.0759328,-0.09470582,0.072013974,0.0577814,-0.036965817,0.15698701,-0.07301594
QualiSR-Set120/PASD/ava_images___74410.npy.gz,PASD,ava_images___74410.png,../../../mnt/ssd2/29o_rya/datasets/iqa/QualiSR-Set120/sr/PASD/ava_images___74410.png,QualiSR-Set120,ava_images___74410,PASD/ava_images___74410.png,../../../mnt/ssd2/29o_rya/datasets/iqa/QualiSR-Set120/hr/ava_images___74410.png,../../../mnt/ssd2/29o_rya/datasets/iqa/QualiSR-Set120/lr/ava_images___74410.png,train,-2.3549113,0.93946433,1.135755,-6.706688,-3.485075,-5.27105,-5.7541747,0.977985,5.295015,0.61094105,2.5462804,-1.4732418,1.699268,-0.7138454,0.55854356,-0.2237907,2.0554101,-0.60920906,1.2556136,0.23817337,0.57834166,0.3639794,-0.1334273,0.45074213,-0.6490808,-0.4571275,0.25808924,-0.21692617,-0.76544315,0.72398293,0.40912917,0.337127,1.0896595,2.1333728,-1.999277,-2.323656,-1.9624443,0.5729574,-0.14402202,-0.076566845,-0.11665183,0.39845362,-0.52950996,0.26176327,0.3571427,0.4342273,-0.14577909,-0.2174739,-0.026234865,0.00092835724
QualiSR-Set120/RealESRGAN/ava_images___74410.npy.gz,RealESRGAN,ava_images___74410.png,../../../mnt/ssd2/29o_rya/datasets/iqa/QualiSR-Set120/sr/RealESRGAN/ava_images___74410.png,QualiSR-Set120,ava_images___74410,RealESRGAN/ava_images___74410.png,../../../mnt/ssd2/29o_rya/datasets/iqa/QualiSR-Set120/hr/ava_images___74410.png,../../../mnt/ssd2/29o_rya/datasets/iqa/QualiSR-Set120/lr/ava_images___74410.png,train,-2.3204677,0.9604339,1.1337228,-6.7267356,-3.4734726,-5.2750735,-5.741255,0.9921559,5.307352,0.62701076,2.515536,-1.4564534,1.7117962,-0.698364,0.5524329,-0.2365812,2.0508013,-0.6136083,1.2758602,0.23036572,0.56582475,0.35019076,-0.14073323,0.44689286,-0.64449215,-0.4629112,0.26285166,-0.2075687,-0.76374394,0.7239946,0.40115508,0.3388522,1.101299,2.154531,-2.0188482,-2.312405,-1.9604943,0.5768548,-0.14270775,-0.091205835,-0.13267416,0.3978822,-0.5467834,0.26256764,0.3762563,0.4270262,-0.1625192,-0.2195223,-0.030341268,0.0032066405
QualiSR-Set120/SUPIR/ava_images___74410.npy.gz,SUPIR,ava_images___74410.png,../../../mnt/ssd2/29o_rya/datasets/iqa/QualiSR-Set120/sr/SUPIR/ava_images___74410.png,QualiSR-Set120,ava_images___74410,SUPIR/ava_images___74410.png,../../../mnt/ssd2/29o_rya/datasets/iqa/QualiSR-Set120/hr/ava_images___74410.png,../../../mnt/ssd2/29o_rya/datasets/iqa/QualiSR-Set120/lr/ava_images___74410.png,train,-2.3549113,0.93946433,1.135755,-6.706688,-3.485075,-5.27105,-5.7541747,0.977985,5.295015,0.61094105,2.5462804,-1.4732418,1.699268,-0.7138454,0.55854356,-0.2237907,2.0554101,-0.60920906,1.2556136,0.23817337,0.57834166,0.3639794,-0.1334273,0.45074213,-0.6490808,-0.4571275,0.25808924,-0.21692617,-0.76544315,0.72398293,0.40912917,0.337127,1.0896595,2.1333728,-1.999277,-2.323656,-1.9624443,0.5729574,-0.14402202,-0.076566845,-0.11665183,0.39845362,-0.52950996,0.26176327,0.3571427,0.4342273,-0.14577909,-0.2174739,-0.026234865,0.00092835724
QualiSR-Set120/PASD/ava_images___751927.npy.gz,PASD,ava_images___751927.png,../../../mnt/ssd2/29o_rya/datasets/iqa/QualiSR-Set120/sr/PASD/ava_images___751927.png,QualiSR-Set120,ava_images___751927,PASD/ava_images___751927.png,../../../mnt/ssd2/29o_rya/datasets/iqa/QualiSR-Set120/hr/ava_images___751927.png,../../../mnt/ssd2/29o_rya/datasets/iqa/QualiSR-Set120/lr/ava_images___751927.png,train,-2.1936018,-0.24492802,1.318924,-0.5856285,-2.7272496,1.503027,-0.26551995,-1.9626629,-0.007605031,0.16334698,1.4686127,0.024537392,-1.8525088,-0.46543148,-0.057715967,-1.146438,-0.64012784,0.4345194,-1.2281717,0.37912726,-0.14279014,-0.031079233,0.38325876,-1.1735959,-0.57569194,0.63757217,0.7047117,3.0328171,6.1795197,-1.0177505,0.9182758,-0.42301476,0.066123486,0.15461552,-0.05448468,-0.0022878498,-0.19987094,0.08766949,-0.07496621,0.06251492,-0.24102426,0.05063182,-0.054323062,-0.03669527,-0.007961869,0.2354872,-0.047369912,0.02990669,-0.012324035,0.028166234
QualiSR-Set120/RealESRGAN/ava_images___751927.npy.gz,RealESRGAN,ava_images___751927.png,../../../mnt/ssd2/29o_rya/datasets/iqa/QualiSR-Set120/sr/RealESRGAN/ava_images___751927.png,QualiSR-Set120,ava_images___751927,RealESRGAN/ava_images___751927.png,../../../mnt/ssd2/29o_rya/datasets/iqa/QualiSR-Set120/hr/ava_images___751927.png,../../../mnt/ssd2/29o_rya/datasets/iqa/QualiSR-Set120/lr/ava_images___751927.png,train,-2.1965969,-0.23034962,1.3245311,-0.5849629,-2.7237253,1.5204382,-0.26278144,-1.9603684,-0.023492292,0.15782163,1.464881,0.023816206,-1.8569796,-0.45989242,-0.06860295,-1.1542277,-0.6384333,0.43934944,-1.2270223,0.3818087,-0.14366281,-0.018526018,0.37678462,-1.1714406,-0.5744102,0.65018624,0.711522,3.023739,6.174238,-0.99976,0.9497078,-0.39852858,0.061852485,0.16460964,-0.05671665,-0.0055175573,-0.20462832,0.09375054,-0.07004757,0.05609402,-0.22798711,0.046820015,-0.05116479,-0.025687039,9.23872e-06,0.23276931,-0.060099736,0.041351005,-0.017459333,0.026976801
QualiSR-Set120/SUPIR/ava_images___751927.npy.gz,SUPIR,ava_images___751927.png,../../../mnt/ssd2/29o_rya/datasets/iqa/QualiSR-Set120/sr/SUPIR/ava_images___751927.png,QualiSR-Set120,ava_images___751927,SUPIR/ava_images___751927.png,../../../mnt/ssd2/29o_rya/datasets/iqa/QualiSR-Set120/hr/ava_images___751927.png,../../../mnt/ssd2/29o_rya/datasets/iqa/QualiSR-Set120/lr/ava_images___751927.png,train,-2.1936018,-0.24492802,1.318924,-0.5856285,-2.7272496,1.503027,-0.26551995,-1.9626629,-0.007605031,0.16334698,1.4686127,0.024537392,-1.8525088,-0.46543148,-0.057715967,-1.146438,-0.64012784,0.4345194,-1.2281717,0.37912726,-0.14279014,-0.031079233,0.38325876,-1.1735959,-0.57569194,0.63757217,0.7047117,3.0328171,6.1795197,-1.0177505,0.9182758,-0.42301476,0.066123486,0.15461552,-0.05448468,-0.0022878498,-0.19987094,0.08766949,-0.07496621,0.06251492,-0.24102426,0.05063182,-0.054323062,-0.03669527,-0.007961869,0.2354872,-0.047369912,0.02990669,-0.012324035,0.028166234
QualiSR-Set120/PASD/ava_images___773899.npy.gz,PASD,ava_images___773899.png,../../../mnt/ssd2/29o_rya/datasets/iqa/QualiSR-Set120/sr/PASD/ava_images___773899.png,QualiSR-Set120,ava_images___773899,PASD/ava_images___773899.png,../../../mnt/ssd2/29o_rya/datasets/iqa/QualiSR-Set120/hr/ava_images___773899.png,../../../mnt/ssd2/29o_rya/datasets/iqa/QualiSR-Set120/lr/ava_images___773899.png,train,0.3840691,-1.8312998,-3.544865,-2.6440415,2.2382493,-1.7073805,1.7613823,-1.765713,2.0468976,-4.3843484,-3.1188414,-1.5532198,-0.6682093,1.4552865,-2.0899732,1.7558744,0.2420429,0.019199684,-0.13941522,3.4717286,-0.5517396,0.11155385,-0.7054633,1.1820238,0.93877864,-4.887813,0.6840929,-1.2719574,1.6617553,0.12840527,0.4349639,0.47379982,0.36075822,0.06829311,0.3580687,-0.10241271,0.63834935,0.81361866,-0.24690671,0.78875744,0.28926682,-0.14042053,0.33157772,-1.6284521,1.2136824,-0.023183212,0.32936913,-0.7405751,0.0435459,0.6115134
QualiSR-Set120/RealESRGAN/ava_images___773899.npy.gz,RealESRGAN,ava_images___773899.png,../../../mnt/ssd2/29o_rya/datasets/iqa/QualiSR-Set120/sr/RealESRGAN/ava_images___773899.png,QualiSR-Set120,ava_images___773899,RealESRGAN/ava_images___773899.png,../../../mnt/ssd2/29o_rya/datasets/iqa/QualiSR-Set120/hr/ava_images___773899.png,../../../mnt/ssd2/29o_rya/datasets/iqa/QualiSR-Set120/lr/ava_images___773899.png,train,0.35167158,-1.744454,-3.4639657,-2.653825,2.2045026,-1.6193635,1.7717142,-1.7231512,2.028701,-4.317068,-3.104137,-1.5557351,-0.63281727,1.4206446,-2.0218496,1.7229431,0.25924885,0.02629903,-0.18914825,3.414839,-0.5637455,0.14484924,-0.70659745,1.2177447,0.8760904,-4.830605,0.70333016,-1.266674,1.6304916,0.115780294,0.45314148,0.5053734,0.3511802,0.112527385,0.4081658,-0.1180616,0.620222,0.79345965,-0.26281145,0.74618685,0.28332764,-0.09851808,0.29431418,-1.5554173,1.1136594,-0.056784034,0.29403394,-0.67549086,0.012164533,0.58026457
QualiSR-Set120/SUPIR/ava_images___773899.npy.gz,SUPIR,ava_images___773899.png,../../../mnt/ssd2/29o_rya/datasets/iqa/QualiSR-Set120/sr/SUPIR/ava_images___773899.png,QualiSR-Set120,ava_images___773899,SUPIR/ava_images___773899.png,../../../mnt/ssd2/29o_rya/datasets/iqa/QualiSR-Set120/hr/ava_images___773899.png,../../../mnt/ssd2/29o_rya/datasets/iqa/QualiSR-Set120/lr/ava_images___773899.png,train,0.3840691,-1.8312998,-3.544865,-2.6440415,2.2382493,-1.7073805,1.7613823,-1.765713,2.0468976,-4.3843484,-3.1188414,-1.5532198,-0.6682093,1.4552865,-2.0899732,1.7558744,0.2420429,0.019199684,-0.13941522,3.4717286,-0.5517396,0.11155385,-0.7054633,1.1820238,0.93877864,-4.887813,0.6840929,-1.2719574,1.6617553,0.12840527,0.4349639,0.47379982,0.36075822,0.06829311,0.3580687,-0.10241271,0.63834935,0.81361866,-0.24690671,0.78875744,0.28926682,-0.14042053,0.33157772,-1.6284521,1.2136824,-0.023183212,0.32936913,-0.7405751,0.0435459,0.6115134
QualiSR-Set120/PASD/ava_images___827653.npy.gz,PASD,ava_images___827653.png,../../../mnt/ssd2/29o_rya/datasets/iqa/QualiSR-Set120/sr/PASD/ava_images___827653.png,QualiSR-Set120,ava_images___827653,PASD/ava_images___827653.png,../../../mnt/ssd2/29o_rya/datasets/iqa/QualiSR-Set120/hr/ava_images___827653.png,../../../mnt/ssd2/29o_rya/datasets/iqa/QualiSR-Set120/lr/ava_images___827653.png,test,1.856424,0.17904449,-1.7293594,0.013142705,1.8402766,0.040575147,0.6932847,0.23352134,1.0746442,1.2317134,0.74537104,0.6500642,-1.5618508,-0.15114689,1.689684,0.069705665,-0.35926902,0.07473308,-0.9269958,-2.3008664,0.547471,-0.6713619,0.1770539,1.042287,0.8979528,0.012077004,-0.8820677,0.45872846,0.1429767,0.17400563,-0.2197806,-0.5620564,0.5050242,0.35636243,-0.26877686,0.5037322,0.17533624,0.053165466,-0.25459334,0.12257592,-0.092182755,0.62581706,-0.7735956,-0.15557292,0.033938378,-0.24602522,-0.7080513,0.038814828,0.4498291,0.32330537
QualiSR-Set120/RealESRGAN/ava_images___827653.npy.gz,RealESRGAN,ava_images___827653.png,../../../mnt/ssd2/29o_rya/datasets/iqa/QualiSR-Set120/sr/RealESRGAN/ava_images___827653.png,QualiSR-Set120,ava_images___827653,RealESRGAN/ava_images___827653.png,../../../mnt/ssd2/29o_rya/datasets/iqa/QualiSR-Set120/hr/ava_images___827653.png,../../../mnt/ssd2/29o_rya/datasets/iqa/QualiSR-Set120/lr/ava_images___827653.png,test,1.856424,0.17904449,-1.7293594,0.013142705,1.8402766,0.040575147,0.6932847,0.23352134,1.0746442,1.2317134,0.74537104,0.6500642,-1.5618508,-0.15114689,1.689684,0.069705665,-0.35926902,0.07473308,-0.9269958,-2.3008664,0.547471,-0.6713619,0.1770539,1.042287,0.8979528,0.012077004,-0.8820677,0.45872846,0.1429767,0.17400563,-0.2197806,-0.5620564,0.5050242,0.35636243,-0.26877686,0.5037322,0.17533624,0.053165466,-0.25459334,0.12257592,-0.092182755,0.62581706,-0.7735956,-0.15557292,0.033938378,-0.24602522,-0.7080513,0.038814828,0.4498291,0.32330537
QualiSR-Set120/SUPIR/ava_images___827653.npy.gz,SUPIR,ava_images___827653.png,../../../mnt/ssd2/29o_rya/datasets/iqa/QualiSR-Set120/sr/SUPIR/ava_images___827653.png,QualiSR-Set120,ava_images___827653,SUPIR/ava_images___827653.png,../../../mnt/ssd2/29o_rya/datasets/iqa/QualiSR-Set120/hr/ava_images___827653.png,../../../mnt/ssd2/29o_rya/datasets/iqa/QualiSR-Set120/lr/ava_images___827653.png,test,1.856424,0.17904449,-1.7293594,0.013142705,1.8402766,0.040575147,0.6932847,0.23352134,1.0746442,1.2317134,0.74537104,0.6500642,-1.5618508,-0.15114689,1.689684,0.069705665,-0.35926902,0.07473308,-0.9269958,-2.3008664,0.547471,-0.6713619,0.1770539,1.042287,0.8979528,0.012077004,-0.8820677,0.45872846,0.1429767,0.17400563,-0.2197806,-0.5620564,0.5050242,0.35636243,-0.26877686,0.5037322,0.17533624,0.053165466,-0.25459334,0.12257592,-0.092182755,0.62581706,-0.7735956,-0.15557292,0.033938378,-0.24602522,-0.7080513,0.038814828,0.4498291,0.32330537
QualiSR-Set120/PASD/ava_images___842206.npy.gz,PASD,ava_images___842206.png,../../../mnt/ssd2/29o_rya/datasets/iqa/QualiSR-Set120/sr/PASD/ava_images___842206.png,QualiSR-Set120,ava_images___842206,PASD/ava_images___842206.png,../../../mnt/ssd2/29o_rya/datasets/iqa/QualiSR-Set120/hr/ava_images___842206.png,../../../mnt/ssd2/29o_rya/datasets/iqa/QualiSR-Set120/lr/ava_images___842206.png,test,-0.4898485,-2.0128565,3.1609373,2.4554784,0.73063433,-0.22004199,-1.4919947,-1.5635796,0.05722359,0.5716372,-1.2100058,-0.4632221,0.027611256,-1.177793,-0.14191759,0.045148194,0.80221134,-0.34385598,-2.0553734,-1.135557,-1.5964588,0.45050174,-0.97194624,-1.1824502,-0.080059916,-0.4060064,0.061809063,-0.76687276,0.051192597,0.08873838,0.09609001,0.5155499,-0.81017196,0.77707267,0.28228134,-0.030618235,-0.14826182,-0.22410579,0.34794962,0.49954143,0.18348712,-0.46176073,0.39942217,0.2089668,-0.50292367,0.4629163,-0.046871975,0.6769278,-0.5519353,0.07298912
QualiSR-Set120/RealESRGAN/ava_images___842206.npy.gz,RealESRGAN,ava_images___842206.png,../../../mnt/ssd2/29o_rya/datasets/iqa/QualiSR-Set120/sr/RealESRGAN/ava_images___842206.png,QualiSR-Set120,ava_images___842206,RealESRGAN/ava_images___842206.png,../../../mnt/ssd2/29o_rya/datasets/iqa/QualiSR-Set120/hr/ava_images___842206.png,../../../mnt/ssd2/29o_rya/datasets/iqa/QualiSR-Set120/lr/ava_images___842206.png,test,-0.4898485,-2.0128565,3.1609373,2.4554784,0.73063433,-0.22004199,-1.4919947,-1.5635796,0.05722359,0.5716372,-1.2100058,-0.4632221,0.027611256,-1.177793,-0.14191759,0.045148194,0.80221134,-0.34385598,-2.0553734,-1.135557,-1.5964588,0.45050174,-0.97194624,-1.1824502,-0.080059916,-0.4060064,0.061809063,-0.76687276,0.051192597,0.08873838,0.09609001,0.5155499,-0.81017196,0.77707267,0.28228134,-0.030618235,-0.14826182,-0.22410579,0.34794962,0.49954143,0.18348712,-0.46176073,0.39942217,0.2089668,-0.50292367,0.4629163,-0.046871975,0.6769278,-0.5519353,0.07298912
QualiSR-Set120/SUPIR/ava_images___842206.npy.gz,SUPIR,ava_images___842206.png,../../../mnt/ssd2/29o_rya/datasets/iqa/QualiSR-Set120/sr/SUPIR/ava_images___842206.png,QualiSR-Set120,ava_images___842206,SUPIR/ava_images___842206.png,../../../mnt/ssd2/29o_rya/datasets/iqa/QualiSR-Set120/hr/ava_images___842206.png,../../../mnt/ssd2/29o_rya/datasets/iqa/QualiSR-Set120/lr/ava_images___842206.png,test,-0.4898485,-2.0128565,3.1609373,2.4554784,0.73063433,-0.22004199,-1.4919947,-1.5635796,0.05722359,0.5716372,-1.2100058,-0.4632221,0.027611256,-1.177793,-0.14191759,0.045148194,0.80221134,-0.34385598,-2.0553734,-1.135557,-1.5964588,0.45050174,-0.97194624,-1.1824502,-0.080059916,-0.4060064,0.061809063,-0.76687276,0.051192597,0.08873838,0.09609001,0.5155499,-0.81017196,0.77707267,0.28228134,-0.030618235,-0.14826182,-0.22410579,0.34794962,0.49954143,0.18348712,-0.46176073,0.39942217,0.2089668,-0.50292367,0.4629163,-0.046871975,0.6769278,-0.5519353,0.07298912
QualiSR-Set120/PASD/ava_images___846773.npy.gz,PASD,ava_images___846773.png,../../../mnt/ssd2/29o_rya/datasets/iqa/QualiSR-Set120/sr/PASD/ava_images___846773.png,QualiSR-Set120,ava_images___846773,PASD/ava_images___846773.png,../../../mnt/ssd2/29o_rya/datasets/iqa/QualiSR-Set120/hr/ava_images___846773.png,../../../mnt/ssd2/29o_rya/datasets/iqa/QualiSR-Set120/lr/ava_images___846773.png,train,-2.1530633,-3.3428504,7.992511,3.6761718,6.6949577,-1.378366,-0.12383498,0.30309796,2.8620434,1.8261547,-1.7598543,-1.8726279,1.4988719,-1.0949402,-1.5736492,-0.9899051,1.6947062,-1.6531751,-2.1151812,-0.4346366,-3.7114346,-1.4519207,-0.05731328,-0.6276629,0.72286785,0.6866886,0.24137956,-1.1183639,0.6502573,0.2840731,0.20198178,0.27089962,-0.012423128,0.1458482,0.014757529,-0.24898973,0.09197007,0.02316001,0.072857425,0.20183332,0.005704999,-0.30119476,0.15072979,-0.023108125,0.04736525,0.13643181,-0.03133507,0.4193217,-0.0064870715,0.40139332
QualiSR-Set120/RealESRGAN/ava_images___846773.npy.gz,RealESRGAN,ava_images___846773.png,../../../mnt/ssd2/29o_rya/datasets/iqa/QualiSR-Set120/sr/RealESRGAN/ava_images___846773.png,QualiSR-Set120,ava_images___846773,RealESRGAN/ava_images___846773.png,../../../mnt/ssd2/29o_rya/datasets/iqa/QualiSR-Set120/hr/ava_images___846773.png,../../../mnt/ssd2/29o_rya/datasets/iqa/QualiSR-Set120/lr/ava_images___846773.png,train,-2.1530633,-3.3428504,7.992511,3.6761718,6.6949577,-1.378366,-0.12383498,0.30309796,2.8620434,1.8261547,-1.7598543,-1.8726279,1.4988719,-1.0949402,-1.5736492,-0.9899051,1.6947062,-1.6531751,-2.1151812,-0.4346366,-3.7114346,-1.4519207,-0.05731328,-0.6276629,0.72286785,0.6866886,0.24137956,-1.1183639,0.6502573,0.2840731,0.20198178,0.27089962,-0.012423128,0.1458482,0.014757529,-0.24898973,0.09197007,0.02316001,0.072857425,0.20183332,0.005704999,-0.30119476,0.15072979,-0.023108125,0.04736525,0.13643181,-0.03133507,0.4193217,-0.0064870715,0.40139332
QualiSR-Set120/SUPIR/ava_images___846773.npy.gz,SUPIR,ava_images___846773.png,../../../mnt/ssd2/29o_rya/datasets/iqa/QualiSR-Set120/sr/SUPIR/ava_images___846773.png,QualiSR-Set120,ava_images___846773,SUPIR/ava_images___846773.png,../../../mnt/ssd2/29o_rya/datasets/iqa/QualiSR-Set120/hr/ava_images___846773.png,../../../mnt/ssd2/29o_rya/datasets/iqa/QualiSR-Set120/lr/ava_images___846773.png,train,-2.1530633,-3.3428504,7.992511,3.6761718,6.6949577,-1.378366,-0.12383498,0.30309796,2.8620434,1.8261547,-1.7598543,-1.8726279,1.4988719,-1.0949402,-1.5736492,-0.9899051,1.6947062,-1.6531751,-2.1151812,-0.4346366,-3.7114346,-1.4519207,-0.05731328,-0.6276629,0.72286785,0.6866886,0.24137956,-1.1183639,0.6502573,0.2840731,0.20198178,0.27089962,-0.012423128,0.1458482,0.014757529,-0.24898973,0.09197007,0.02316001,0.072857425,0.20183332,0.005704999,-0.30119476,0.15072979,-0.023108125,0.04736525,0.13643181,-0.03133507,0.4193217,-0.0064870715,0.40139332
QualiSR-Set120/PASD/ava_images___857447.npy.gz,PASD,ava_images___857447.png,../../../mnt/ssd2/29o_rya/datasets/iqa/QualiSR-Set120/sr/PASD/ava_images___857447.png,QualiSR-Set120,ava_images___857447,PASD/ava_images___857447.png,../../../mnt/ssd2/29o_rya/datasets/iqa/QualiSR-Set120/hr/ava_images___857447.png,../../../mnt/ssd2/29o_rya/datasets/iqa/QualiSR-Set120/lr/ava_images___857447.png,train,-0.84651494,-3.2528317,4.768632,4.2552133,2.6287942,-4.8599343,0.19486292,-4.797686,0.023585081,0.22940075,1.5164056,0.15692583,0.5125849,0.3894161,-0.86596847,1.7242575,-2.4561775,3.5558388,3.5119424,1.7045695,3.298352,0.5853569,-0.14324008,1.558892,0.41510817,0.97493273,0.063788205,0.46048287,-0.41849065,-0.18673939,-0.07006485,0.34559375,0.44628134,-0.15361083,-0.34713805,-0.21129309,-0.1088701,-0.40765166,0.20188822,-0.17621496,0.00037634373,-0.55751336,0.6779791,0.16616033,0.42680612,0.5681692,-0.58200693,1.3978885,-0.3678098,1.4433612
QualiSR-Set120/RealESRGAN/ava_images___857447.npy.gz,RealESRGAN,ava_images___857447.png,../../../mnt/ssd2/29o_rya/datasets/iqa/QualiSR-Set120/sr/RealESRGAN/ava_images___857447.png,QualiSR-Set120,ava_images___857447,RealESRGAN/ava_images___857447.png,../../../mnt/ssd2/29o_rya/datasets/iqa/QualiSR-Set120/hr/ava_images___857447.png,../../../mnt/ssd2/29o_rya/datasets/iqa/QualiSR-Set120/lr/ava_images___857447.png,train,-0.83264863,-3.2416658,4.7379217,4.2533555,2.5976257,-4.8460555,0.21982592,-4.8109145,0.006778091,0.2370499,1.4973172,0.118290454,0.49694622,0.41266707,-0.8641788,1.7286506,-2.448209,3.5722497,3.5274215,1.7078443,3.3369446,0.60676605,-0.12817599,1.5810175,0.38692972,0.9712328,0.06874204,0.49041775,-0.45134515,-0.19168133,-0.06037098,0.3431936,0.46693093,-0.16636276,-0.33001095,-0.22498305,-0.08922346,-0.41009688,0.19959666,-0.17473097,-0.013251603,-0.53801334,0.6732765,0.17668353,0.44204774,0.55166066,-0.5821402,1.3688598,-0.3801585,1.4516141
QualiSR-Set120/SUPIR/ava_images___857447.npy.gz,SUPIR,ava_images___857447.png,../../../mnt/ssd2/29o_rya/datasets/iqa/QualiSR-Set120/sr/SUPIR/ava_images___857447.png,QualiSR-Set120,ava_images___857447,SUPIR/ava_images___857447.png,../../../mnt/ssd2/29o_rya/datasets/iqa/QualiSR-Set120/hr/ava_images___857447.png,../../../mnt/ssd2/29o_rya/datasets/iqa/QualiSR-Set120/lr/ava_images___857447.png,train,-0.84651494,-3.2528317,4.768632,4.2552133,2.6287942,-4.8599343,0.19486292,-4.797686,0.023585081,0.22940075,1.5164056,0.15692583,0.5125849,0.3894161,-0.86596847,1.7242575,-2.4561775,3.5558388,3.5119424,1.7045695,3.298352,0.5853569,-0.14324008,1.558892,0.41510817,0.97493273,0.063788205,0.46048287,-0.41849065,-0.18673939,-0.07006485,0.34559375,0.44628134,-0.15361083,-0.34713805,-0.21129309,-0.1088701,-0.40765166,0.20188822,-0.17621496,0.00037634373,-0.55751336,0.6779791,0.16616033,0.42680612,0.5681692,-0.58200693,1.3978885,-0.3678098,1.4433612
QualiSR-Set120/PASD/ava_images___864250.npy.gz,PASD,ava_images___864250.png,../../../mnt/ssd2/29o_rya/datasets/iqa/QualiSR-Set120/sr/PASD/ava_images___864250.png,QualiSR-Set120,ava_images___864250,PASD/ava_images___864250.png,../../../mnt/ssd2/29o_rya/datasets/iqa/QualiSR-Set120/hr/ava_images___864250.png,../../../mnt/ssd2/29o_rya/datasets/iqa/QualiSR-Set120/lr/ava_images___864250.png,train,2.1191049,-2.9850016,1.3742402,3.1207156,0.31458616,-1.7678618,-0.6658489,-0.92507786,1.1757174,2.026118,-2.3033855,1.6845754,-1.7571417,2.5916722,6.741233,-0.027940989,0.009150028,-1.2055115,1.8134934,-3.58639,0.97399247,-0.5733199,-0.7429451,-1.4882731,-1.88525,-3.7579894,-0.48372978,0.20225549,0.31313324,0.053896785,0.28627884,-0.008759379,0.4163957,-0.22391802,-0.048285052,-0.12485699,0.29199857,0.13797766,-0.19072063,0.8076502,0.1066367,-1.0452183,0.025671467,0.34043995,-0.2926423,0.5519313,-0.2762612,0.5619514,0.22272122,0.32629794
QualiSR-Set120/RealESRGAN/ava_images___864250.npy.gz,RealESRGAN,ava_images___864250.png,../../../mnt/ssd2/29o_rya/datasets/iqa/QualiSR-Set120/sr/RealESRGAN/ava_images___864250.png,QualiSR-Set120,ava_images___864250,RealESRGAN/ava_images___864250.png,../../../mnt/ssd2/29o_rya/datasets/iqa/QualiSR-Set120/hr/ava_images___864250.png,../../../mnt/ssd2/29o_rya/datasets/iqa/QualiSR-Set120/lr/ava_images___864250.png,train,2.1191049,-2.9850016,1.3742402,3.1207156,0.31458616,-1.7678618,-0.6658489,-0.92507786,1.1757174,2.026118,-2.3033855,1.6845754,-1.7571417,2.5916722,6.741233,-0.027940989,0.009150028,-1.2055115,1.8134934,-3.58639,0.97399247,-0.5733199,-0.7429451,-1.4882731,-1.88525,-3.7579894,-0.48372978,0.20225549,0.31313324,0.053896785,0.28627884,-0.008759379,0.4163957,-0.22391802,-0.048285052,-0.12485699,0.29199857,0.13797766,-0.19072063,0.8076502,0.1066367,-1.0452183,0.025671467,0.34043995,-0.2926423,0.5519313,-0.2762612,0.5619514,0.22272122,0.32629794
QualiSR-Set120/SUPIR/ava_images___864250.npy.gz,SUPIR,ava_images___864250.png,../../../mnt/ssd2/29o_rya/datasets/iqa/QualiSR-Set120/sr/SUPIR/ava_images___864250.png,QualiSR-Set120,ava_images___864250,SUPIR/ava_images___864250.png,../../../mnt/ssd2/29o_rya/datasets/iqa/QualiSR-Set120/hr/ava_images___864250.png,../../../mnt/ssd2/29o_rya/datasets/iqa/QualiSR-Set120/lr/ava_images___864250.png,train,2.1191049,-2.9850016,1.3742402,3.1207156,0.31458616,-1.7678618,-0.6658489,-0.92507786,1.1757174,2.026118,-2.3033855,1.6845754,-1.7571417,2.5916722,6.741233,-0.027940989,0.009150028,-1.2055115,1.8134934,-3.58639,0.97399247,-0.5733199,-0.7429451,-1.4882731,-1.88525,-3.7579894,-0.48372978,0.20225549,0.31313324,0.053896785,0.28627884,-0.008759379,0.4163957,-0.22391802,-0.048285052,-0.12485699,0.29199857,0.13797766,-0.19072063,0.8076502,0.1066367,-1.0452183,0.025671467,0.34043995,-0.2926423,0.5519313,-0.2762612,0.5619514,0.22272122,0.32629794
QualiSR-Set120/PASD/ava_images___865616.npy.gz,PASD,ava_images___865616.png,../../../mnt/ssd2/29o_rya/datasets/iqa/QualiSR-Set120/sr/PASD/ava_images___865616.png,QualiSR-Set120,ava_images___865616,PASD/ava_images___865616.png,../../../mnt/ssd2/29o_rya/datasets/iqa/QualiSR-Set120/hr/ava_images___865616.png,../../../mnt/ssd2/29o_rya/datasets/iqa/QualiSR-Set120/lr/ava_images___865616.png,train,6.7749004,1.2229763,1.4961436,0.3098685,-0.5716579,-0.4143963,1.9767294,-0.12934768,-3.5045967,1.0811411,5.894813,-2.6311746,0.32266867,4.856505,-1.3775108,-0.61214757,3.4597597,-1.5147432,3.1786222,-0.5019507,-2.0988052,0.38679785,-1.063713,0.56066275,1.0139688,-1.0217484,-0.15943992,-0.33636382,0.27148604,-0.047868073,0.12989098,0.027692825,-0.30763867,-0.07662055,0.09737216,0.17485909,0.09672146,-0.0026384592,-0.065351896,0.08129834,-0.6150117,0.17025796,-0.07834771,-0.24232298,-1.272187,1.2289627,1.1100236,-0.7264937,-1.7074337,0.08269389
QualiSR-Set120/RealESRGAN/ava_images___865616.npy.gz,RealESRGAN,ava_images___865616.png,../../../mnt/ssd2/29o_rya/datasets/iqa/QualiSR-Set120/sr/RealESRGAN/ava_images___865616.png,QualiSR-Set120,ava_images___865616,RealESRGAN/ava_images___865616.png,../../../mnt/ssd2/29o_rya/datasets/iqa/QualiSR-Set120/hr/ava_images___865616.png,../../../mnt/ssd2/29o_rya/datasets/iqa/QualiSR-Set120/lr/ava_images___865616.png,train,6.8238783,1.2405157,1.50739,0.31201506,-0.60196126,-0.4033115,2.011061,-0.1200974,-3.4718876,1.0858597,5.9077406,-2.6064835,0.32918262,4.8481674,-1.3870845,-0.63017726,3.459649,-1.5212411,3.2240086,-0.5246421,-2.1127923,0.3830067,-1.0808458,0.567283,1.0198808,-1.0313495,-0.16505826,-0.33145154,0.27825573,-0.04102075,0.13165802,0.025959015,-0.33034435,-0.073314965,0.09779613,0.17262374,0.0857761,-0.024210185,-0.06910803,0.065483786,-0.6231812,0.18024686,-0.08314097,-0.23990649,-1.283489,1.2209878,1.104398,-0.7219429,-1.7038281,0.076104224
QualiSR-Set120/SUPIR/ava_images___865616.npy.gz,SUPIR,ava_images___865616.png,../../../mnt/ssd2/29o_rya/datasets/iqa/QualiSR-Set120/sr/SUPIR/ava_images___865616.png,QualiSR-Set120,ava_images___865616,SUPIR/ava_images___865616.png,../../../mnt/ssd2/29o_rya/datasets/iqa/QualiSR-Set120/hr/ava_images___865616.png,../../../mnt/ssd2/29o_rya/datasets/iqa/QualiSR-Set120/lr/ava_images___865616.png,train,6.7749004,1.2229763,1.4961436,0.3098685,-0.5716579,-0.4143963,1.9767294,-0.12934768,-3.5045967,1.0811411,5.894813,-2.6311746,0.32266867,4.856505,-1.3775108,-0.61214757,3.4597597,-1.5147432,3.1786222,-0.5019507,-2.0988052,0.38679785,-1.063713,0.56066275,1.0139688,-1.0217484,-0.15943992,-0.33636382,0.27148604,-0.047868073,0.12989098,0.027692825,-0.30763867,-0.07662055,0.09737216,0.17485909,0.09672146,-0.0026384592,-0.065351896,0.08129834,-0.6150117,0.17025796,-0.07834771,-0.24232298,-1.272187,1.2289627,1.1100236,-0.7264937,-1.7074337,0.08269389
QualiSR-Set120/PASD/ava_images___953752.npy.gz,PASD,ava_images___953752.png,../../../mnt/ssd2/29o_rya/datasets/iqa/QualiSR-Set120/sr/PASD/ava_images___953752.png,QualiSR-Set120,ava_images___953752,PASD/ava_images___953752.png,../../../mnt/ssd2/29o_rya/datasets/iqa/QualiSR-Set120/hr/ava_images___953752.png,../../../mnt/ssd2/29o_rya/datasets/iqa/QualiSR-Set120/lr/ava_images___953752.png,train,1.2218543,1.5332316,0.4300188,-1.1950125,-1.0107019,1.3859072,1.6271281,-0.8492956,0.78903484,-0.7837442,0.7921028,-0.33109838,-2.0556214,-1.6200973,0.40635896,-0.7803974,-1.3374283,0.9424291,1.6196748,0.25313383,-1.6282122,-2.2440479,-2.5961025,0.9970533,-3.5252254,0.8217403,3.8753805,-2.8038242,-0.8507341,-2.2276764,0.37078372,-0.45991504,-0.3557075,-0.07350704,0.18225883,0.10380171,-0.17757335,0.018312722,-0.12559031,-0.025781747,-0.21676016,0.082122386,0.0023622066,0.024772197,-0.24735028,0.119574934,-0.192641,-0.020323426,0.07066858,-0.06506646
QualiSR-Set120/RealESRGAN/ava_images___953752.npy.gz,RealESRGAN,ava_images___953752.png,../../../mnt/ssd2/29o_rya/datasets/iqa/QualiSR-Set120/sr/RealESRGAN/ava_images___953752.png,QualiSR-Set120,ava_images___953752,RealESRGAN/ava_images___953752.png,../../../mnt/ssd2/29o_rya/datasets/iqa/QualiSR-Set120/hr/ava_images___953752.png,../../../mnt/ssd2/29o_rya/datasets/iqa/QualiSR-Set120/lr/ava_images___953752.png,train,1.1983889,1.5340793,0.42659336,-1.1959319,-0.9994175,1.3742213,1.6135232,-0.8530067,0.7626307,-0.78868526,0.790081,-0.33379412,-2.0677338,-1.6106465,0.41359338,-0.7776145,-1.3308139,0.9376197,1.6152323,0.2630235,-1.6247815,-2.2531776,-2.5856485,0.9905543,-3.5322635,0.8182352,3.885923,-2.805512,-0.8552215,-2.234365,0.36939594,-0.45865166,-0.34544268,-0.07454613,0.17748524,0.11225988,-0.1714128,0.023361474,-0.124754176,-0.024544962,-0.21307921,0.07809849,0.0011690408,0.0275715,-0.2553783,0.12027553,-0.1916989,-0.02518168,0.078457,-0.06655292
QualiSR-Set120/SUPIR/ava_images___953752.npy.gz,SUPIR,ava_images___953752.png,../../../mnt/ssd2/29o_rya/datasets/iqa/QualiSR-Set120/sr/SUPIR/ava_images___953752.png,QualiSR-Set120,ava_images___953752,SUPIR/ava_images___953752.png,../../../mnt/ssd2/29o_rya/datasets/iqa/QualiSR-Set120/hr/ava_images___953752.png,../../../mnt/ssd2/29o_rya/datasets/iqa/QualiSR-Set120/lr/ava_images___953752.png,train,1.2218543,1.5332316,0.4300188,-1.1950125,-1.0107019,1.3859072,1.6271281,-0.8492956,0.78903484,-0.7837442,0.7921028,-0.33109838,-2.0556214,-1.6200973,0.40635896,-0.7803974,-1.3374283,0.9424291,1.6196748,0.25313383,-1.6282122,-2.2440479,-2.5961025,0.9970533,-3.5252254,0.8217403,3.8753805,-2.8038242,-0.8507341,-2.2276764,0.37078372,-0.45991504,-0.3557075,-0.07350704,0.18225883,0.10380171,-0.17757335,0.018312722,-0.12559031,-0.025781747,-0.21676016,0.082122386,0.0023622066,0.024772197,-0.24735028,0.119574934,-0.192641,-0.020323426,0.07066858,-0.06506646
QualiSR-Set120/PASD/blur_dataset___out_of_focus0685.npy.gz,PASD,blur_dataset___out_of_focus0685.png,../../../mnt/ssd2/29o_rya/datasets/iqa/QualiSR-Set120/sr/PASD/blur_dataset___out_of_focus0685.png,QualiSR-Set120,blur_dataset___out_of_focus0685,PASD/blur_dataset___out_of_focus0685.png,../../../mnt/ssd2/29o_rya/datasets/iqa/QualiSR-Set120/hr/blur_dataset___out_of_focus0685.png,../../../mnt/ssd2/29o_rya/datasets/iqa/QualiSR-Set120/lr/blur_dataset___out_of_focus0685.png,train,-1.4716979,-2.481857,-3.068454,-1.7274427,-0.40181506,-0.39090776,-0.05855582,-1.2456765,2.4690483,-4.8682723,-3.0578656,-1.5741879,-0.7069404,3.856817,-3.1928806,-1.010443,-1.7615638,-1.0620202,2.4210567,-4.3241324,-0.54295987,0.26077718,-0.09475137,-1.789992,0.22570059,2.9559507,0.20453745,1.0613445,-0.695784,0.09438163,-0.12969795,-0.55706483,-0.103661805,-0.0015756339,0.16025268,-0.7236251,0.4322608,-0.5838473,0.09950644,0.9665331,0.4760523,-0.9933276,1.069368,0.6722007,0.6606413,0.5769583,0.42380357,-0.27794275,0.027420998,-0.9445894
QualiSR-Set120/RealESRGAN/blur_dataset___out_of_focus0685.npy.gz,RealESRGAN,blur_dataset___out_of_focus0685.png,../../../mnt/ssd2/29o_rya/datasets/iqa/QualiSR-Set120/sr/RealESRGAN/blur_dataset___out_of_focus0685.png,QualiSR-Set120,blur_dataset___out_of_focus0685,RealESRGAN/blur_dataset___out_of_focus0685.png,../../../mnt/ssd2/29o_rya/datasets/iqa/QualiSR-Set120/hr/blur_dataset___out_of_focus0685.png,../../../mnt/ssd2/29o_rya/datasets/iqa/QualiSR-Set120/lr/blur_dataset___out_of_focus0685.png,train,-1.4716979,-2.481857,-3.068454,-1.7274427,-0.40181506,-0.39090776,-0.05855582,-1.2456765,2.4690483,-4.8682723,-3.0578656,-1.5741879,-0.7069404,3.856817,-3.1928806,-1.010443,-1.7615638,-1.0620202,2.4210567,-4.3241324,-0.54295987,0.26077718,-0.09475137,-1.789992,0.22570059,2.9559507,0.20453745,1.0613445,-0.695784,0.09438163,-0.12969795,-0.55706483,-0.103661805,-0.0015756339,0.16025268,-0.7236251,0.4322608,-0.5838473,0.09950644,0.9665331,0.4760523,-0.9933276,1.069368,0.6722007,0.6606413,0.5769583,0.42380357,-0.27794275,0.027420998,-0.9445894
QualiSR-Set120/SUPIR/blur_dataset___out_of_focus0685.npy.gz,SUPIR,blur_dataset___out_of_focus0685.png,../../../mnt/ssd2/29o_rya/datasets/iqa/QualiSR-Set120/sr/SUPIR/blur_dataset___out_of_focus0685.png,QualiSR-Set120,blur_dataset___out_of_focus0685,SUPIR/blur_dataset___out_of_focus0685.png,../../../mnt/ssd2/29o_rya/datasets/iqa/QualiSR-Set120/hr/blur_dataset___out_of_focus0685.png,../../../mnt/ssd2/29o_rya/datasets/iqa/QualiSR-Set120/lr/blur_dataset___out_of_focus0685.png,train,-1.4716979,-2.481857,-3.068454,-1.7274427,-0.40181506,-0.39090776,-0.05855582,-1.2456765,2.4690483,-4.8682723,-3.0578656,-1.5741879,-0.7069404,3.856817,-3.1928806,-1.010443,-1.7615638,-1.0620202,2.4210567,-4.3241324,-0.54295987,0.26077718,-0.09475137,-1.789992,0.22570059,2.9559507,0.20453745,1.0613445,-0.695784,0.09438163,-0.12969795,-0.55706483,-0.103661805,-0.0015756339,0.16025268,-0.7236251,0.4322608,-0.5838473,0.09950644,0.9665331,0.4760523,-0.9933276,1.069368,0.6722007,0.6606413,0.5769583,0.42380357,-0.27794275,0.027420998,-0.9445894
QualiSR-Set120/PASD/voc_emotic_ava___EMOTIC__COCO_train2014_000000244530.npy.gz,PASD,voc_emotic_ava___EMOTIC__COCO_train2014_000000244530.png,../../../mnt/ssd2/29o_rya/datasets/iqa/QualiSR-Set120/sr/PASD/voc_emotic_ava___EMOTIC__COCO_train2014_000000244530.png,QualiSR-Set120,voc_emotic_ava___EMOTIC__COCO_train2014_000000244530,PASD/voc_emotic_ava___EMOTIC__COCO_train2014_000000244530.png,../../../mnt/ssd2/29o_rya/datasets/iqa/QualiSR-Set120/hr/voc_emotic_ava___EMOTIC__COCO_train2014_000000244530.png,../../../mnt/ssd2/29o_rya/datasets/iqa/QualiSR-Set120/lr/voc_emotic_ava___EMOTIC__COCO_train2014_000000244530.png,train,9.574243,0.20330931,-2.2779832,2.6837363,1.2019476,1.3073473,-6.146026,1.6324874,0.8947321,0.9874014,-0.33959684,1.3970782,0.3531891,-0.99116945,-0.99357116,-1.9872005,-3.9296265,-3.5613225,2.4607902,1.1736541,-1.2758224,0.00294739,0.8811371,1.152395,0.4003283,0.20970805,0.5124312,0.12777081,0.6650335,0.4646357,-0.20735696,0.31640834,3.2702491,-1.4078281,0.32391965,0.7562748,-0.4403646,1.4622347,2.1594093,-0.18304522,0.045087904,0.30554163,0.44835287,0.21722738,0.18733001,-0.02336505,-0.11919607,-0.1316616,0.10072571,-0.32997254
QualiSR-Set120/RealESRGAN/voc_emotic_ava___EMOTIC__COCO_train2014_000000244530.npy.gz,RealESRGAN,voc_emotic_ava___EMOTIC__COCO_train2014_000000244530.png,../../../mnt/ssd2/29o_rya/datasets/iqa/QualiSR-Set120/sr/RealESRGAN/voc_emotic_ava___EMOTIC__COCO_train2014_000000244530.png,QualiSR-Set120,voc_emotic_ava___EMOTIC__COCO_train2014_000000244530,RealESRGAN/voc_emotic_ava___EMOTIC__COCO_train2014_000000244530.png,../../../mnt/ssd2/29o_rya/datasets/iqa/QualiSR-Set120/hr/voc_emotic_ava___EMOTIC__COCO_train2014_000000244530.png,../../../mnt/ssd2/29o_rya/datasets/iqa/QualiSR-Set120/lr/voc_emotic_ava___EMOTIC__COCO_train2014_000000244530.png,train,9.574243,0.20330931,-2.2779832,2.6837363,1.2019476,1.3073473,-6.146026,1.6324874,0.8947321,0.9874014,-0.33959684,1.3970782,0.3531891,-0.99116945,-0.99357116,-1.9872005,-3.9296265,-3.5613225,2.4607902,1.1736541,-1.2758224,0.00294739,0.8811371,1.152395,0.4003283,0.20970805,0.5124312,0.12777081,0.6650335,0.4646357,-0.20735696,0.31640834,3.2702491,-1.4078281,0.32391965,0.7562748,-0.4403646,1.4622347,2.1594093,-0.18304522,0.045087904,0.30554163,0.44835287,0.21722738,0.18733001,-0.02336505,-0.11919607,-0.1316616,0.10072571,-0.32997254
QualiSR-Set120/SUPIR/voc_emotic_ava___EMOTIC__COCO_train2014_000000244530.npy.gz,SUPIR,voc_emotic_ava___EMOTIC__COCO_train2014_000000244530.png,../../../mnt/ssd2/29o_rya/datasets/iqa/QualiSR-Set120/sr/SUPIR/voc_emotic_ava___EMOTIC__COCO_train2014_000000244530.png,QualiSR-Set120,voc_emotic_ava___EMOTIC__COCO_train2014_000000244530,SUPIR/voc_emotic_ava___EMOTIC__COCO_train2014_000000244530.png,../../../mnt/ssd2/29o_rya/datasets/iqa/QualiSR-Set120/hr/voc_emotic_ava___EMOTIC__COCO_train2014_000000244530.png,../../../mnt/ssd2/29o_rya/datasets/iqa/QualiSR-Set120/lr/voc_emotic_ava___EMOTIC__COCO_train2014_000000244530.png,train,9.574243,0.20330931,-2.2779832,2.6837363,1.2019476,1.3073473,-6.146026,1.6324874,0.8947321,0.9874014,-0.33959684,1.3970782,0.3531891,-0.99116945,-0.99357116,-1.9872005,-3.9296265,-3.5613225,2.4607902,1.1736541,-1.2758224,0.00294739,0.8811371,1.152395,0.4003283,0.20970805,0.5124312,0.12777081,0.6650335,0.4646357,-0.20735696,0.31640834,3.2702491,-1.4078281,0.32391965,0.7562748,-0.4403646,1.4622347,2.1594093,-0.18304522,0.045087904,0.30554163,0.44835287,0.21722738,0.18733001,-0.02336505,-0.11919607,-0.1316616,0.10072571,-0.32997254
QualiSR-Set120/PASD/voc_emotic_ava___EMOTIC__COCO_train2014_000000247190.npy.gz,PASD,voc_emotic_ava___EMOTIC__COCO_train2014_000000247190.png,../../../mnt/ssd2/29o_rya/datasets/iqa/QualiSR-Set120/sr/PASD/voc_emotic_ava___EMOTIC__COCO_train2014_000000247190.png,QualiSR-Set120,voc_emotic_ava___EMOTIC__COCO_train2014_000000247190,PASD/voc_emotic_ava___EMOTIC__COCO_train2014_000000247190.png,../../../mnt/ssd2/29o_rya/datasets/iqa/QualiSR-Set120/hr/voc_emotic_ava___EMOTIC__COCO_train2014_000000247190.png,../../../mnt/ssd2/29o_rya/datasets/iqa/QualiSR-Set120/lr/voc_emotic_ava___EMOTIC__COCO_train2014_000000247190.png,train,2.8604593,1.4006878,2.3990865,-0.76217276,-3.7950358,1.6648316,2.244295,-1.1807567,1.0811265,0.5111606,-0.2336224,0.18532498,0.7518276,-0.8582792,-0.48758683,-0.9568019,-1.5755117,1.0637381,1.2215371,1.1393814,-0.5765871,-1.7187939,0.85795754,-1.8080446,1.3094188,-0.8688572,-0.9665562,-0.24698272,-1.6161828,2.258796,4.65331,-1.6460803,-0.79778385,0.06824924,-0.472965,0.6637079,-0.113922365,0.5546733,-0.1945777,0.34965354,-1.2215478,-0.10124293,0.2718683,0.43566433,0.048581034,-0.43774277,0.016302451,0.084858954,0.022113383,0.05357176
QualiSR-Set120/RealESRGAN/voc_emotic_ava___EMOTIC__COCO_train2014_000000247190.npy.gz,RealESRGAN,voc_emotic_ava___EMOTIC__COCO_train2014_000000247190.png,../../../mnt/ssd2/29o_rya/datasets/iqa/QualiSR-Set120/sr/RealESRGAN/voc_emotic_ava___EMOTIC__COCO_train2014_000000247190.png,QualiSR-Set120,voc_emotic_ava___EMOTIC__COCO_train2014_000000247190,RealESRGAN/voc_emotic_ava___EMOTIC__COCO_train2014_000000247190.png,../../../mnt/ssd2/29o_rya/datasets/iqa/QualiSR-Set120/hr/voc_emotic_ava___EMOTIC__COCO_train2014_000000247190.png,../../../mnt/ssd2/29o_rya/datasets/iqa/QualiSR-Set120/lr/voc_emotic_ava___EMOTIC__COCO_train2014_000000247190.png,train,2.8252292,1.3835974,2.3967943,-0.758919,-3.7966576,1.6490251,2.2267416,-1.1920835,1.0679867,0.49980646,-0.23870674,0.17026,0.7588242,-0.86466,-0.48247126,-0.949605,-1.5743458,1.0638409,1.2041934,1.1498523,-0.5604572,-1.7171814,0.86276233,-1.8216472,1.3122525,-0.86451894,-0.98025143,-0.24822678,-1.6228026,2.2502902,4.6559644,-1.6454824,-0.7831689,0.06697458,-0.46954575,0.66237825,-0.11307468,0.542981,-0.18963796,0.3467859,-1.22743,-0.10738445,0.27209908,0.42835772,0.048940957,-0.4396814,0.021223426,0.08900227,0.021249175,0.05123939
QualiSR-Set120/SUPIR/voc_emotic_ava___EMOTIC__COCO_train2014_000000247190.npy.gz,SUPIR,voc_emotic_ava___EMOTIC__COCO_train2014_000000247190.png,../../../mnt/ssd2/29o_rya/datasets/iqa/QualiSR-Set120/sr/SUPIR/voc_emotic_ava___EMOTIC__COCO_train2014_000000247190.png,QualiSR-Set120,voc_emotic_ava___EMOTIC__COCO_train2014_000000247190,SUPIR/voc_emotic_ava___EMOTIC__COCO_train2014_000000247190.png,../../../mnt/ssd2/29o_rya/datasets/iqa/QualiSR-Set120/hr/voc_emotic_ava___EMOTIC__COCO_train2014_000000247190.png,../../../mnt/ssd2/29o_rya/datasets/iqa/QualiSR-Set120/lr/voc_emotic_ava___EMOTIC__COCO_train2014_000000247190.png,train,2.8604593,1.4006878,2.3990865,-0.76217276,-3.7950358,1.6648316,2.244295,-1.1807567,1.0811265,0.5111606,-0.2336224,0.18532498,0.7518276,-0.8582792,-0.48758683,-0.9568019,-1.5755117,1.0637381,1.2215371,1.1393814,-0.5765871,-1.7187939,0.85795754,-1.8080446,1.3094188,-0.8688572,-0.9665562,-0.24698272,-1.6161828,2.258796,4.65331,-1.6460803,-0.79778385,0.06824924,-0.472965,0.6637079,-0.113922365,0.5546733,-0.1945777,0.34965354,-1.2215478,-0.10124293,0.2718683,0.43566433,0.048581034,-0.43774277,0.016302451,0.084858954,0.022113383,0.05357176
QualiSR-Set120/PASD/voc_emotic_ava___EMOTIC__COCO_val2014_000000020598.npy.gz,PASD,voc_emotic_ava___EMOTIC__COCO_val2014_000000020598.png,../../../mnt/ssd2/29o_rya/datasets/iqa/QualiSR-Set120/sr/PASD/voc_emotic_ava___EMOTIC__COCO_val2014_000000020598.png,QualiSR-Set120,voc_emotic_ava___EMOTIC__COCO_val2014_000000020598,PASD/voc_emotic_ava___EMOTIC__COCO_val2014_000000020598.png,../../../mnt/ssd2/29o_rya/datasets/iqa/QualiSR-Set120/hr/voc_emotic_ava___EMOTIC__COCO_val2014_000000020598.png,../../../mnt/ssd2/29o_rya/datasets/iqa/QualiSR-Set120/lr/voc_emotic_ava___EMOTIC__COCO_val2014_000000020598.png,train,10.318319,-0.65688956,0.9512062,4.238885,-3.4249146,-1.7481136,-2.672498,5.151142,0.988369,-1.3344194,-0.5089581,2.5695086,-2.3128996,-0.6420678,-3.089398,0.23925894,1.5065408,4.1579084,-0.44177637,-1.2642642,-0.8562833,-1.6546383,-0.20764102,0.3126979,0.51622105,-0.610461,0.5467572,0.31329718,0.5274615,0.8427785,-0.10314629,0.19419432,1.732708,-0.9673571,-0.7172275,-0.47021735,0.33001438,-2.262461,-1.7828418,-0.4096006,0.08628103,0.11885753,0.05476798,0.17941988,-0.28569406,-0.69807225,-0.2501765,-0.68824315,0.34768313,0.52498376
QualiSR-Set120/RealESRGAN/voc_emotic_ava___EMOTIC__COCO_val2014_000000020598.npy.gz,RealESRGAN,voc_emotic_ava___EMOTIC__COCO_val2014_000000020598.png,../../../mnt/ssd2/29o_rya/datasets/iqa/QualiSR-Set120/sr/RealESRGAN/voc_emotic_ava___EMOTIC__COCO_val2014_000000020598.png,QualiSR-Set120,voc_emotic_ava___EMOTIC__COCO_val2014_000000020598,RealESRGAN/voc_emotic_ava___EMOTIC__COCO_val2014_000000020598.png,../../../mnt/ssd2/29o_rya/datasets/iqa/QualiSR-Set120/hr/voc_emotic_ava___EMOTIC__COCO_val2014_000000020598.png,../../../mnt/ssd2/29o_rya/datasets/iqa/QualiSR-Set120/lr/voc_emotic_ava___EMOTIC__COCO_val2014_000000020598.png,train,10.318319,-0.65688956,0.9512062,4.238885,-3.4249146,-1.7481136,-2.672498,5.151142,0.988369,-1.3344194,-0.5089581,2.5695086,-2.3128996,-0.6420678,-3.089398,0.23925894,1.5065408,4.1579084,-0.44177637,-1.2642642,-0.8562833,-1.6546383,-0.20764102,0.3126979,0.51622105,-0.610461,0.5467572,0.31329718,0.5274615,0.8427785,-0.10314629,0.19419432,1.732708,-0.9673571,-0.7172275,-0.47021735,0.33001438,-2.262461,-1.7828418,-0.4096006,0.08628103,0.11885753,0.05476798,0.17941988,-0.28569406,-0.69807225,-0.2501765,-0.68824315,0.34768313,0.52498376
QualiSR-Set120/SUPIR/voc_emotic_ava___EMOTIC__COCO_val2014_000000020598.npy.gz,SUPIR,voc_emotic_ava___EMOTIC__COCO_val2014_000000020598.png,../../../mnt/ssd2/29o_rya/datasets/iqa/QualiSR-Set120/sr/SUPIR/voc_emotic_ava___EMOTIC__COCO_val2014_000000020598.png,QualiSR-Set120,voc_emotic_ava___EMOTIC__COCO_val2014_000000020598,SUPIR/voc_emotic_ava___EMOTIC__COCO_val2014_000000020598.png,../../../mnt/ssd2/29o_rya/datasets/iqa/QualiSR-Set120/hr/voc_emotic_ava___EMOTIC__COCO_val2014_000000020598.png,../../../mnt/ssd2/29o_rya/datasets/iqa/QualiSR-Set120/lr/voc_emotic_ava___EMOTIC__COCO_val2014_000000020598.png,train,10.318319,-0.65688956,0.9512062,4.238885,-3.4249146,-1.7481136,-2.672498,5.151142,0.988369,-1.3344194,-0.5089581,2.5695086,-2.3128996,-0.6420678,-3.089398,0.23925894,1.5065408,4.1579084,-0.44177637,-1.2642642,-0.8562833,-1.6546383,-0.20764102,0.3126979,0.51622105,-0.610461,0.5467572,0.31329718,0.5274615,0.8427785,-0.10314629,0.19419432,1.732708,-0.9673571,-0.7172275,-0.47021735,0.33001438,-2.262461,-1.7828418,-0.4096006,0.08628103,0.11885753,0.05476798,0.17941988,-0.28569406,-0.69807225,-0.2501765,-0.68824315,0.34768313,0.52498376
QualiSR-Set120/PASD/voc_emotic_ava___JPEGImages__2008_003883.npy.gz,PASD,voc_emotic_ava___JPEGImages__2008_003883.png,../../../mnt/ssd2/29o_rya/datasets/iqa/QualiSR-Set120/sr/PASD/voc_emotic_ava___JPEGImages__2008_003883.png,QualiSR-Set120,voc_emotic_ava___JPEGImages__2008_003883,PASD/voc_emotic_ava___JPEGImages__2008_003883.png,../../../mnt/ssd2/29o_rya/datasets/iqa/QualiSR-Set120/hr/voc_emotic_ava___JPEGImages__2008_003883.png,../../../mnt/ssd2/29o_rya/datasets/iqa/QualiSR-Set120/lr/voc_emotic_ava___JPEGImages__2008_003883.png,test,9.090107,1.054375,0.17666453,-1.0349298,-0.7829678,1.311182,0.6007639,1.2444166,3.202199,2.0355732,-0.4602345,2.4017,2.641056,-0.10695374,0.5514965,-0.6055676,-0.46306923,1.2546055,3.203045,-1.6291194,-0.82701963,0.41282225,-0.6864788,0.7365989,0.6669259,-0.5788773,0.07895839,-0.3788684,1.2492584,0.23030812,-0.37563384,0.13831738,-1.0432417,-0.1981101,-0.7322874,0.14273117,-0.49621075,-0.10039297,-0.5663034,0.27591744,0.05152735,-0.41720182,0.5758574,-0.8172597,-1.4662831,0.28522867,-0.12794794,0.14215381,0.46333182,-0.9461744
QualiSR-Set120/RealESRGAN/voc_emotic_ava___JPEGImages__2008_003883.npy.gz,RealESRGAN,voc_emotic_ava___JPEGImages__2008_003883.png,../../../mnt/ssd2/29o_rya/datasets/iqa/QualiSR-Set120/sr/RealESRGAN/voc_emotic_ava___JPEGImages__2008_003883.png,QualiSR-Set120,voc_emotic_ava___JPEGImages__2008_003883,RealESRGAN/voc_emotic_ava___JPEGImages__2008_003883.png,../../../mnt/ssd2/29o_rya/datasets/iqa/QualiSR-Set120/hr/voc_emotic_ava___JPEGImages__2008_003883.png,../../../mnt/ssd2/29o_rya/datasets/iqa/QualiSR-Set120/lr/voc_emotic_ava___JPEGImages__2008_003883.png,test,9.037826,1.0647994,0.15681511,-1.0455532,-0.7742414,1.297868,0.57511073,1.2350425,3.155962,2.0282366,-0.49907598,2.3972127,2.5812783,-0.09721565,0.5669229,-0.5933043,-0.43774855,1.241559,3.160306,-1.581167,-0.79314786,0.4343047,-0.70501065,0.70996755,0.6596956,-0.581825,0.055447906,-0.37349463,1.226547,0.20914507,-0.38107392,0.1402581,-1.0389683,-0.19136807,-0.7605634,0.14545397,-0.5075726,-0.10514465,-0.54014367,0.25663388,0.03842342,-0.41213125,0.5895352,-0.8325408,-1.4561334,0.28629494,-0.13979076,0.12877642,0.47012937,-0.90837955
QualiSR-Set120/SUPIR/voc_emotic_ava___JPEGImages__2008_003883.npy.gz,SUPIR,voc_emotic_ava___JPEGImages__2008_003883.png,../../../mnt/ssd2/29o_rya/datasets/iqa/QualiSR-Set120/sr/SUPIR/voc_emotic_ava___JPEGImages__2008_003883.png,QualiSR-Set120,voc_emotic_ava___JPEGImages__2008_003883,SUPIR/voc_emotic_ava___JPEGImages__2008_003883.png,../../../mnt/ssd2/29o_rya/datasets/iqa/QualiSR-Set120/hr/voc_emotic_ava___JPEGImages__2008_003883.png,../../../mnt/ssd2/29o_rya/datasets/iqa/QualiSR-Set120/lr/voc_emotic_ava___JPEGImages__2008_003883.png,test,9.090107,1.054375,0.17666453,-1.0349298,-0.7829678,1.311182,0.6007639,1.2444166,3.202199,2.0355732,-0.4602345,2.4017,2.641056,-0.10695374,0.5514965,-0.6055676,-0.46306923,1.2546055,3.203045,-1.6291194,-0.82701963,0.41282225,-0.6864788,0.7365989,0.6669259,-0.5788773,0.07895839,-0.3788684,1.2492584,0.23030812,-0.37563384,0.13831738,-1.0432417,-0.1981101,-0.7322874,0.14273117,-0.49621075,-0.10039297,-0.5663034,0.27591744,0.05152735,-0.41720182,0.5758574,-0.8172597,-1.4662831,0.28522867,-0.12794794,0.14215381,0.46333182,-0.9461744
QualiSR-Set120/PASD/voc_emotic_ava___VOC2012__2010_004399.npy.gz,PASD,voc_emotic_ava___VOC2012__2010_004399.png,../../../mnt/ssd2/29o_rya/datasets/iqa/QualiSR-Set120/sr/PASD/voc_emotic_ava___VOC2012__2010_004399.png,QualiSR-Set120,voc_emotic_ava___VOC2012__2010_004399,PASD/voc_emotic_ava___VOC2012__2010_004399.png,../../../mnt/ssd2/29o_rya/datasets/iqa/QualiSR-Set120/hr/voc_emotic_ava___VOC2012__2010_004399.png,../../../mnt/ssd2/29o_rya/datasets/iqa/QualiSR-Set120/lr/voc_emotic_ava___VOC2012__2010_004399.png,train,2.328226,-0.22802012,2.7137313,0.6452929,-3.8276434,0.8321146,1.9800826,-1.2306466,2.0407133,0.97479004,-0.019427985,0.20060456,0.43492067,-2.2202413,-0.6442388,-0.5002413,-2.1861217,0.122376055,-1.4879457,-2.0151517,-2.1835046,6.975423,-2.4229662,1.1110048,0.41108313,-1.5948311,-0.1635288,0.40832916,-1.0130882,-0.25133473,-0.4647803,-0.29013824,-0.21996596,-0.26180685,-0.17643113,-0.09472209,0.022888262,0.021855354,-0.40752298,0.21642555,-0.7028743,0.020783156,0.6108304,-0.21841723,-0.7532665,0.62799203,-0.707541,0.89380395,0.36800587,-0.6658021
QualiSR-Set120/RealESRGAN/voc_emotic_ava___VOC2012__2010_004399.npy.gz,RealESRGAN,voc_emotic_ava___VOC2012__2010_004399.png,../../../mnt/ssd2/29o_rya/datasets/iqa/QualiSR-Set120/sr/RealESRGAN/voc_emotic_ava___VOC2012__2010_004399.png,QualiSR-Set120,voc_emotic_ava___VOC2012__2010_004399,RealESRGAN/voc_emotic_ava___VOC2012__2010_004399.png,../../../mnt/ssd2/29o_rya/datasets/iqa/QualiSR-Set120/hr/voc_emotic_ava___VOC2012__2010_004399.png,../../../mnt/ssd2/29o_rya/datasets/iqa/QualiSR-Set120/lr/voc_emotic_ava___VOC2012__2010_004399.png,train,2.4141946,-0.26031226,2.7329836,0.6687194,-3.8654919,0.7831459,1.9954598,-1.2177852,2.0663304,0.96171165,-0.045236617,0.20358525,0.44657135,-2.2467918,-0.65611005,-0.50132513,-2.1984878,0.14344926,-1.4929686,-2.028964,-2.1792915,6.9982786,-2.4304764,1.0936173,0.4188864,-1.6067227,-0.19837707,0.42357156,-0.9670521,-0.30556077,-0.45962802,-0.3123749,-0.19861534,-0.26777768,-0.18974486,-0.08863559,0.02459786,0.011498988,-0.3994825,0.23736541,-0.7338277,0.023672596,0.6007335,-0.2332856,-0.75494486,0.648002,-0.694693,0.8985535,0.40759003,-0.64085317
QualiSR-Set120/SUPIR/voc_emotic_ava___VOC2012__2010_004399.npy.gz,SUPIR,voc_emotic_ava___VOC2012__2010_004399.png,../../../mnt/ssd2/29o_rya/datasets/iqa/QualiSR-Set120/sr/SUPIR/voc_emotic_ava___VOC2012__2010_004399.png,QualiSR-Set120,voc_emotic_ava___VOC2012__2010_004399,SUPIR/voc_emotic_ava___VOC2012__2010_004399.png,../../../mnt/ssd2/29o_rya/datasets/iqa/QualiSR-Set120/hr/voc_emotic_ava___VOC2012__2010_004399.png,../../../mnt/ssd2/29o_rya/datasets/iqa/QualiSR-Set120/lr/voc_emotic_ava___VOC2012__2010_004399.png,train,2.328226,-0.22802012,2.7137313,0.6452929,-3.8276434,0.8321146,1.9800826,-1.2306466,2.0407133,0.97479004,-0.019427985,0.20060456,0.43492067,-2.2202413,-0.6442388,-0.5002413,-2.1861217,0.122376055,-1.4879457,-2.0151517,-2.1835046,6.975423,-2.4229662,1.1110048,0.41108313,-1.5948311,-0.1635288,0.40832916,-1.0130882,-0.25133473,-0.4647803,-0.29013824,-0.21996596,-0.26180685,-0.17643113,-0.09472209,0.022888262,0.021855354,-0.40752298,0.21642555,-0.7028743,0.020783156,0.6108304,-0.21841723,-0.7532665,0.62799203,-0.707541,0.89380395,0.36800587,-0.6658021
QualiSR-Set120/PASD/voc_emotic_ava___VOC2012__2012_004043.npy.gz,PASD,voc_emotic_ava___VOC2012__2012_004043.png,../../../mnt/ssd2/29o_rya/datasets/iqa/QualiSR-Set120/sr/PASD/voc_emotic_ava___VOC2012__2012_004043.png,QualiSR-Set120,voc_emotic_ava___VOC2012__2012_004043,PASD/voc_emotic_ava___VOC2012__2012_004043.png,../../../mnt/ssd2/29o_rya/datasets/iqa/QualiSR-Set120/hr/voc_emotic_ava___VOC2012__2012_004043.png,../../../mnt/ssd2/29o_rya/datasets/iqa/QualiSR-Set120/lr/voc_emotic_ava___VOC2012__2012_004043.png,train,9.880776,1.0146624,2.8542924,0.29640675,-5.718022,-2.265739,5.136964,1.0128258,-0.9939984,-1.5970433,-2.9771533,-2.5749302,5.6631217,-2.140691,0.72570395,1.2983785,-0.119094074,-3.094876,0.007944018,-1.3770181,1.8980376,-1.0661929,0.81740206,1.6387043,-0.6495385,0.64204425,0.32157126,-0.299459,1.6154191,-0.3257137,-0.1097439,0.63791686,-2.257083,-0.19602627,-2.1141133,1.0552824,-0.25843632,-0.43445387,0.87028444,-0.48464265,1.0572371,0.256396,0.12458266,-0.1630877,0.6754958,0.09525952,0.33705938,0.22533031,0.2678166,0.034341186
QualiSR-Set120/RealESRGAN/voc_emotic_ava___VOC2012__2012_004043.npy.gz,RealESRGAN,voc_emotic_ava___VOC2012__2012_004043.png,../../../mnt/ssd2/29o_rya/datasets/iqa/QualiSR-Set120/sr/RealESRGAN/voc_emotic_ava___VOC2012__2012_004043.png,QualiSR-Set120,voc_emotic_ava___VOC2012__2012_004043,RealESRGAN/voc_emotic_ava___VOC2012__2012_004043.png,../../../mnt/ssd2/29o_rya/datasets/iqa/QualiSR-Set120/hr/voc_emotic_ava___VOC2012__2012_004043.png,../../../mnt/ssd2/29o_rya/datasets/iqa/QualiSR-Set120/lr/voc_emotic_ava___VOC2012__2012_004043.png,train,9.865399,1.0471776,2.8584175,0.2768342,-5.689875,-2.2206726,5.130446,0.9812912,-0.9759469,-1.5590192,-2.9607663,-2.557729,5.644745,-2.1193938,0.7189281,1.293791,-0.11803818,-3.060113,0.023423791,-1.3370517,1.8830601,-1.0477748,0.8026955,1.6456487,-0.6518183,0.6627034,0.3354395,-0.28723735,1.5999186,-0.31727642,-0.11191953,0.6489958,-2.2591217,-0.18167466,-2.0888891,1.0555658,-0.2571899,-0.4155347,0.8992822,-0.50802493,1.0811146,0.24541673,0.13594031,-0.17698476,0.6702059,0.097507894,0.32852393,0.22055295,0.23248333,0.03361237
QualiSR-Set120/SUPIR/voc_emotic_ava___VOC2012__2012_004043.npy.gz,SUPIR,voc_emotic_ava___VOC2012__2012_004043.png,../../../mnt/ssd2/29o_rya/datasets/iqa/QualiSR-Set120/sr/SUPIR/voc_emotic_ava___VOC2012__2012_004043.png,QualiSR-Set120,voc_emotic_ava___VOC2012__2012_004043,SUPIR/voc_emotic_ava___VOC2012__2012_004043.png,../../../mnt/ssd2/29o_rya/datasets/iqa/QualiSR-Set120/hr/voc_emotic_ava___VOC2012__2012_004043.png,../../../mnt/ssd2/29o_rya/datasets/iqa/QualiSR-Set120/lr/voc_emotic_ava___VOC2012__2012_004043.png,train,9.880776,1.0146624,2.8542924,0.29640675,-5.718022,-2.265739,5.136964,1.0128258,-0.9939984,-1.5970433,-2.9771533,-2.5749302,5.6631217,-2.140691,0.72570395,1.2983785,-0.119094074,-3.094876,0.007944018,-1.3770181,1.8980376,-1.0661929,0.81740206,1.6387043,-0.6495385,0.64204425,0.32157126,-0.299459,1.6154191,-0.3257137,-0.1097439,0.63791686,-2.257083,-0.19602627,-2.1141133,1.0552824,-0.25843632,-0.43445387,0.87028444,-0.48464265,1.0572371,0.256396,0.12458266,-0.1630877,0.6754958,0.09525952,0.33705938,0.22533031,0.2678166,0.034341186
