sample_id,sr_method,sr_filename,sr_path,dataset,test_case,rel_path,gt_path,lr_path,set_type,vgg_pca_000,vgg_pca_001,vgg_pca_002,vgg_pca_003,vgg_pca_004,vgg_pca_005,vgg_pca_006,vgg_pca_007,vgg_pca_008,vgg_pca_009,vgg_pca_010,vgg_pca_011,vgg_pca_012,vgg_pca_013,vgg_pca_014,vgg_pca_015,vgg_pca_016,vgg_pca_017,vgg_pca_018,vgg_pca_019,vgg_pca_020,vgg_pca_021,vgg_pca_022,vgg_pca_023,vgg_pca_024,vgg_pca_025,vgg_pca_026,vgg_pca_027,vgg_pca_028,vgg_pca_029,vgg_pca_030,vgg_pca_031,vgg_pca_032,vgg_pca_033,vgg_pca_034,vgg_pca_035,vgg_pca_036,vgg_pca_037,vgg_pca_038,vgg_pca_039,vgg_pca_040,vgg_pca_041,vgg_pca_042,vgg_pca_043,vgg_pca_044,vgg_pca_045,vgg_pca_046,vgg_pca_047,vgg_pca_048,vgg_pca_049,vgg_pca_050,vgg_pca_051,vgg_pca_052,vgg_pca_053,vgg_pca_054,vgg_pca_055,vgg_pca_056,vgg_pca_057,vgg_pca_058,vgg_pca_059,vgg_pca_060,vgg_pca_061,vgg_pca_062,vgg_pca_063,vgg_pca_064,vgg_pca_065,vgg_pca_066,vgg_pca_067,vgg_pca_068,vgg_pca_069,vgg_pca_070,vgg_pca_071,vgg_pca_072,vgg_pca_073,vgg_pca_074
QualiSR-Set120/PASD/1024x768___4962875195.npy.gz,PASD,1024x768___4962875195.png,../../../mnt/ssd2/29o_rya/datasets/iqa/QualiSR-Set120/sr/PASD/1024x768___4962875195.png,QualiSR-Set120,1024x768___4962875195,PASD/1024x768___4962875195.png,../../../mnt/ssd2/29o_rya/datasets/iqa/QualiSR-Set120/hr/1024x768___4962875195.png,../../../mnt/ssd2/29o_rya/datasets/iqa/QualiSR-Set120/lr/1024x768___4962875195.png,train,-4.504479,-7.650113,-6.095665,-15.303053,-4.7809343,-3.1568627,-23.206598,2.8046923,-12.705751,-21.174719,-18.460857,-4.3445253,14.668438,-61.892982,38.383034,-20.661943,73.22249,-65.7396,23.605747,0.73184466,-0.48202705,3.561648,3.0897448,3.3154564,-5.5794206,0.14290142,3.6037736,-2.7449975,-1.542006,-0.25692987,-3.7885618,0.28226256,-2.1216738,0.038807392,0.46223032,0.4806199,0.13839166,-0.7280495,-0.4135394,0.7928704,-0.58357525,2.8889015,0.09844732,0.14098263,-1.5443966,0.3611269,0.027614273,-1.088008,0.061744213,-0.4576033,0.205868,-2.9434197,1.6754115,-1.696419,-0.032559693,-0.15466532,-1.3054044,0.90492964,0.0672493,0.40396082,-3.5506916,-3.4721694,-3.8471932,-1.7847254,4.5553236,0.8763039,-2.5544014,-0.24050593,-3.6270921,18.150349,6.3571024,-0.7713429,-5.92009,2.0729694,-11.289204
QualiSR-Set120/RealESRGAN/1024x768___4962875195.npy.gz,RealESRGAN,1024x768___4962875195.png,../../../mnt/ssd2/29o_rya/datasets/iqa/QualiSR-Set120/sr/RealESRGAN/1024x768___4962875195.png,QualiSR-Set120,1024x768___4962875195,RealESRGAN/1024x768___4962875195.png,../../../mnt/ssd2/29o_rya/datasets/iqa/QualiSR-Set120/hr/1024x768___4962875195.png,../../../mnt/ssd2/29o_rya/datasets/iqa/QualiSR-Set120/lr/1024x768___4962875195.png,train,-4.504479,-7.650113,-6.095665,-15.303053,-4.7809343,-3.1568627,-23.206598,2.8046923,-12.705751,-21.174719,-18.460857,-4.3445253,14.668438,-61.892982,38.383034,-20.661943,73.22249,-65.7396,23.605747,0.73184466,-0.48202705,3.561648,3.0897448,3.3154564,-5.5794206,0.14290142,3.6037736,-2.7449975,-1.542006,-0.25692987,-3.7885618,0.28226256,-2.1216738,0.038807392,0.46223032,0.4806199,0.13839166,-0.7280495,-0.4135394,0.7928704,-0.58357525,2.8889015,0.09844732,0.14098263,-1.5443966,0.3611269,0.027614273,-1.088008,0.061744213,-0.4576033,0.205868,-2.9434197,1.6754115,-1.696419,-0.032559693,-0.15466532,-1.3054044,0.90492964,0.0672493,0.40396082,-3.5506916,-3.4721694,-3.8471932,-1.7847254,4.5553236,0.8763039,-2.5544014,-0.24050593,-3.6270921,18.150349,6.3571024,-0.7713429,-5.92009,2.0729694,-11.289204
QualiSR-Set120/SUPIR/1024x768___4962875195.npy.gz,SUPIR,1024x768___4962875195.png,../../../mnt/ssd2/29o_rya/datasets/iqa/QualiSR-Set120/sr/SUPIR/1024x768___4962875195.png,QualiSR-Set120,1024x768___4962875195,SUPIR/1024x768___4962875195.png,../../../mnt/ssd2/29o_rya/datasets/iqa/QualiSR-Set120/hr/1024x768___4962875195.png,../../../mnt/ssd2/29o_rya/datasets/iqa/QualiSR-Set120/lr/1024x768___4962875195.png,train,-4.504479,-7.650113,-6.095665,-15.303053,-4.7809343,-3.1568627,-23.206598,2.8046923,-12.705751,-21.174719,-18.460857,-4.3445253,14.668438,-61.892982,38.383034,-20.661943,73.22249,-65.7396,23.605747,0.73184466,-0.48202705,3.561648,3.0897448,3.3154564,-5.5794206,0.14290142,3.6037736,-2.7449975,-1.542006,-0.25692987,-3.7885618,0.28226256,-2.1216738,0.038807392,0.46223032,0.4806199,0.13839166,-0.7280495,-0.4135394,0.7928704,-0.58357525,2.8889015,0.09844732,0.14098263,-1.5443966,0.3611269,0.027614273,-1.088008,0.061744213,-0.4576033,0.205868,-2.9434197,1.6754115,-1.696419,-0.032559693,-0.15466532,-1.3054044,0.90492964,0.0672493,0.40396082,-3.5506916,-3.4721694,-3.8471932,-1.7847254,4.5553236,0.8763039,-2.5544014,-0.24050593,-3.6270921,18.150349,6.3571024,-0.7713429,-5.92009,2.0729694,-11.289204
QualiSR-Set120/PASD/ava_images___101816.npy.gz,PASD,ava_images___101816.png,../../../mnt/ssd2/29o_rya/datasets/iqa/QualiSR-Set120/sr/PASD/ava_images___101816.png,QualiSR-Set120,ava_images___101816,PASD/ava_images___101816.png,../../../mnt/ssd2/29o_rya/datasets/iqa/QualiSR-Set120/hr/ava_images___101816.png,../../../mnt/ssd2/29o_rya/datasets/iqa/QualiSR-Set120/lr/ava_images___101816.png,train,-7.553397,-2.5419817,-7.6226425,-5.5643196,-15.938809,-1.6933346,-6.0855827,4.990069,-6.3430357,-5.212571,-16.480343,-0.7008574,-5.9830313,4.7622976,9.260108,4.7771225,-5.8343773,-1.0500815,-20.894852,-7.541979,-36.962948,-21.399927,-5.084243,52.384975,3.1765184,7.3456354,-0.9574475,1.9366169,-5.7934685,-2.0854487,-10.370596,-4.3917556,-18.654938,-13.842606,-19.7229,30.201645,20.289436,24.330307,2.224795,3.1408768,-4.2064476,-3.5275512,11.743908,-0.8358264,-3.773936,-4.671076,0.7469529,5.0753365,2.9796484,0.16954075,-1.1966094,1.6198542,0.041500278,3.1962242,2.6041632,-0.26020214,3.6229522,0.94914126,2.1804185,-0.14739457,-1.5994502,-3.2114272,-1.0147786,3.5092099,-4.6354547,16.914429,-4.7913966,-3.847889,4.6226573,0.034889817,-1.020187,-0.8945998,0.6784312,-0.1721636,1.0960815
QualiSR-Set120/RealESRGAN/ava_images___101816.npy.gz,RealESRGAN,ava_images___101816.png,../../../mnt/ssd2/29o_rya/datasets/iqa/QualiSR-Set120/sr/RealESRGAN/ava_images___101816.png,QualiSR-Set120,ava_images___101816,RealESRGAN/ava_images___101816.png,../../../mnt/ssd2/29o_rya/datasets/iqa/QualiSR-Set120/hr/ava_images___101816.png,../../../mnt/ssd2/29o_rya/datasets/iqa/QualiSR-Set120/lr/ava_images___101816.png,train,-7.6159844,-2.5619469,-7.624653,-5.5545697,-15.865034,-1.744431,-6.0763955,5.0270276,-6.3184915,-5.191189,-16.461548,-0.69167614,-5.993163,4.653391,9.191158,4.7914033,-5.7857566,-0.9867561,-20.948044,-7.4917727,-36.914494,-21.394287,-5.0984936,52.388325,3.2245264,7.271432,-0.97195864,1.852109,-5.826851,-2.072607,-10.440924,-4.4253573,-18.687584,-13.82773,-19.753288,30.28282,20.269257,24.44731,2.2268317,3.2196245,-4.211918,-3.5905766,11.788275,-0.8461616,-3.827768,-4.662985,0.76006484,5.109766,3.0543401,0.1735618,-1.2295718,1.6354605,0.024828441,3.2066379,2.6237526,-0.24968848,3.672465,1.0494823,2.1787305,-0.2246277,-1.7060148,-3.2548394,-1.0224257,3.6277282,-4.635122,17.096107,-4.855343,-3.905144,4.6696677,0.11329633,-0.9964789,-0.994326,0.59972215,-0.2276591,1.1316552
QualiSR-Set120/SUPIR/ava_images___101816.npy.gz,SUPIR,ava_images___101816.png,../../../mnt/ssd2/29o_rya/datasets/iqa/QualiSR-Set120/sr/SUPIR/ava_images___101816.png,QualiSR-Set120,ava_images___101816,SUPIR/ava_images___101816.png,../../../mnt/ssd2/29o_rya/datasets/iqa/QualiSR-Set120/hr/ava_images___101816.png,../../../mnt/ssd2/29o_rya/datasets/iqa/QualiSR-Set120/lr/ava_images___101816.png,train,-7.553397,-2.5419817,-7.6226425,-5.5643196,-15.938809,-1.6933346,-6.0855827,4.990069,-6.3430357,-5.212571,-16.480343,-0.7008574,-5.9830313,4.7622976,9.260108,4.7771225,-5.8343773,-1.0500815,-20.894852,-7.541979,-36.962948,-21.399927,-5.084243,52.384975,3.1765184,7.3456354,-0.9574475,1.9366169,-5.7934685,-2.0854487,-10.370596,-4.3917556,-18.654938,-13.842606,-19.7229,30.201645,20.289436,24.330307,2.224795,3.1408768,-4.2064476,-3.5275512,11.743908,-0.8358264,-3.773936,-4.671076,0.7469529,5.0753365,2.9796484,0.16954075,-1.1966094,1.6198542,0.041500278,3.1962242,2.6041632,-0.26020214,3.6229522,0.94914126,2.1804185,-0.14739457,-1.5994502,-3.2114272,-1.0147786,3.5092099,-4.6354547,16.914429,-4.7913966,-3.847889,4.6226573,0.034889817,-1.020187,-0.8945998,0.6784312,-0.1721636,1.0960815
QualiSR-Set120/PASD/ava_images___158174.npy.gz,PASD,ava_images___158174.png,../../../mnt/ssd2/29o_rya/datasets/iqa/QualiSR-Set120/sr/PASD/ava_images___158174.png,QualiSR-Set120,ava_images___158174,PASD/ava_images___158174.png,../../../mnt/ssd2/29o_rya/datasets/iqa/QualiSR-Set120/hr/ava_images___158174.png,../../../mnt/ssd2/29o_rya/datasets/iqa/QualiSR-Set120/lr/ava_images___158174.png,train,-14.143076,-9.642539,-3.4057112,-59.779305,150.22444,27.306278,0.46256828,-3.460967,-11.8552265,-1.1782241,-11.666955,16.98626,12.588194,15.043256,-4.4935727,-4.565493,-9.375944,-7.8083415,0.31185246,-3.268727,-8.53479,-2.82541,1.3045943,-1.4839506,2.4427247,-3.5804195,-1.3548989,-3.3505101,-2.3167243,0.11551952,-1.9880184,-0.105407596,-4.162418,-2.4964554,1.923678,2.0500107,-3.009057,-0.34909403,-2.4607596,-4.919775,-3.9893796,11.845233,-2.1131895,-5.0986614,30.147545,-20.93166,-12.596699,5.610601,-8.955672,-2.691262,1.094295,2.3898218,0.53874785,1.7286369,-0.8401052,-1.0008875,-0.033156633,-0.3260791,-0.7225558,-0.33393836,1.5090067,0.056868315,0.55393445,-0.14212167,0.96611166,1.0426421,-0.8877969,-0.102535486,-0.3560667,0.095018625,-0.16213319,0.36464298,-0.08911988,-1.1875005,-0.252182
QualiSR-Set120/RealESRGAN/ava_images___158174.npy.gz,RealESRGAN,ava_images___158174.png,../../../mnt/ssd2/29o_rya/datasets/iqa/QualiSR-Set120/sr/RealESRGAN/ava_images___158174.png,QualiSR-Set120,ava_images___158174,RealESRGAN/ava_images___158174.png,../../../mnt/ssd2/29o_rya/datasets/iqa/QualiSR-Set120/hr/ava_images___158174.png,../../../mnt/ssd2/29o_rya/datasets/iqa/QualiSR-Set120/lr/ava_images___158174.png,train,-14.143076,-9.642539,-3.4057112,-59.779305,150.22444,27.306278,0.46256828,-3.460967,-11.8552265,-1.1782241,-11.666955,16.98626,12.588194,15.043256,-4.4935727,-4.565493,-9.375944,-7.8083415,0.31185246,-3.268727,-8.53479,-2.82541,1.3045943,-1.4839506,2.4427247,-3.5804195,-1.3548989,-3.3505101,-2.3167243,0.11551952,-1.9880184,-0.105407596,-4.162418,-2.4964554,1.923678,2.0500107,-3.009057,-0.34909403,-2.4607596,-4.919775,-3.9893796,11.845233,-2.1131895,-5.0986614,30.147545,-20.93166,-12.596699,5.610601,-8.955672,-2.691262,1.094295,2.3898218,0.53874785,1.7286369,-0.8401052,-1.0008875,-0.033156633,-0.3260791,-0.7225558,-0.33393836,1.5090067,0.056868315,0.55393445,-0.14212167,0.96611166,1.0426421,-0.8877969,-0.102535486,-0.3560667,0.095018625,-0.16213319,0.36464298,-0.08911988,-1.1875005,-0.252182
QualiSR-Set120/SUPIR/ava_images___158174.npy.gz,SUPIR,ava_images___158174.png,../../../mnt/ssd2/29o_rya/datasets/iqa/QualiSR-Set120/sr/SUPIR/ava_images___158174.png,QualiSR-Set120,ava_images___158174,SUPIR/ava_images___158174.png,../../../mnt/ssd2/29o_rya/datasets/iqa/QualiSR-Set120/hr/ava_images___158174.png,../../../mnt/ssd2/29o_rya/datasets/iqa/QualiSR-Set120/lr/ava_images___158174.png,train,-14.143076,-9.642539,-3.4057112,-59.779305,150.22444,27.306278,0.46256828,-3.460967,-11.8552265,-1.1782241,-11.666955,16.98626,12.588194,15.043256,-4.4935727,-4.565493,-9.375944,-7.8083415,0.31185246,-3.268727,-8.53479,-2.82541,1.3045943,-1.4839506,2.4427247,-3.5804195,-1.3548989,-3.3505101,-2.3167243,0.11551952,-1.9880184,-0.105407596,-4.162418,-2.4964554,1.923678,2.0500107,-3.009057,-0.34909403,-2.4607596,-4.919775,-3.9893796,11.845233,-2.1131895,-5.0986614,30.147545,-20.93166,-12.596699,5.610601,-8.955672,-2.691262,1.094295,2.3898218,0.53874785,1.7286369,-0.8401052,-1.0008875,-0.033156633,-0.3260791,-0.7225558,-0.33393836,1.5090067,0.056868315,0.55393445,-0.14212167,0.96611166,1.0426421,-0.8877969,-0.102535486,-0.3560667,0.095018625,-0.16213319,0.36464298,-0.08911988,-1.1875005,-0.252182
QualiSR-Set120/PASD/ava_images___18037.npy.gz,PASD,ava_images___18037.png,../../../mnt/ssd2/29o_rya/datasets/iqa/QualiSR-Set120/sr/PASD/ava_images___18037.png,QualiSR-Set120,ava_images___18037,PASD/ava_images___18037.png,../../../mnt/ssd2/29o_rya/datasets/iqa/QualiSR-Set120/hr/ava_images___18037.png,../../../mnt/ssd2/29o_rya/datasets/iqa/QualiSR-Set120/lr/ava_images___18037.png,train,-9.990379,-12.938805,-9.481963,-6.3648252,-14.081976,-7.5992284,-8.356612,2.213747,-8.979769,-9.41631,-9.218647,3.4064388,-5.7813215,-2.0515983,-2.2251127,5.8687406,-10.357375,-1.1447989,-13.963123,-2.1724484,-11.354658,-2.4247165,0.43836188,-4.110163,0.8406248,-18.03291,-11.0986,-21.716572,-20.60176,-20.71248,9.193932,-0.04131508,-2.3560355,-0.7174256,-2.5637481,4.39736,4.9849153,-30.884205,4.0609455,5.7923374,0.9593129,-8.834932,7.5617495,-5.6812267,-2.1992362,-5.642297,-1.1964208,2.0516617,1.021204,0.17613047,0.38833356,-1.236165,-0.39698863,0.12423539,0.4015317,0.06506458,0.4389199,0.006665677,-0.0395208,0.736995,0.53572625,-0.41316175,0.1650809,0.15760913,-0.42890167,-0.113234535,-0.5410098,-0.36677766,-0.614686,0.70177954,-0.020453036,0.67215717,-0.4133339,-0.010727167,0.3717413
QualiSR-Set120/RealESRGAN/ava_images___18037.npy.gz,RealESRGAN,ava_images___18037.png,../../../mnt/ssd2/29o_rya/datasets/iqa/QualiSR-Set120/sr/RealESRGAN/ava_images___18037.png,QualiSR-Set120,ava_images___18037,RealESRGAN/ava_images___18037.png,../../../mnt/ssd2/29o_rya/datasets/iqa/QualiSR-Set120/hr/ava_images___18037.png,../../../mnt/ssd2/29o_rya/datasets/iqa/QualiSR-Set120/lr/ava_images___18037.png,train,-9.990379,-12.938805,-9.481963,-6.3648252,-14.081976,-7.5992284,-8.356612,2.213747,-8.979769,-9.41631,-9.218647,3.4064388,-5.7813215,-2.0515983,-2.2251127,5.8687406,-10.357375,-1.1447989,-13.963123,-2.1724484,-11.354658,-2.4247165,0.43836188,-4.110163,0.8406248,-18.03291,-11.0986,-21.716572,-20.60176,-20.71248,9.193932,-0.04131508,-2.3560355,-0.7174256,-2.5637481,4.39736,4.9849153,-30.884205,4.0609455,5.7923374,0.9593129,-8.834932,7.5617495,-5.6812267,-2.1992362,-5.642297,-1.1964208,2.0516617,1.021204,0.17613047,0.38833356,-1.236165,-0.39698863,0.12423539,0.4015317,0.06506458,0.4389199,0.006665677,-0.0395208,0.736995,0.53572625,-0.41316175,0.1650809,0.15760913,-0.42890167,-0.113234535,-0.5410098,-0.36677766,-0.614686,0.70177954,-0.020453036,0.67215717,-0.4133339,-0.010727167,0.3717413
QualiSR-Set120/SUPIR/ava_images___18037.npy.gz,SUPIR,ava_images___18037.png,../../../mnt/ssd2/29o_rya/datasets/iqa/QualiSR-Set120/sr/SUPIR/ava_images___18037.png,QualiSR-Set120,ava_images___18037,SUPIR/ava_images___18037.png,../../../mnt/ssd2/29o_rya/datasets/iqa/QualiSR-Set120/hr/ava_images___18037.png,../../../mnt/ssd2/29o_rya/datasets/iqa/QualiSR-Set120/lr/ava_images___18037.png,train,-9.990379,-12.938805,-9.481963,-6.3648252,-14.081976,-7.5992284,-8.356612,2.213747,-8.979769,-9.41631,-9.218647,3.4064388,-5.7813215,-2.0515983,-2.2251127,5.8687406,-10.357375,-1.1447989,-13.963123,-2.1724484,-11.354658,-2.4247165,0.43836188,-4.110163,0.8406248,-18.03291,-11.0986,-21.716572,-20.60176,-20.71248,9.193932,-0.04131508,-2.3560355,-0.7174256,-2.5637481,4.39736,4.9849153,-30.884205,4.0609455,5.7923374,0.9593129,-8.834932,7.5617495,-5.6812267,-2.1992362,-5.642297,-1.1964208,2.0516617,1.021204,0.17613047,0.38833356,-1.236165,-0.39698863,0.12423539,0.4015317,0.06506458,0.4389199,0.006665677,-0.0395208,0.736995,0.53572625,-0.41316175,0.1650809,0.15760913,-0.42890167,-0.113234535,-0.5410098,-0.36677766,-0.614686,0.70177954,-0.020453036,0.67215717,-0.4133339,-0.010727167,0.3717413
QualiSR-Set120/PASD/ava_images___217590.npy.gz,PASD,ava_images___217590.png,../../../mnt/ssd2/29o_rya/datasets/iqa/QualiSR-Set120/sr/PASD/ava_images___217590.png,QualiSR-Set120,ava_images___217590,PASD/ava_images___217590.png,../../../mnt/ssd2/29o_rya/datasets/iqa/QualiSR-Set120/hr/ava_images___217590.png,../../../mnt/ssd2/29o_rya/datasets/iqa/QualiSR-Set120/lr/ava_images___217590.png,test,-6.8547735,-12.574227,-9.247287,-6.04752,-13.193314,-6.355573,-6.0500574,2.3181713,-9.680952,-8.842537,-7.153138,2.1617172,-4.326209,-3.3744347,-1.9407637,5.149716,-10.058124,-1.3881075,-12.972069,-1.3603133,-9.207382,-1.3706509,-0.5778127,-4.7938232,2.7980285,-15.892535,-10.840687,-18.956959,-17.830385,-17.924835,8.072071,-0.7472192,1.5459542,1.8017216,-1.3711538,0.006121874,0.6328133,-10.31636,1.3267622,2.9126542,-1.1628748,-0.44463778,1.5809364,-2.081343,0.3737719,0.7118225,0.71113,0.07927132,-0.43629098,0.44746098,0.3363334,-0.50506663,1.2048713,-1.3401405,0.096374184,0.17786947,-1.3225467,0.29995495,0.28340024,-0.74299777,-1.5123373,-0.2465322,-0.08445716,0.1722305,0.23847485,-0.5701393,-0.8396727,1.0269413,0.22468758,-0.7070641,0.75503814,-0.44820246,0.13552788,0.29789257,0.091907024
QualiSR-Set120/RealESRGAN/ava_images___217590.npy.gz,RealESRGAN,ava_images___217590.png,../../../mnt/ssd2/29o_rya/datasets/iqa/QualiSR-Set120/sr/RealESRGAN/ava_images___217590.png,QualiSR-Set120,ava_images___217590,RealESRGAN/ava_images___217590.png,../../../mnt/ssd2/29o_rya/datasets/iqa/QualiSR-Set120/hr/ava_images___217590.png,../../../mnt/ssd2/29o_rya/datasets/iqa/QualiSR-Set120/lr/ava_images___217590.png,test,-6.9086323,-12.557337,-9.201387,-6.055217,-13.187158,-6.329167,-6.0139866,2.2820141,-9.665328,-8.82544,-7.1379514,2.1814482,-4.3067985,-3.357325,-1.9517839,5.1211476,-10.01966,-1.3987604,-12.962141,-1.3724742,-9.144648,-1.3625438,-0.54325366,-4.793617,2.8167644,-15.839561,-10.775721,-18.802479,-17.770891,-17.821941,7.995705,-0.764397,1.5218978,1.8383586,-1.3642085,-0.016248941,0.6141266,-10.155695,1.2738228,2.9228332,-1.1842561,-0.3887081,1.4928074,-2.0340054,0.3998952,0.72404957,0.70577586,0.09885228,-0.41975474,0.4730358,0.34488404,-0.51310897,1.1953701,-1.3492641,0.06654382,0.17963445,-1.3092196,0.31673756,0.30519116,-0.73452246,-1.4998885,-0.22541332,-0.05653763,0.15255591,0.19525433,-0.60754627,-0.8732208,1.0215652,0.23534632,-0.70389766,0.76539063,-0.43935016,0.10755375,0.32572043,0.059951544
QualiSR-Set120/SUPIR/ava_images___217590.npy.gz,SUPIR,ava_images___217590.png,../../../mnt/ssd2/29o_rya/datasets/iqa/QualiSR-Set120/sr/SUPIR/ava_images___217590.png,QualiSR-Set120,ava_images___217590,SUPIR/ava_images___217590.png,../../../mnt/ssd2/29o_rya/datasets/iqa/QualiSR-Set120/hr/ava_images___217590.png,../../../mnt/ssd2/29o_rya/datasets/iqa/QualiSR-Set120/lr/ava_images___217590.png,test,-6.8547735,-12.574227,-9.247287,-6.04752,-13.193314,-6.355573,-6.0500574,2.3181713,-9.680952,-8.842537,-7.153138,2.1617172,-4.326209,-3.3744347,-1.9407637,5.149716,-10.058124,-1.3881075,-12.972069,-1.3603133,-9.207382,-1.3706509,-0.5778127,-4.7938232,2.7980285,-15.892535,-10.840687,-18.956959,-17.830385,-17.924835,8.072071,-0.7472192,1.5459542,1.8017216,-1.3711538,0.006121874,0.6328133,-10.31636,1.3267622,2.9126542,-1.1628748,-0.44463778,1.5809364,-2.081343,0.3737719,0.7118225,0.71113,0.07927132,-0.43629098,0.44746098,0.3363334,-0.50506663,1.2048713,-1.3401405,0.096374184,0.17786947,-1.3225467,0.29995495,0.28340024,-0.74299777,-1.5123373,-0.2465322,-0.08445716,0.1722305,0.23847485,-0.5701393,-0.8396727,1.0269413,0.22468758,-0.7070641,0.75503814,-0.44820246,0.13552788,0.29789257,0.091907024
QualiSR-Set120/PASD/ava_images___251530.npy.gz,PASD,ava_images___251530.png,../../../mnt/ssd2/29o_rya/datasets/iqa/QualiSR-Set120/sr/PASD/ava_images___251530.png,QualiSR-Set120,ava_images___251530,PASD/ava_images___251530.png,../../../mnt/ssd2/29o_rya/datasets/iqa/QualiSR-Set120/hr/ava_images___251530.png,../../../mnt/ssd2/29o_rya/datasets/iqa/QualiSR-Set120/lr/ava_images___251530.png,train,-10.298296,-11.538277,-9.143879,-7.094345,-12.648576,-9.097283,-7.6935587,1.96619,-8.523138,-8.840128,-9.825589,3.3685396,-4.999813,-2.6437476,1.1055481,3.6711702,-9.744902,0.67188656,-14.322506,-1.1735256,-9.698963,-2.469734,-2.3993359,-4.8993664,-0.60612965,-10.259988,-5.811379,-14.28096,-7.7629056,-7.3982105,-0.24528605,-1.4387188,-7.943026,-2.5934217,-2.1648793,6.233934,1.4880577,-5.31544,-2.1497135,2.6746502,-4.177658,17.868803,-17.711273,15.469137,12.561087,25.405231,3.8829064,-3.2223742,-1.9575479,-3.8893192,-0.79332316,2.505742,-3.03091,4.1286387,-2.957067,0.12105873,-0.43487978,0.21870731,1.2587545,-1.4458487,1.2040246,3.795389,0.30159444,0.59484184,3.2890086,1.9568076,2.6483731,2.2741659,1.766696,-0.30902427,-0.5173545,3.1982126,0.6103464,1.10626,0.13115299
QualiSR-Set120/RealESRGAN/ava_images___251530.npy.gz,RealESRGAN,ava_images___251530.png,../../../mnt/ssd2/29o_rya/datasets/iqa/QualiSR-Set120/sr/RealESRGAN/ava_images___251530.png,QualiSR-Set120,ava_images___251530,RealESRGAN/ava_images___251530.png,../../../mnt/ssd2/29o_rya/datasets/iqa/QualiSR-Set120/hr/ava_images___251530.png,../../../mnt/ssd2/29o_rya/datasets/iqa/QualiSR-Set120/lr/ava_images___251530.png,train,-10.250063,-11.539094,-9.1511345,-7.042577,-12.578482,-9.048727,-7.6278977,1.9587677,-8.511271,-8.818114,-9.778751,3.3913825,-4.9620724,-2.6574252,1.1559492,3.6415825,-9.774005,0.64378345,-14.271535,-1.1864395,-9.625184,-2.4056492,-2.5062761,-4.904744,-0.6077025,-10.25191,-5.806179,-14.311187,-7.773628,-7.3845997,-0.2940578,-1.3894677,-7.9520082,-2.5799327,-2.1621206,6.210643,1.4579263,-5.261886,-2.1663373,2.651078,-4.1513853,17.861158,-17.73909,15.435925,12.61653,25.382687,3.8958974,-3.220822,-1.9723978,-3.891031,-0.7782331,2.5347488,-3.0279112,4.099347,-2.967926,0.11309874,-0.42038774,0.25343052,1.2546659,-1.4533226,1.2467132,3.7588003,0.3466004,0.61075807,3.2784328,2.0074494,2.6772332,2.2616277,1.7757115,-0.29806012,-0.5178441,3.151964,0.6811051,1.0816804,0.17573369
QualiSR-Set120/SUPIR/ava_images___251530.npy.gz,SUPIR,ava_images___251530.png,../../../mnt/ssd2/29o_rya/datasets/iqa/QualiSR-Set120/sr/SUPIR/ava_images___251530.png,QualiSR-Set120,ava_images___251530,SUPIR/ava_images___251530.png,../../../mnt/ssd2/29o_rya/datasets/iqa/QualiSR-Set120/hr/ava_images___251530.png,../../../mnt/ssd2/29o_rya/datasets/iqa/QualiSR-Set120/lr/ava_images___251530.png,train,-10.298296,-11.538277,-9.143879,-7.094345,-12.648576,-9.097283,-7.6935587,1.96619,-8.523138,-8.840128,-9.825589,3.3685396,-4.999813,-2.6437476,1.1055481,3.6711702,-9.744902,0.67188656,-14.322506,-1.1735256,-9.698963,-2.469734,-2.3993359,-4.8993664,-0.60612965,-10.259988,-5.811379,-14.28096,-7.7629056,-7.3982105,-0.24528605,-1.4387188,-7.943026,-2.5934217,-2.1648793,6.233934,1.4880577,-5.31544,-2.1497135,2.6746502,-4.177658,17.868803,-17.711273,15.469137,12.561087,25.405231,3.8829064,-3.2223742,-1.9575479,-3.8893192,-0.79332316,2.505742,-3.03091,4.1286387,-2.957067,0.12105873,-0.43487978,0.21870731,1.2587545,-1.4458487,1.2040246,3.795389,0.30159444,0.59484184,3.2890086,1.9568076,2.6483731,2.2741659,1.766696,-0.30902427,-0.5173545,3.1982126,0.6103464,1.10626,0.13115299
QualiSR-Set120/PASD/ava_images___253900.npy.gz,PASD,ava_images___253900.png,../../../mnt/ssd2/29o_rya/datasets/iqa/QualiSR-Set120/sr/PASD/ava_images___253900.png,QualiSR-Set120,ava_images___253900,PASD/ava_images___253900.png,../../../mnt/ssd2/29o_rya/datasets/iqa/QualiSR-Set120/hr/ava_images___253900.png,../../../mnt/ssd2/29o_rya/datasets/iqa/QualiSR-Set120/lr/ava_images___253900.png,train,-1.2510757,-12.693567,-3.776147,-2.9281032,-12.350698,-9.529483,-11.893993,-1.318157,-13.114321,-6.016673,-11.852307,0.21228862,-2.8210561,-7.6975713,-1.1096119,4.27385,-14.23195,2.474691,-20.63742,1.1461391,-12.071016,9.470224,27.603765,-16.057411,22.200367,-28.264671,64.87811,16.786823,1.1458268,2.0289497,-1.9222959,0.9446846,-2.1163673,-1.4314487,-0.39818695,-0.6029153,0.24663207,0.6960616,-0.44994056,0.75867325,-1.0615891,1.7279813,-0.72158813,0.23570633,0.034867764,0.01824665,0.40502846,-0.9278143,2.105843,-0.26882532,0.9713404,1.3918955,1.4190712,-1.1734977,0.1871827,0.975302,0.026368141,1.4724911,-0.3095788,0.29056802,1.3376532,5.124852,-2.9767623,-4.5964026,-1.9430782,-7.185682,-6.914561,-23.9116,-4.7032123,-0.014489949,0.17543781,-1.8181478,2.012731,2.7711,4.265185
QualiSR-Set120/RealESRGAN/ava_images___253900.npy.gz,RealESRGAN,ava_images___253900.png,../../../mnt/ssd2/29o_rya/datasets/iqa/QualiSR-Set120/sr/RealESRGAN/ava_images___253900.png,QualiSR-Set120,ava_images___253900,RealESRGAN/ava_images___253900.png,../../../mnt/ssd2/29o_rya/datasets/iqa/QualiSR-Set120/hr/ava_images___253900.png,../../../mnt/ssd2/29o_rya/datasets/iqa/QualiSR-Set120/lr/ava_images___253900.png,train,-1.5082264,-12.632684,-3.8002524,-3.060037,-12.333411,-9.494731,-11.685938,-1.3402927,-13.103289,-5.980417,-11.92154,0.19479108,-2.7974303,-7.6409974,-1.0808487,4.2392626,-14.359955,2.487638,-20.59475,1.2162304,-12.001932,9.423544,27.566338,-15.912892,22.06118,-28.079014,64.59977,16.72787,1.1432271,2.0563617,-1.9270706,0.97370684,-2.1145515,-1.4287102,-0.39782894,-0.55850697,0.11903682,0.6230364,-0.46539712,0.7273733,-1.0428479,1.6616745,-0.7970867,0.14542079,0.0064213276,0.13062096,0.36378324,-0.9531297,2.0979142,-0.3565826,0.9002197,1.2648276,1.4013846,-1.1903093,0.20503977,0.9521712,0.000269413,1.5084877,-0.27382025,0.20391062,1.2408577,5.189232,-2.9532561,-4.6004963,-1.8491875,-7.181348,-7.089141,-23.96701,-4.697722,-0.062521756,0.14877206,-1.8089725,1.9417632,2.5638638,4.248874
QualiSR-Set120/SUPIR/ava_images___253900.npy.gz,SUPIR,ava_images___253900.png,../../../mnt/ssd2/29o_rya/datasets/iqa/QualiSR-Set120/sr/SUPIR/ava_images___253900.png,QualiSR-Set120,ava_images___253900,SUPIR/ava_images___253900.png,../../../mnt/ssd2/29o_rya/datasets/iqa/QualiSR-Set120/hr/ava_images___253900.png,../../../mnt/ssd2/29o_rya/datasets/iqa/QualiSR-Set120/lr/ava_images___253900.png,train,-1.2510757,-12.693567,-3.776147,-2.9281032,-12.350698,-9.529483,-11.893993,-1.318157,-13.114321,-6.016673,-11.852307,0.21228862,-2.8210561,-7.6975713,-1.1096119,4.27385,-14.23195,2.474691,-20.63742,1.1461391,-12.071016,9.470224,27.603765,-16.057411,22.200367,-28.264671,64.87811,16.786823,1.1458268,2.0289497,-1.9222959,0.9446846,-2.1163673,-1.4314487,-0.39818695,-0.6029153,0.24663207,0.6960616,-0.44994056,0.75867325,-1.0615891,1.7279813,-0.72158813,0.23570633,0.034867764,0.01824665,0.40502846,-0.9278143,2.105843,-0.26882532,0.9713404,1.3918955,1.4190712,-1.1734977,0.1871827,0.975302,0.026368141,1.4724911,-0.3095788,0.29056802,1.3376532,5.124852,-2.9767623,-4.5964026,-1.9430782,-7.185682,-6.914561,-23.9116,-4.7032123,-0.014489949,0.17543781,-1.8181478,2.012731,2.7711,4.265185
QualiSR-Set120/PASD/ava_images___273810.npy.gz,PASD,ava_images___273810.png,../../../mnt/ssd2/29o_rya/datasets/iqa/QualiSR-Set120/sr/PASD/ava_images___273810.png,QualiSR-Set120,ava_images___273810,PASD/ava_images___273810.png,../../../mnt/ssd2/29o_rya/datasets/iqa/QualiSR-Set120/hr/ava_images___273810.png,../../../mnt/ssd2/29o_rya/datasets/iqa/QualiSR-Set120/lr/ava_images___273810.png,train,-26.616123,-1.5060892,18.139416,-15.267347,13.963547,-8.564978,35.071648,24.644398,86.17316,-26.939936,1.4935064,-103.721855,-20.21344,-10.012138,3.4811757,5.661895,-12.524767,-4.867689,-0.98493576,0.27667975,0.683095,0.8506832,3.7113888,-1.8389505,1.8081536,0.5502882,-0.79499006,-1.7978792,-2.0247254,0.25025988,-3.7703433,1.3526298,-4.579673,-1.8680353,1.432026,0.27869773,-3.6479938,-1.4728873,0.04164338,1.4274846,-0.095471025,4.0634165,-6.4253697,-0.16148734,-1.5193961,-3.4739857,-6.061326,1.179784,3.8615997,30.563545,-27.855112,-0.18314123,-3.009148,-2.637549,5.677316,0.24852079,-2.6692493,-3.1493733,3.1424563,-7.2505264,0.23719013,3.9467099,-1.01266,-0.41237658,-0.109926224,0.3598533,-0.9707104,0.43185985,0.39847565,0.15988368,-1.0807525,0.96980155,-1.28528,-0.16472352,-1.0095882
QualiSR-Set120/RealESRGAN/ava_images___273810.npy.gz,RealESRGAN,ava_images___273810.png,../../../mnt/ssd2/29o_rya/datasets/iqa/QualiSR-Set120/sr/RealESRGAN/ava_images___273810.png,QualiSR-Set120,ava_images___273810,RealESRGAN/ava_images___273810.png,../../../mnt/ssd2/29o_rya/datasets/iqa/QualiSR-Set120/hr/ava_images___273810.png,../../../mnt/ssd2/29o_rya/datasets/iqa/QualiSR-Set120/lr/ava_images___273810.png,train,-26.561182,-1.5022573,18.06633,-15.154825,13.962854,-8.518163,34.957607,24.674091,85.70294,-26.855665,1.4617987,-103.24105,-20.248537,-9.897154,3.3449564,5.6565294,-12.514767,-4.847004,-1.0462503,0.23777628,0.5329704,0.79573655,3.7287643,-1.9518319,1.9327879,0.43666744,-0.8358402,-2.0064974,-2.2033405,0.20384026,-3.9035463,1.469529,-4.6473856,-1.9975808,1.5425442,0.3721807,-3.7872608,-1.4363279,-0.11945534,1.432003,-0.07574546,4.1324925,-6.411498,-0.17899728,-1.6033299,-3.5001707,-6.0107613,1.0837529,3.8546274,30.421722,-27.785025,-0.24273658,-3.048987,-2.6729913,5.6716824,0.30932903,-2.5868666,-3.0206163,3.2069669,-7.2023034,0.25930017,3.879444,-1.1959794,-0.6017919,-0.23848152,0.4191926,-0.88985145,0.50809777,0.37790537,0.1365369,-1.0883869,1.0183784,-1.2397654,-0.20206088,-1.0302099
QualiSR-Set120/SUPIR/ava_images___273810.npy.gz,SUPIR,ava_images___273810.png,../../../mnt/ssd2/29o_rya/datasets/iqa/QualiSR-Set120/sr/SUPIR/ava_images___273810.png,QualiSR-Set120,ava_images___273810,SUPIR/ava_images___273810.png,../../../mnt/ssd2/29o_rya/datasets/iqa/QualiSR-Set120/hr/ava_images___273810.png,../../../mnt/ssd2/29o_rya/datasets/iqa/QualiSR-Set120/lr/ava_images___273810.png,train,-26.616123,-1.5060892,18.139416,-15.267347,13.963547,-8.564978,35.071648,24.644398,86.17316,-26.939936,1.4935064,-103.721855,-20.21344,-10.012138,3.4811757,5.661895,-12.524767,-4.867689,-0.98493576,0.27667975,0.683095,0.8506832,3.7113888,-1.8389505,1.8081536,0.5502882,-0.79499006,-1.7978792,-2.0247254,0.25025988,-3.7703433,1.3526298,-4.579673,-1.8680353,1.432026,0.27869773,-3.6479938,-1.4728873,0.04164338,1.4274846,-0.095471025,4.0634165,-6.4253697,-0.16148734,-1.5193961,-3.4739857,-6.061326,1.179784,3.8615997,30.563545,-27.855112,-0.18314123,-3.009148,-2.637549,5.677316,0.24852079,-2.6692493,-3.1493733,3.1424563,-7.2505264,0.23719013,3.9467099,-1.01266,-0.41237658,-0.109926224,0.3598533,-0.9707104,0.43185985,0.39847565,0.15988368,-1.0807525,0.96980155,-1.28528,-0.16472352,-1.0095882
QualiSR-Set120/PASD/ava_images___295451.npy.gz,PASD,ava_images___295451.png,../../../mnt/ssd2/29o_rya/datasets/iqa/QualiSR-Set120/sr/PASD/ava_images___295451.png,QualiSR-Set120,ava_images___295451,PASD/ava_images___295451.png,../../../mnt/ssd2/29o_rya/datasets/iqa/QualiSR-Set120/hr/ava_images___295451.png,../../../mnt/ssd2/29o_rya/datasets/iqa/QualiSR-Set120/lr/ava_images___295451.png,train,-14.247511,-8.816633,-2.5133362,-7.190001,-7.0149226,-6.6916738,-2.840479,7.4170685,1.0446749,-8.59348,-9.137514,8.446736,-0.6235938,-9.063698,8.288314,3.5272431,-9.649671,-1.319012,-20.22831,-12.232487,-8.545406,-22.545471,-76.66809,-40.038555,-23.989588,24.111198,22.967184,6.085189,1.1406302,0.7421026,0.71702623,-0.8864781,0.63683796,0.21696448,0.81772864,-0.15205383,-0.120284505,-0.07123196,0.6171222,-0.45840994,0.032798767,0.32913494,-0.5634079,0.29545188,-0.04368329,-0.7957654,-0.8213609,-0.6015111,-0.11121565,0.85438573,0.37655413,1.510695,-0.3319831,1.1205639,0.16436636,1.0351845,1.9942921,0.99416983,-2.8297477,-1.4504173,-0.7772827,6.241643,2.1698508,-7.482899,-14.049039,-0.9359649,0.9952816,6.114624,1.5754881,7.206473,5.367505,-2.3625379,4.150107,-2.0146053,4.672262
QualiSR-Set120/RealESRGAN/ava_images___295451.npy.gz,RealESRGAN,ava_images___295451.png,../../../mnt/ssd2/29o_rya/datasets/iqa/QualiSR-Set120/sr/RealESRGAN/ava_images___295451.png,QualiSR-Set120,ava_images___295451,RealESRGAN/ava_images___295451.png,../../../mnt/ssd2/29o_rya/datasets/iqa/QualiSR-Set120/hr/ava_images___295451.png,../../../mnt/ssd2/29o_rya/datasets/iqa/QualiSR-Set120/lr/ava_images___295451.png,train,-14.208258,-8.798304,-2.4474497,-7.067786,-6.9979978,-6.6301084,-2.7627263,7.333877,1.0491028,-8.574353,-9.152408,8.400134,-0.5173683,-9.028996,8.093171,3.4191656,-9.50997,-1.2598263,-20.217102,-12.362987,-8.494991,-22.578768,-76.7072,-40.06065,-24.098764,24.228436,22.928421,6.10534,1.042388,0.83487606,0.7384504,-0.71473795,0.546967,0.033926725,0.88262427,-0.054285288,-0.08083902,-0.05309701,0.5376551,-0.42624083,0.072295666,0.39100695,-0.5894742,0.18558979,-0.027639389,-0.86370134,-0.6917947,-0.4594853,-0.06614083,0.88469523,0.35381973,1.4752545,-0.3708254,1.0796167,0.068985045,1.1121544,2.028295,0.9657477,-2.9076943,-1.4068011,-0.74194026,6.103554,1.9608386,-7.3943415,-13.998841,-0.97032243,0.99078476,6.0773697,1.5019407,7.0793858,5.2393804,-2.2210643,4.1702847,-2.0744996,4.694632
QualiSR-Set120/SUPIR/ava_images___295451.npy.gz,SUPIR,ava_images___295451.png,../../../mnt/ssd2/29o_rya/datasets/iqa/QualiSR-Set120/sr/SUPIR/ava_images___295451.png,QualiSR-Set120,ava_images___295451,SUPIR/ava_images___295451.png,../../../mnt/ssd2/29o_rya/datasets/iqa/QualiSR-Set120/hr/ava_images___295451.png,../../../mnt/ssd2/29o_rya/datasets/iqa/QualiSR-Set120/lr/ava_images___295451.png,train,-14.247511,-8.816633,-2.5133362,-7.190001,-7.0149226,-6.6916738,-2.840479,7.4170685,1.0446749,-8.59348,-9.137514,8.446736,-0.6235938,-9.063698,8.288314,3.5272431,-9.649671,-1.319012,-20.22831,-12.232487,-8.545406,-22.545471,-76.66809,-40.038555,-23.989588,24.111198,22.967184,6.085189,1.1406302,0.7421026,0.71702623,-0.8864781,0.63683796,0.21696448,0.81772864,-0.15205383,-0.120284505,-0.07123196,0.6171222,-0.45840994,0.032798767,0.32913494,-0.5634079,0.29545188,-0.04368329,-0.7957654,-0.8213609,-0.6015111,-0.11121565,0.85438573,0.37655413,1.510695,-0.3319831,1.1205639,0.16436636,1.0351845,1.9942921,0.99416983,-2.8297477,-1.4504173,-0.7772827,6.241643,2.1698508,-7.482899,-14.049039,-0.9359649,0.9952816,6.114624,1.5754881,7.206473,5.367505,-2.3625379,4.150107,-2.0146053,4.672262
QualiSR-Set120/PASD/ava_images___308473.npy.gz,PASD,ava_images___308473.png,../../../mnt/ssd2/29o_rya/datasets/iqa/QualiSR-Set120/sr/PASD/ava_images___308473.png,QualiSR-Set120,ava_images___308473,PASD/ava_images___308473.png,../../../mnt/ssd2/29o_rya/datasets/iqa/QualiSR-Set120/hr/ava_images___308473.png,../../../mnt/ssd2/29o_rya/datasets/iqa/QualiSR-Set120/lr/ava_images___308473.png,train,-2.958377,-11.983038,-7.2241254,-9.714552,-12.635502,-8.612712,-13.304682,-7.252285,-9.600002,-8.616441,-12.929062,4.5751114,-3.0248168,-9.700325,-3.3263903,-6.1498055,-6.657648,6.0818496,-15.175618,0.3750348,-3.7834485,25.512384,-3.2931385,-16.06332,71.05021,39.64513,-21.67844,2.1178808,3.9426436,3.745205,-1.0116435,0.6615342,-0.99371624,-0.057483196,-0.2507252,-0.1013546,0.26387855,-0.5409546,-0.44133222,1.0835195,-0.7830501,0.8572726,-0.51526785,0.2705016,-0.20407796,-0.9227662,-0.5948926,2.2376828,-0.16239887,0.3194211,0.2065661,-1.1836638,-0.38438076,0.8117558,-0.5592027,-0.31037542,0.48169744,0.23643318,0.03287065,0.21551734,-0.34985185,-1.2187461,0.30089366,-0.1326792,-2.7888806,-0.5211908,0.93187374,-1.5984339,-6.8143835,1.8999238,1.9452634,4.2403293,0.23034579,-0.17893785,-1.7041723
QualiSR-Set120/RealESRGAN/ava_images___308473.npy.gz,RealESRGAN,ava_images___308473.png,../../../mnt/ssd2/29o_rya/datasets/iqa/QualiSR-Set120/sr/RealESRGAN/ava_images___308473.png,QualiSR-Set120,ava_images___308473,RealESRGAN/ava_images___308473.png,../../../mnt/ssd2/29o_rya/datasets/iqa/QualiSR-Set120/hr/ava_images___308473.png,../../../mnt/ssd2/29o_rya/datasets/iqa/QualiSR-Set120/lr/ava_images___308473.png,train,-3.1450558,-11.807411,-7.262416,-9.650999,-12.631363,-8.457174,-13.228117,-7.207203,-9.691181,-8.667909,-12.969841,4.6241426,-3.12392,-9.780985,-3.4762042,-6.104008,-6.5449963,5.945091,-15.216461,0.56931305,-3.6967306,25.420626,-3.310676,-16.051878,70.76708,39.49134,-21.523117,2.0502453,3.8924441,3.7525997,-0.96683127,0.61584854,-0.9907675,-0.05476606,-0.17868406,-0.033696413,0.29283103,-0.5510764,-0.39970624,1.02994,-0.76539314,0.86936045,-0.5275779,0.22784972,-0.18675542,-0.8968997,-0.5170658,2.4859452,-0.05927366,0.31556702,0.1906128,-1.1856108,-0.3169294,0.8018781,-0.60292506,-0.32029238,0.40814888,0.31224597,0.112933695,0.16237819,-0.3642826,-1.1037517,0.34849548,-0.14693388,-2.7728455,-0.5613225,0.9283228,-1.6929777,-6.7434516,1.8615234,1.8871806,4.1436863,0.19440627,-0.11809516,-1.5919222
QualiSR-Set120/SUPIR/ava_images___308473.npy.gz,SUPIR,ava_images___308473.png,../../../mnt/ssd2/29o_rya/datasets/iqa/QualiSR-Set120/sr/SUPIR/ava_images___308473.png,QualiSR-Set120,ava_images___308473,SUPIR/ava_images___308473.png,../../../mnt/ssd2/29o_rya/datasets/iqa/QualiSR-Set120/hr/ava_images___308473.png,../../../mnt/ssd2/29o_rya/datasets/iqa/QualiSR-Set120/lr/ava_images___308473.png,train,-2.958377,-11.983038,-7.2241254,-9.714552,-12.635502,-8.612712,-13.304682,-7.252285,-9.600002,-8.616441,-12.929062,4.5751114,-3.0248168,-9.700325,-3.3263903,-6.1498055,-6.657648,6.0818496,-15.175618,0.3750348,-3.7834485,25.512384,-3.2931385,-16.06332,71.05021,39.64513,-21.67844,2.1178808,3.9426436,3.745205,-1.0116435,0.6615342,-0.99371624,-0.057483196,-0.2507252,-0.1013546,0.26387855,-0.5409546,-0.44133222,1.0835195,-0.7830501,0.8572726,-0.51526785,0.2705016,-0.20407796,-0.9227662,-0.5948926,2.2376828,-0.16239887,0.3194211,0.2065661,-1.1836638,-0.38438076,0.8117558,-0.5592027,-0.31037542,0.48169744,0.23643318,0.03287065,0.21551734,-0.34985185,-1.2187461,0.30089366,-0.1326792,-2.7888806,-0.5211908,0.93187374,-1.5984339,-6.8143835,1.8999238,1.9452634,4.2403293,0.23034579,-0.17893785,-1.7041723
QualiSR-Set120/PASD/ava_images___321917.npy.gz,PASD,ava_images___321917.png,../../../mnt/ssd2/29o_rya/datasets/iqa/QualiSR-Set120/sr/PASD/ava_images___321917.png,QualiSR-Set120,ava_images___321917,PASD/ava_images___321917.png,../../../mnt/ssd2/29o_rya/datasets/iqa/QualiSR-Set120/hr/ava_images___321917.png,../../../mnt/ssd2/29o_rya/datasets/iqa/QualiSR-Set120/lr/ava_images___321917.png,train,-4.597058,-14.422782,-11.314063,-4.1123114,-10.542661,-7.5822725,-9.105099,-0.70339847,-17.103367,-8.837665,-13.527126,0.1275816,-4.3090076,-0.9435251,-11.668619,8.623135,-15.87876,-5.54187,-10.727956,25.383501,-26.358284,1.7589991,46.68367,-24.61878,-43.669163,35.23455,-11.3371,3.3290443,3.8949323,6.317789,-1.2949609,-1.460021,-0.87864494,0.10163307,1.0873729,-1.0591364,-0.5178702,0.7710874,-0.5997361,-1.3976543,0.27087092,0.65943146,-0.8194256,-1.732475,-1.0842948,-2.5226817,-0.27868903,-0.28311992,0.11527586,0.26366407,-0.12511456,0.02861607,-0.035313286,-2.363381,0.6519774,-0.2149382,4.9781127,0.6639968,-2.4900205,-0.7182149,5.907927,-5.0377054,4.527378,3.8939984,-9.818865,4.652447,7.5339036,0.31932735,-15.67181,-2.1719983,0.42696786,12.94576,1.4689968,16.132515,-1.7404406
QualiSR-Set120/RealESRGAN/ava_images___321917.npy.gz,RealESRGAN,ava_images___321917.png,../../../mnt/ssd2/29o_rya/datasets/iqa/QualiSR-Set120/sr/RealESRGAN/ava_images___321917.png,QualiSR-Set120,ava_images___321917,RealESRGAN/ava_images___321917.png,../../../mnt/ssd2/29o_rya/datasets/iqa/QualiSR-Set120/hr/ava_images___321917.png,../../../mnt/ssd2/29o_rya/datasets/iqa/QualiSR-Set120/lr/ava_images___321917.png,train,-4.597058,-14.422782,-11.314063,-4.1123114,-10.542661,-7.5822725,-9.105099,-0.70339847,-17.103367,-8.837665,-13.527126,0.1275816,-4.3090076,-0.9435251,-11.668619,8.623135,-15.87876,-5.54187,-10.727956,25.383501,-26.358284,1.7589991,46.68367,-24.61878,-43.669163,35.23455,-11.3371,3.3290443,3.8949323,6.317789,-1.2949609,-1.460021,-0.87864494,0.10163307,1.0873729,-1.0591364,-0.5178702,0.7710874,-0.5997361,-1.3976543,0.27087092,0.65943146,-0.8194256,-1.732475,-1.0842948,-2.5226817,-0.27868903,-0.28311992,0.11527586,0.26366407,-0.12511456,0.02861607,-0.035313286,-2.363381,0.6519774,-0.2149382,4.9781127,0.6639968,-2.4900205,-0.7182149,5.907927,-5.0377054,4.527378,3.8939984,-9.818865,4.652447,7.5339036,0.31932735,-15.67181,-2.1719983,0.42696786,12.94576,1.4689968,16.132515,-1.7404406
QualiSR-Set120/SUPIR/ava_images___321917.npy.gz,SUPIR,ava_images___321917.png,../../../mnt/ssd2/29o_rya/datasets/iqa/QualiSR-Set120/sr/SUPIR/ava_images___321917.png,QualiSR-Set120,ava_images___321917,SUPIR/ava_images___321917.png,../../../mnt/ssd2/29o_rya/datasets/iqa/QualiSR-Set120/hr/ava_images___321917.png,../../../mnt/ssd2/29o_rya/datasets/iqa/QualiSR-Set120/lr/ava_images___321917.png,train,-4.597058,-14.422782,-11.314063,-4.1123114,-10.542661,-7.5822725,-9.105099,-0.70339847,-17.103367,-8.837665,-13.527126,0.1275816,-4.3090076,-0.9435251,-11.668619,8.623135,-15.87876,-5.54187,-10.727956,25.383501,-26.358284,1.7589991,46.68367,-24.61878,-43.669163,35.23455,-11.3371,3.3290443,3.8949323,6.317789,-1.2949609,-1.460021,-0.87864494,0.10163307,1.0873729,-1.0591364,-0.5178702,0.7710874,-0.5997361,-1.3976543,0.27087092,0.65943146,-0.8194256,-1.732475,-1.0842948,-2.5226817,-0.27868903,-0.28311992,0.11527586,0.26366407,-0.12511456,0.02861607,-0.035313286,-2.363381,0.6519774,-0.2149382,4.9781127,0.6639968,-2.4900205,-0.7182149,5.907927,-5.0377054,4.527378,3.8939984,-9.818865,4.652447,7.5339036,0.31932735,-15.67181,-2.1719983,0.42696786,12.94576,1.4689968,16.132515,-1.7404406
QualiSR-Set120/PASD/ava_images___360165.npy.gz,PASD,ava_images___360165.png,../../../mnt/ssd2/29o_rya/datasets/iqa/QualiSR-Set120/sr/PASD/ava_images___360165.png,QualiSR-Set120,ava_images___360165,PASD/ava_images___360165.png,../../../mnt/ssd2/29o_rya/datasets/iqa/QualiSR-Set120/hr/ava_images___360165.png,../../../mnt/ssd2/29o_rya/datasets/iqa/QualiSR-Set120/lr/ava_images___360165.png,train,-12.021152,-35.287575,155.38672,45.97377,3.6633425,10.369482,-17.827562,-2.228468,-11.905567,3.8152657,3.4053926,7.3247137,-1.9439571,3.8341413,-0.31336257,-6.427916,-2.5445278,-2.034086,-2.565319,0.3895111,-0.86600876,-0.20429015,-0.91925097,0.36217535,0.44699752,-1.8245382,-0.9254451,-17.239044,-44.531494,60.37771,7.474837,3.8612928,0.3288722,-0.6666086,0.34672648,-0.32078648,-3.7155297,0.7620902,0.9842136,-1.1155363,-12.543263,-4.0540557,-3.2321694,-0.5817232,1.0757624,-1.8201118,-6.777574,-5.569408,18.868647,-4.8146925,0.0023710728,-1.492707,2.5748222,3.6437283,1.1739662,0.7121817,-0.8860934,-0.023104995,-0.12517011,0.12362504,-0.32716107,0.75503206,0.09349096,-0.097329885,0.76680803,-0.24441744,-0.37008372,1.2425184,0.6249933,-0.8033156,0.06033826,-0.08247018,-0.3132224,0.44436717,0.08818698
QualiSR-Set120/RealESRGAN/ava_images___360165.npy.gz,RealESRGAN,ava_images___360165.png,../../../mnt/ssd2/29o_rya/datasets/iqa/QualiSR-Set120/sr/RealESRGAN/ava_images___360165.png,QualiSR-Set120,ava_images___360165,RealESRGAN/ava_images___360165.png,../../../mnt/ssd2/29o_rya/datasets/iqa/QualiSR-Set120/hr/ava_images___360165.png,../../../mnt/ssd2/29o_rya/datasets/iqa/QualiSR-Set120/lr/ava_images___360165.png,train,-12.073895,-35.347786,156.32962,46.255203,3.8411388,10.522093,-17.811062,-2.2943525,-11.930214,3.8963394,3.4364672,7.2699366,-1.8228171,3.9335399,-0.2589567,-6.4871497,-2.5563102,-2.127417,-2.4576912,0.4144616,-0.8010082,-0.08870506,-0.8569505,0.3841324,0.47608984,-1.859766,-0.80788565,-17.163837,-44.582317,60.322327,7.4650817,3.8791776,0.33504486,-0.63539934,0.39786124,-0.35157537,-3.758606,0.81911063,0.96486354,-1.0662822,-12.264955,-4.0153995,-3.1982734,-0.5982654,1.0302675,-1.7896018,-6.677064,-5.5889225,18.734114,-4.866848,0.028780341,-1.5742235,2.4411929,3.6332216,1.1498202,0.68658996,-0.8603313,0.01457113,-0.16586357,0.18441898,-0.28883386,0.74821424,0.069820285,-0.09071988,0.825727,-0.1686052,-0.3317869,1.2795589,0.5817447,-0.8176586,-0.14015993,-0.012255222,-0.29047439,0.5186107,0.11012626
QualiSR-Set120/SUPIR/ava_images___360165.npy.gz,SUPIR,ava_images___360165.png,../../../mnt/ssd2/29o_rya/datasets/iqa/QualiSR-Set120/sr/SUPIR/ava_images___360165.png,QualiSR-Set120,ava_images___360165,SUPIR/ava_images___360165.png,../../../mnt/ssd2/29o_rya/datasets/iqa/QualiSR-Set120/hr/ava_images___360165.png,../../../mnt/ssd2/29o_rya/datasets/iqa/QualiSR-Set120/lr/ava_images___360165.png,train,-12.021152,-35.287575,155.38672,45.97377,3.6633425,10.369482,-17.827562,-2.228468,-11.905567,3.8152657,3.4053926,7.3247137,-1.9439571,3.8341413,-0.31336257,-6.427916,-2.5445278,-2.034086,-2.565319,0.3895111,-0.86600876,-0.20429015,-0.91925097,0.36217535,0.44699752,-1.8245382,-0.9254451,-17.239044,-44.531494,60.37771,7.474837,3.8612928,0.3288722,-0.6666086,0.34672648,-0.32078648,-3.7155297,0.7620902,0.9842136,-1.1155363,-12.543263,-4.0540557,-3.2321694,-0.5817232,1.0757624,-1.8201118,-6.777574,-5.569408,18.868647,-4.8146925,0.0023710728,-1.492707,2.5748222,3.6437283,1.1739662,0.7121817,-0.8860934,-0.023104995,-0.12517011,0.12362504,-0.32716107,0.75503206,0.09349096,-0.097329885,0.76680803,-0.24441744,-0.37008372,1.2425184,0.6249933,-0.8033156,0.06033826,-0.08247018,-0.3132224,0.44436717,0.08818698
QualiSR-Set120/PASD/ava_images___426629.npy.gz,PASD,ava_images___426629.png,../../../mnt/ssd2/29o_rya/datasets/iqa/QualiSR-Set120/sr/PASD/ava_images___426629.png,QualiSR-Set120,ava_images___426629,PASD/ava_images___426629.png,../../../mnt/ssd2/29o_rya/datasets/iqa/QualiSR-Set120/hr/ava_images___426629.png,../../../mnt/ssd2/29o_rya/datasets/iqa/QualiSR-Set120/lr/ava_images___426629.png,test,-10.098915,-10.992917,-7.8327293,-6.6914134,-12.393057,-5.61729,-6.7292304,2.697919,-9.02696,-7.08587,-6.7955403,0.38804865,-4.153049,-4.7809696,-0.9487618,4.9480076,-9.720018,2.034751,-11.373774,-1.4229567,-9.067716,-1.5117605,3.2767947,-5.2890973,-0.70081663,-12.614048,-6.5491405,-13.977668,-10.057323,-9.433998,2.959653,0.5388539,-2.5011642,0.12666607,-1.2314839,2.0094814,2.1716554,-10.959322,-0.925256,2.5591826,-0.63564134,1.0868425,-2.0211627,1.1023011,0.2499249,-0.4242711,-0.07426135,-0.23227215,-0.43310976,-0.27577427,0.6614727,0.012288451,-0.89406925,0.65727925,0.40147334,0.8395289,0.69240665,1.3185701,-0.40041512,-1.3903106,0.7915959,0.05071473,-0.96023965,-0.68395287,-1.0330703,-0.21254952,-0.4119301,-0.27663183,-0.9968786,0.03152603,0.08493626,0.36370826,-0.4550798,-0.8910171,-1.2450349
QualiSR-Set120/RealESRGAN/ava_images___426629.npy.gz,RealESRGAN,ava_images___426629.png,../../../mnt/ssd2/29o_rya/datasets/iqa/QualiSR-Set120/sr/RealESRGAN/ava_images___426629.png,QualiSR-Set120,ava_images___426629,RealESRGAN/ava_images___426629.png,../../../mnt/ssd2/29o_rya/datasets/iqa/QualiSR-Set120/hr/ava_images___426629.png,../../../mnt/ssd2/29o_rya/datasets/iqa/QualiSR-Set120/lr/ava_images___426629.png,test,-10.098915,-10.992917,-7.8327293,-6.6914134,-12.393057,-5.61729,-6.7292304,2.697919,-9.02696,-7.08587,-6.7955403,0.38804865,-4.153049,-4.7809696,-0.9487618,4.9480076,-9.720018,2.034751,-11.373774,-1.4229567,-9.067716,-1.5117605,3.2767947,-5.2890973,-0.70081663,-12.614048,-6.5491405,-13.977668,-10.057323,-9.433998,2.959653,0.5388539,-2.5011642,0.12666607,-1.2314839,2.0094814,2.1716554,-10.959322,-0.925256,2.5591826,-0.63564134,1.0868425,-2.0211627,1.1023011,0.2499249,-0.4242711,-0.07426135,-0.23227215,-0.43310976,-0.27577427,0.6614727,0.012288451,-0.89406925,0.65727925,0.40147334,0.8395289,0.69240665,1.3185701,-0.40041512,-1.3903106,0.7915959,0.05071473,-0.96023965,-0.68395287,-1.0330703,-0.21254952,-0.4119301,-0.27663183,-0.9968786,0.03152603,0.08493626,0.36370826,-0.4550798,-0.8910171,-1.2450349
QualiSR-Set120/SUPIR/ava_images___426629.npy.gz,SUPIR,ava_images___426629.png,../../../mnt/ssd2/29o_rya/datasets/iqa/QualiSR-Set120/sr/SUPIR/ava_images___426629.png,QualiSR-Set120,ava_images___426629,SUPIR/ava_images___426629.png,../../../mnt/ssd2/29o_rya/datasets/iqa/QualiSR-Set120/hr/ava_images___426629.png,../../../mnt/ssd2/29o_rya/datasets/iqa/QualiSR-Set120/lr/ava_images___426629.png,test,-10.098915,-10.992917,-7.8327293,-6.6914134,-12.393057,-5.61729,-6.7292304,2.697919,-9.02696,-7.08587,-6.7955403,0.38804865,-4.153049,-4.7809696,-0.9487618,4.9480076,-9.720018,2.034751,-11.373774,-1.4229567,-9.067716,-1.5117605,3.2767947,-5.2890973,-0.70081663,-12.614048,-6.5491405,-13.977668,-10.057323,-9.433998,2.959653,0.5388539,-2.5011642,0.12666607,-1.2314839,2.0094814,2.1716554,-10.959322,-0.925256,2.5591826,-0.63564134,1.0868425,-2.0211627,1.1023011,0.2499249,-0.4242711,-0.07426135,-0.23227215,-0.43310976,-0.27577427,0.6614727,0.012288451,-0.89406925,0.65727925,0.40147334,0.8395289,0.69240665,1.3185701,-0.40041512,-1.3903106,0.7915959,0.05071473,-0.96023965,-0.68395287,-1.0330703,-0.21254952,-0.4119301,-0.27663183,-0.9968786,0.03152603,0.08493626,0.36370826,-0.4550798,-0.8910171,-1.2450349
QualiSR-Set120/PASD/ava_images___436880.npy.gz,PASD,ava_images___436880.png,../../../mnt/ssd2/29o_rya/datasets/iqa/QualiSR-Set120/sr/PASD/ava_images___436880.png,QualiSR-Set120,ava_images___436880,PASD/ava_images___436880.png,../../../mnt/ssd2/29o_rya/datasets/iqa/QualiSR-Set120/hr/ava_images___436880.png,../../../mnt/ssd2/29o_rya/datasets/iqa/QualiSR-Set120/lr/ava_images___436880.png,train,-5.3341947,0.4927492,-8.451053,-16.929878,-11.185396,-7.5773487,-20.906288,-2.2062244,-0.5167794,-9.401655,10.466543,6.147394,8.388663,-46.594036,5.7062798,-66.214745,-44.88731,45.11215,47.05982,3.984132,-0.85646105,-16.459585,0.22354937,4.453478,-2.701838,-3.904057,-1.8187819,-1.6737976,-2.938775,-1.4770617,-1.9697719,-0.8752293,-5.6309185,2.6087036,-1.241765,1.2505646,-1.7443194,-2.2618232,-2.8882976,1.7389562,-2.1565714,9.650691,-19.630005,23.136086,-21.07758,-28.422344,6.5094028,5.988885,-0.5877286,-4.0213914,4.7273836,-1.1529844,2.2807617,-2.755387,0.9083735,-1.2413031,-1.3454437,-0.4021738,1.3868897,2.0227025,1.9309902,1.530597,0.08682299,1.7503908,2.213934,0.0031100959,0.18688726,0.73410225,0.6846466,0.30142918,-1.0538636,6.3103523,-1.1499896,-6.2351685,1.7572873
QualiSR-Set120/RealESRGAN/ava_images___436880.npy.gz,RealESRGAN,ava_images___436880.png,../../../mnt/ssd2/29o_rya/datasets/iqa/QualiSR-Set120/sr/RealESRGAN/ava_images___436880.png,QualiSR-Set120,ava_images___436880,RealESRGAN/ava_images___436880.png,../../../mnt/ssd2/29o_rya/datasets/iqa/QualiSR-Set120/hr/ava_images___436880.png,../../../mnt/ssd2/29o_rya/datasets/iqa/QualiSR-Set120/lr/ava_images___436880.png,train,-5.3341947,0.4927492,-8.451053,-16.929878,-11.185396,-7.5773487,-20.906288,-2.2062244,-0.5167794,-9.401655,10.466543,6.147394,8.388663,-46.594036,5.7062798,-66.214745,-44.88731,45.11215,47.05982,3.984132,-0.85646105,-16.459585,0.22354937,4.453478,-2.701838,-3.904057,-1.8187819,-1.6737976,-2.938775,-1.4770617,-1.9697719,-0.8752293,-5.6309185,2.6087036,-1.241765,1.2505646,-1.7443194,-2.2618232,-2.8882976,1.7389562,-2.1565714,9.650691,-19.630005,23.136086,-21.07758,-28.422344,6.5094028,5.988885,-0.5877286,-4.0213914,4.7273836,-1.1529844,2.2807617,-2.755387,0.9083735,-1.2413031,-1.3454437,-0.4021738,1.3868897,2.0227025,1.9309902,1.530597,0.08682299,1.7503908,2.213934,0.0031100959,0.18688726,0.73410225,0.6846466,0.30142918,-1.0538636,6.3103523,-1.1499896,-6.2351685,1.7572873
QualiSR-Set120/SUPIR/ava_images___436880.npy.gz,SUPIR,ava_images___436880.png,../../../mnt/ssd2/29o_rya/datasets/iqa/QualiSR-Set120/sr/SUPIR/ava_images___436880.png,QualiSR-Set120,ava_images___436880,SUPIR/ava_images___436880.png,../../../mnt/ssd2/29o_rya/datasets/iqa/QualiSR-Set120/hr/ava_images___436880.png,../../../mnt/ssd2/29o_rya/datasets/iqa/QualiSR-Set120/lr/ava_images___436880.png,train,-5.3341947,0.4927492,-8.451053,-16.929878,-11.185396,-7.5773487,-20.906288,-2.2062244,-0.5167794,-9.401655,10.466543,6.147394,8.388663,-46.594036,5.7062798,-66.214745,-44.88731,45.11215,47.05982,3.984132,-0.85646105,-16.459585,0.22354937,4.453478,-2.701838,-3.904057,-1.8187819,-1.6737976,-2.938775,-1.4770617,-1.9697719,-0.8752293,-5.6309185,2.6087036,-1.241765,1.2505646,-1.7443194,-2.2618232,-2.8882976,1.7389562,-2.1565714,9.650691,-19.630005,23.136086,-21.07758,-28.422344,6.5094028,5.988885,-0.5877286,-4.0213914,4.7273836,-1.1529844,2.2807617,-2.755387,0.9083735,-1.2413031,-1.3454437,-0.4021738,1.3868897,2.0227025,1.9309902,1.530597,0.08682299,1.7503908,2.213934,0.0031100959,0.18688726,0.73410225,0.6846466,0.30142918,-1.0538636,6.3103523,-1.1499896,-6.2351685,1.7572873
QualiSR-Set120/PASD/ava_images___46021.npy.gz,PASD,ava_images___46021.png,../../../mnt/ssd2/29o_rya/datasets/iqa/QualiSR-Set120/sr/PASD/ava_images___46021.png,QualiSR-Set120,ava_images___46021,PASD/ava_images___46021.png,../../../mnt/ssd2/29o_rya/datasets/iqa/QualiSR-Set120/hr/ava_images___46021.png,../../../mnt/ssd2/29o_rya/datasets/iqa/QualiSR-Set120/lr/ava_images___46021.png,train,-12.070353,-12.263952,-8.211786,2.9147897,-6.288506,-10.118675,-6.280515,5.34161,-11.836261,-5.719734,-9.923664,1.0389489,-3.9573677,-1.0247916,-7.164661,6.0957675,-7.248763,-7.6270323,-6.134271,4.8647547,-10.745452,0.09694755,-11.342829,-7.623409,-2.2681146,-40.520927,-41.76926,52.90567,0.77565956,9.647222,-0.40891033,-1.2244493,0.7133126,0.8201721,1.5022238,-0.46788073,-1.4338043,-0.44564378,-0.69924295,-0.24707854,-0.48138487,1.297811,0.30690002,0.36927938,-0.046389103,-1.0010066,-0.05972989,0.5752202,1.0099334,0.7445203,-0.37950325,-0.8008065,-0.06260929,-0.6525992,0.17724535,0.30164877,-1.3654709,1.2859176,-1.210823,-0.32151452,-0.6799344,-1.3507305,0.9501639,-0.6761892,-1.0732517,-0.65064913,0.8659915,-0.24091065,-1.7782941,1.7048128,-0.89532113,-0.2143363,1.2228489,0.57946205,-0.9712904
QualiSR-Set120/RealESRGAN/ava_images___46021.npy.gz,RealESRGAN,ava_images___46021.png,../../../mnt/ssd2/29o_rya/datasets/iqa/QualiSR-Set120/sr/RealESRGAN/ava_images___46021.png,QualiSR-Set120,ava_images___46021,RealESRGAN/ava_images___46021.png,../../../mnt/ssd2/29o_rya/datasets/iqa/QualiSR-Set120/hr/ava_images___46021.png,../../../mnt/ssd2/29o_rya/datasets/iqa/QualiSR-Set120/lr/ava_images___46021.png,train,-12.070353,-12.263952,-8.211786,2.9147897,-6.288506,-10.118675,-6.280515,5.34161,-11.836261,-5.719734,-9.923664,1.0389489,-3.9573677,-1.0247916,-7.164661,6.0957675,-7.248763,-7.6270323,-6.134271,4.8647547,-10.745452,0.09694755,-11.342829,-7.623409,-2.2681146,-40.520927,-41.76926,52.90567,0.77565956,9.647222,-0.40891033,-1.2244493,0.7133126,0.8201721,1.5022238,-0.46788073,-1.4338043,-0.44564378,-0.69924295,-0.24707854,-0.48138487,1.297811,0.30690002,0.36927938,-0.046389103,-1.0010066,-0.05972989,0.5752202,1.0099334,0.7445203,-0.37950325,-0.8008065,-0.06260929,-0.6525992,0.17724535,0.30164877,-1.3654709,1.2859176,-1.210823,-0.32151452,-0.6799344,-1.3507305,0.9501639,-0.6761892,-1.0732517,-0.65064913,0.8659915,-0.24091065,-1.7782941,1.7048128,-0.89532113,-0.2143363,1.2228489,0.57946205,-0.9712904
QualiSR-Set120/SUPIR/ava_images___46021.npy.gz,SUPIR,ava_images___46021.png,../../../mnt/ssd2/29o_rya/datasets/iqa/QualiSR-Set120/sr/SUPIR/ava_images___46021.png,QualiSR-Set120,ava_images___46021,SUPIR/ava_images___46021.png,../../../mnt/ssd2/29o_rya/datasets/iqa/QualiSR-Set120/hr/ava_images___46021.png,../../../mnt/ssd2/29o_rya/datasets/iqa/QualiSR-Set120/lr/ava_images___46021.png,train,-12.070353,-12.263952,-8.211786,2.9147897,-6.288506,-10.118675,-6.280515,5.34161,-11.836261,-5.719734,-9.923664,1.0389489,-3.9573677,-1.0247916,-7.164661,6.0957675,-7.248763,-7.6270323,-6.134271,4.8647547,-10.745452,0.09694755,-11.342829,-7.623409,-2.2681146,-40.520927,-41.76926,52.90567,0.77565956,9.647222,-0.40891033,-1.2244493,0.7133126,0.8201721,1.5022238,-0.46788073,-1.4338043,-0.44564378,-0.69924295,-0.24707854,-0.48138487,1.297811,0.30690002,0.36927938,-0.046389103,-1.0010066,-0.05972989,0.5752202,1.0099334,0.7445203,-0.37950325,-0.8008065,-0.06260929,-0.6525992,0.17724535,0.30164877,-1.3654709,1.2859176,-1.210823,-0.32151452,-0.6799344,-1.3507305,0.9501639,-0.6761892,-1.0732517,-0.65064913,0.8659915,-0.24091065,-1.7782941,1.7048128,-0.89532113,-0.2143363,1.2228489,0.57946205,-0.9712904
QualiSR-Set120/PASD/ava_images___472713.npy.gz,PASD,ava_images___472713.png,../../../mnt/ssd2/29o_rya/datasets/iqa/QualiSR-Set120/sr/PASD/ava_images___472713.png,QualiSR-Set120,ava_images___472713,PASD/ava_images___472713.png,../../../mnt/ssd2/29o_rya/datasets/iqa/QualiSR-Set120/hr/ava_images___472713.png,../../../mnt/ssd2/29o_rya/datasets/iqa/QualiSR-Set120/lr/ava_images___472713.png,test,-5.5851107,-0.98996544,-1.4319134,4.1641536,-0.5730438,1.4041944,7.612199,8.721403,9.154312,-2.2198262,10.107708,1.4118752,3.0182028,-4.5168886,2.227233,1.3472872,-2.0924177,-3.8193672,-2.152505,-4.803976,1.7837572,-3.1582842,-12.217101,2.242207,-2.4570293,-1.4797344,-1.5123973,-0.49132633,9.3167305,7.276065,-5.7137733,-6.633029,2.217236,4.2951703,1.6136972,-4.618408,-3.9827363,-1.831715,1.2917628,0.8445431,3.4964554,-1.4080973,1.4128222,-2.3776457,0.9595953,-3.378048,-3.433852,-1.1305804,1.9401034,-2.3994021,-1.1919757,-1.6396246,-0.28923577,1.5427479,1.6967764,5.400718,0.6151042,3.9954371,3.0047693,-0.038212664,-1.9949764,-0.94562674,1.438664,-5.327967,-0.76339626,6.5180616,-0.113550276,-2.987991,2.4056716,3.0345356,-3.2368717,-1.4007124,-1.1848073,-0.6824229,1.8116415
QualiSR-Set120/RealESRGAN/ava_images___472713.npy.gz,RealESRGAN,ava_images___472713.png,../../../mnt/ssd2/29o_rya/datasets/iqa/QualiSR-Set120/sr/RealESRGAN/ava_images___472713.png,QualiSR-Set120,ava_images___472713,RealESRGAN/ava_images___472713.png,../../../mnt/ssd2/29o_rya/datasets/iqa/QualiSR-Set120/hr/ava_images___472713.png,../../../mnt/ssd2/29o_rya/datasets/iqa/QualiSR-Set120/lr/ava_images___472713.png,test,-5.599371,-0.9699192,-1.4041162,3.9989085,-0.6320982,1.3862414,7.47995,8.699413,9.025482,-2.365715,9.968372,1.4029047,3.0876598,-4.444055,2.1474588,1.2606556,-2.0694685,-3.8127875,-2.1939,-4.8081756,1.8181753,-3.1102786,-12.136678,2.3467221,-2.4429584,-1.5088806,-1.4860997,-0.66643333,9.351543,7.2426624,-5.7626677,-6.591795,2.158445,4.2989674,1.6958791,-4.6634483,-4.0457025,-1.9055189,1.2868407,0.89577526,3.5771806,-1.44485,1.436542,-2.3669856,0.88560903,-3.393921,-3.4860969,-1.1035001,2.0367312,-2.4501553,-1.160451,-1.6570361,-0.33749956,1.5961212,1.7053925,5.3266273,0.64068484,4.0339108,2.8975196,-0.1050696,-2.0607815,-0.9474696,1.417259,-5.3859363,-0.82176137,6.5114775,-0.025030166,-2.941894,2.419272,3.0167727,-3.1766243,-1.4316179,-1.2834654,-0.6970438,1.8103676
QualiSR-Set120/SUPIR/ava_images___472713.npy.gz,SUPIR,ava_images___472713.png,../../../mnt/ssd2/29o_rya/datasets/iqa/QualiSR-Set120/sr/SUPIR/ava_images___472713.png,QualiSR-Set120,ava_images___472713,SUPIR/ava_images___472713.png,../../../mnt/ssd2/29o_rya/datasets/iqa/QualiSR-Set120/hr/ava_images___472713.png,../../../mnt/ssd2/29o_rya/datasets/iqa/QualiSR-Set120/lr/ava_images___472713.png,test,-5.5851107,-0.98996544,-1.4319134,4.1641536,-0.5730438,1.4041944,7.612199,8.721403,9.154312,-2.2198262,10.107708,1.4118752,3.0182028,-4.5168886,2.227233,1.3472872,-2.0924177,-3.8193672,-2.152505,-4.803976,1.7837572,-3.1582842,-12.217101,2.242207,-2.4570293,-1.4797344,-1.5123973,-0.49132633,9.3167305,7.276065,-5.7137733,-6.633029,2.217236,4.2951703,1.6136972,-4.618408,-3.9827363,-1.831715,1.2917628,0.8445431,3.4964554,-1.4080973,1.4128222,-2.3776457,0.9595953,-3.378048,-3.433852,-1.1305804,1.9401034,-2.3994021,-1.1919757,-1.6396246,-0.28923577,1.5427479,1.6967764,5.400718,0.6151042,3.9954371,3.0047693,-0.038212664,-1.9949764,-0.94562674,1.438664,-5.327967,-0.76339626,6.5180616,-0.113550276,-2.987991,2.4056716,3.0345356,-3.2368717,-1.4007124,-1.1848073,-0.6824229,1.8116415
QualiSR-Set120/PASD/ava_images___501777.npy.gz,PASD,ava_images___501777.png,../../../mnt/ssd2/29o_rya/datasets/iqa/QualiSR-Set120/sr/PASD/ava_images___501777.png,QualiSR-Set120,ava_images___501777,PASD/ava_images___501777.png,../../../mnt/ssd2/29o_rya/datasets/iqa/QualiSR-Set120/hr/ava_images___501777.png,../../../mnt/ssd2/29o_rya/datasets/iqa/QualiSR-Set120/lr/ava_images___501777.png,test,-8.926155,-8.872904,-4.354811,-8.564168,-7.7723436,-3.2352352,-2.2834544,-3.5939336,-0.121255875,-6.276268,0.33882332,-0.3177116,0.799129,-2.406837,3.5154028,2.6725683,-6.7778187,-1.6861488,-9.362997,-2.6878107,-4.7621346,-0.46602345,-13.175325,-4.3261642,-0.56200933,-1.3330317,-1.3409629,-0.55975914,-1.1598182,-1.7358835,-1.8664229,0.53629625,-4.21981,0.092871904,0.08795935,-0.21440864,0.6647711,-2.818031,-0.5893316,0.21378966,-1.2575438,1.7111588,-2.7964087,3.339435,2.228341,0.3094921,-1.9119691,-0.51217,-0.94596195,1.034644,-0.631162,0.7055975,0.33164343,-1.3164983,-1.1783571,0.2195165,3.043112,-1.2911274,-1.1880273,0.06523449,-0.13952601,1.647547,-1.0595608,-0.903889,-3.972057,0.096781,-0.38302043,-0.061739445,-0.37324142,-1.0915389,-0.61425835,2.0273805,-1.3816757,-0.4053619,-0.8952927
QualiSR-Set120/RealESRGAN/ava_images___501777.npy.gz,RealESRGAN,ava_images___501777.png,../../../mnt/ssd2/29o_rya/datasets/iqa/QualiSR-Set120/sr/RealESRGAN/ava_images___501777.png,QualiSR-Set120,ava_images___501777,RealESRGAN/ava_images___501777.png,../../../mnt/ssd2/29o_rya/datasets/iqa/QualiSR-Set120/hr/ava_images___501777.png,../../../mnt/ssd2/29o_rya/datasets/iqa/QualiSR-Set120/lr/ava_images___501777.png,test,-8.926155,-8.872904,-4.354811,-8.564168,-7.7723436,-3.2352352,-2.2834544,-3.5939336,-0.121255875,-6.276268,0.33882332,-0.3177116,0.799129,-2.406837,3.5154028,2.6725683,-6.7778187,-1.6861488,-9.362997,-2.6878107,-4.7621346,-0.46602345,-13.175325,-4.3261642,-0.56200933,-1.3330317,-1.3409629,-0.55975914,-1.1598182,-1.7358835,-1.8664229,0.53629625,-4.21981,0.092871904,0.08795935,-0.21440864,0.6647711,-2.818031,-0.5893316,0.21378966,-1.2575438,1.7111588,-2.7964087,3.339435,2.228341,0.3094921,-1.9119691,-0.51217,-0.94596195,1.034644,-0.631162,0.7055975,0.33164343,-1.3164983,-1.1783571,0.2195165,3.043112,-1.2911274,-1.1880273,0.06523449,-0.13952601,1.647547,-1.0595608,-0.903889,-3.972057,0.096781,-0.38302043,-0.061739445,-0.37324142,-1.0915389,-0.61425835,2.0273805,-1.3816757,-0.4053619,-0.8952927
QualiSR-Set120/SUPIR/ava_images___501777.npy.gz,SUPIR,ava_images___501777.png,../../../mnt/ssd2/29o_rya/datasets/iqa/QualiSR-Set120/sr/SUPIR/ava_images___501777.png,QualiSR-Set120,ava_images___501777,SUPIR/ava_images___501777.png,../../../mnt/ssd2/29o_rya/datasets/iqa/QualiSR-Set120/hr/ava_images___501777.png,../../../mnt/ssd2/29o_rya/datasets/iqa/QualiSR-Set120/lr/ava_images___501777.png,test,-8.926155,-8.872904,-4.354811,-8.564168,-7.7723436,-3.2352352,-2.2834544,-3.5939336,-0.121255875,-6.276268,0.33882332,-0.3177116,0.799129,-2.406837,3.5154028,2.6725683,-6.7778187,-1.6861488,-9.362997,-2.6878107,-4.7621346,-0.46602345,-13.175325,-4.3261642,-0.56200933,-1.3330317,-1.3409629,-0.55975914,-1.1598182,-1.7358835,-1.8664229,0.53629625,-4.21981,0.092871904,0.08795935,-0.21440864,0.6647711,-2.818031,-0.5893316,0.21378966,-1.2575438,1.7111588,-2.7964087,3.339435,2.228341,0.3094921,-1.9119691,-0.51217,-0.94596195,1.034644,-0.631162,0.7055975,0.33164343,-1.3164983,-1.1783571,0.2195165,3.043112,-1.2911274,-1.1880273,0.06523449,-0.13952601,1.647547,-1.0595608,-0.903889,-3.972057,0.096781,-0.38302043,-0.061739445,-0.37324142,-1.0915389,-0.61425835,2.0273805,-1.3816757,-0.4053619,-0.8952927
QualiSR-Set120/PASD/ava_images___564572.npy.gz,PASD,ava_images___564572.png,../../../mnt/ssd2/29o_rya/datasets/iqa/QualiSR-Set120/sr/PASD/ava_images___564572.png,QualiSR-Set120,ava_images___564572,PASD/ava_images___564572.png,../../../mnt/ssd2/29o_rya/datasets/iqa/QualiSR-Set120/hr/ava_images___564572.png,../../../mnt/ssd2/29o_rya/datasets/iqa/QualiSR-Set120/lr/ava_images___564572.png,train,-13.913904,-14.994374,-11.209138,5.7014546,-11.565333,-9.162924,-0.8682194,12.458918,-20.355656,6.271078,-6.5160656,9.326589,-11.456574,-2.7215545,-17.739513,68.69932,-36.20025,-26.648708,72.21887,-28.755264,9.496295,1.4451649,-2.5799217,6.023428,4.5857577,6.7787333,6.401384,-2.8171825,-0.3426609,1.31283,-2.085815,0.74303997,-2.4725478,-0.54127014,-0.30741554,0.99023795,-0.8826441,-1.2099319,-0.35177207,0.2465511,-0.9049894,1.9942634,-1.6970515,-0.9707372,-0.75869036,0.7986944,-0.674953,-0.6230171,0.8931592,-0.16013977,-0.4608357,-0.39865947,-0.44978908,-0.5439173,0.48483515,1.0999084,-0.33312845,0.5088549,-0.714607,1.5062582,-0.7952992,-0.74236715,-0.98676944,0.44401962,-4.3008866,-0.34051472,-2.5882833,-3.1762018,-0.102113724,4.576822,3.7380776,0.38192323,3.6261787,-2.8502057,1.6508553
QualiSR-Set120/RealESRGAN/ava_images___564572.npy.gz,RealESRGAN,ava_images___564572.png,../../../mnt/ssd2/29o_rya/datasets/iqa/QualiSR-Set120/sr/RealESRGAN/ava_images___564572.png,QualiSR-Set120,ava_images___564572,RealESRGAN/ava_images___564572.png,../../../mnt/ssd2/29o_rya/datasets/iqa/QualiSR-Set120/hr/ava_images___564572.png,../../../mnt/ssd2/29o_rya/datasets/iqa/QualiSR-Set120/lr/ava_images___564572.png,train,-13.913904,-14.994374,-11.209138,5.7014546,-11.565333,-9.162924,-0.8682194,12.458918,-20.355656,6.271078,-6.5160656,9.326589,-11.456574,-2.7215545,-17.739513,68.69932,-36.20025,-26.648708,72.21887,-28.755264,9.496295,1.4451649,-2.5799217,6.023428,4.5857577,6.7787333,6.401384,-2.8171825,-0.3426609,1.31283,-2.085815,0.74303997,-2.4725478,-0.54127014,-0.30741554,0.99023795,-0.8826441,-1.2099319,-0.35177207,0.2465511,-0.9049894,1.9942634,-1.6970515,-0.9707372,-0.75869036,0.7986944,-0.674953,-0.6230171,0.8931592,-0.16013977,-0.4608357,-0.39865947,-0.44978908,-0.5439173,0.48483515,1.0999084,-0.33312845,0.5088549,-0.714607,1.5062582,-0.7952992,-0.74236715,-0.98676944,0.44401962,-4.3008866,-0.34051472,-2.5882833,-3.1762018,-0.102113724,4.576822,3.7380776,0.38192323,3.6261787,-2.8502057,1.6508553
QualiSR-Set120/SUPIR/ava_images___564572.npy.gz,SUPIR,ava_images___564572.png,../../../mnt/ssd2/29o_rya/datasets/iqa/QualiSR-Set120/sr/SUPIR/ava_images___564572.png,QualiSR-Set120,ava_images___564572,SUPIR/ava_images___564572.png,../../../mnt/ssd2/29o_rya/datasets/iqa/QualiSR-Set120/hr/ava_images___564572.png,../../../mnt/ssd2/29o_rya/datasets/iqa/QualiSR-Set120/lr/ava_images___564572.png,train,-13.913904,-14.994374,-11.209138,5.7014546,-11.565333,-9.162924,-0.8682194,12.458918,-20.355656,6.271078,-6.5160656,9.326589,-11.456574,-2.7215545,-17.739513,68.69932,-36.20025,-26.648708,72.21887,-28.755264,9.496295,1.4451649,-2.5799217,6.023428,4.5857577,6.7787333,6.401384,-2.8171825,-0.3426609,1.31283,-2.085815,0.74303997,-2.4725478,-0.54127014,-0.30741554,0.99023795,-0.8826441,-1.2099319,-0.35177207,0.2465511,-0.9049894,1.9942634,-1.6970515,-0.9707372,-0.75869036,0.7986944,-0.674953,-0.6230171,0.8931592,-0.16013977,-0.4608357,-0.39865947,-0.44978908,-0.5439173,0.48483515,1.0999084,-0.33312845,0.5088549,-0.714607,1.5062582,-0.7952992,-0.74236715,-0.98676944,0.44401962,-4.3008866,-0.34051472,-2.5882833,-3.1762018,-0.102113724,4.576822,3.7380776,0.38192323,3.6261787,-2.8502057,1.6508553
QualiSR-Set120/PASD/ava_images___588008.npy.gz,PASD,ava_images___588008.png,../../../mnt/ssd2/29o_rya/datasets/iqa/QualiSR-Set120/sr/PASD/ava_images___588008.png,QualiSR-Set120,ava_images___588008,PASD/ava_images___588008.png,../../../mnt/ssd2/29o_rya/datasets/iqa/QualiSR-Set120/hr/ava_images___588008.png,../../../mnt/ssd2/29o_rya/datasets/iqa/QualiSR-Set120/lr/ava_images___588008.png,train,-10.9173155,-12.649591,-9.419089,-4.7136726,-13.33222,-9.021692,-7.6086783,3.5289407,-10.022667,-10.250668,-9.573635,2.5809672,-6.060718,-2.4832828,-3.095636,5.9553785,-7.627907,-2.7015839,-12.624668,-0.22555685,-10.105927,-0.9252786,1.067251,-6.580957,3.4287348,-16.98767,-10.953301,-23.38608,-21.469885,-22.79002,11.130049,-0.3144974,13.586134,4.9522185,3.7632527,-11.140098,-7.703488,26.103767,0.55304885,-7.1108336,0.6503892,0.26759338,-0.17683601,-1.8661349,-2.7235205,-2.282712,-0.19538526,-0.9581573,-0.24313062,1.2063817,0.16965413,0.39448142,-0.15811765,0.026469707,0.032828152,-0.44500366,-0.50021315,0.30302185,-0.46779597,0.2318447,-1.0524166,-1.0309044,-0.3570149,-0.46046883,-0.31688404,0.18518792,0.20947692,-0.75084794,-0.73505735,1.3384038,0.92416394,0.2526037,0.5410287,-0.26889658,-0.32054102
QualiSR-Set120/RealESRGAN/ava_images___588008.npy.gz,RealESRGAN,ava_images___588008.png,../../../mnt/ssd2/29o_rya/datasets/iqa/QualiSR-Set120/sr/RealESRGAN/ava_images___588008.png,QualiSR-Set120,ava_images___588008,RealESRGAN/ava_images___588008.png,../../../mnt/ssd2/29o_rya/datasets/iqa/QualiSR-Set120/hr/ava_images___588008.png,../../../mnt/ssd2/29o_rya/datasets/iqa/QualiSR-Set120/lr/ava_images___588008.png,train,-10.951113,-12.655932,-9.449715,-4.7259026,-13.327999,-8.9975815,-7.569788,3.5257924,-10.007429,-10.249398,-9.556011,2.5694194,-6.043355,-2.5139883,-3.1071365,5.9186287,-7.6955614,-2.68945,-12.623578,-0.17601776,-10.12243,-0.9326113,1.0744131,-6.589201,3.4145718,-16.969414,-10.945304,-23.3219,-21.456373,-22.776936,11.131607,-0.36161637,13.558456,4.958129,3.7732205,-11.171739,-7.689728,25.983091,0.5051007,-7.0518513,0.62338924,0.24637938,-0.18549109,-1.8594706,-2.7539685,-2.3093767,-0.15556684,-0.96564084,-0.22916895,1.1726601,0.17568564,0.35537565,-0.13355689,0.03647971,0.029047787,-0.47179487,-0.4854436,0.28537166,-0.43727192,0.22356433,-1.060028,-1.0068979,-0.37869287,-0.47599465,-0.30292797,0.16576153,0.2287546,-0.7255242,-0.7271669,1.3585606,0.90095305,0.24468547,0.5156565,-0.29011834,-0.27652597
QualiSR-Set120/SUPIR/ava_images___588008.npy.gz,SUPIR,ava_images___588008.png,../../../mnt/ssd2/29o_rya/datasets/iqa/QualiSR-Set120/sr/SUPIR/ava_images___588008.png,QualiSR-Set120,ava_images___588008,SUPIR/ava_images___588008.png,../../../mnt/ssd2/29o_rya/datasets/iqa/QualiSR-Set120/hr/ava_images___588008.png,../../../mnt/ssd2/29o_rya/datasets/iqa/QualiSR-Set120/lr/ava_images___588008.png,train,-10.9173155,-12.649591,-9.419089,-4.7136726,-13.33222,-9.021692,-7.6086783,3.5289407,-10.022667,-10.250668,-9.573635,2.5809672,-6.060718,-2.4832828,-3.095636,5.9553785,-7.627907,-2.7015839,-12.624668,-0.22555685,-10.105927,-0.9252786,1.067251,-6.580957,3.4287348,-16.98767,-10.953301,-23.38608,-21.469885,-22.79002,11.130049,-0.3144974,13.586134,4.9522185,3.7632527,-11.140098,-7.703488,26.103767,0.55304885,-7.1108336,0.6503892,0.26759338,-0.17683601,-1.8661349,-2.7235205,-2.282712,-0.19538526,-0.9581573,-0.24313062,1.2063817,0.16965413,0.39448142,-0.15811765,0.026469707,0.032828152,-0.44500366,-0.50021315,0.30302185,-0.46779597,0.2318447,-1.0524166,-1.0309044,-0.3570149,-0.46046883,-0.31688404,0.18518792,0.20947692,-0.75084794,-0.73505735,1.3384038,0.92416394,0.2526037,0.5410287,-0.26889658,-0.32054102
QualiSR-Set120/PASD/ava_images___645845.npy.gz,PASD,ava_images___645845.png,../../../mnt/ssd2/29o_rya/datasets/iqa/QualiSR-Set120/sr/PASD/ava_images___645845.png,QualiSR-Set120,ava_images___645845,PASD/ava_images___645845.png,../../../mnt/ssd2/29o_rya/datasets/iqa/QualiSR-Set120/hr/ava_images___645845.png,../../../mnt/ssd2/29o_rya/datasets/iqa/QualiSR-Set120/lr/ava_images___645845.png,test,-0.12236023,-6.8761783,-6.3866034,-8.01435,-6.748949,-8.074849,0.66696453,1.3319744,-8.522367,-3.4734964,-7.0810337,2.0177202,-1.9296584,1.5632539,0.06543201,5.2154374,-11.94632,-1.6085658,-7.3481965,1.4886227,-4.387606,-1.8420454,2.5348246,-5.537414,-0.6633239,-4.5387306,-2.4560428,-10.048157,-4.644973,-8.898571,2.411994,-0.8919096,2.6494632,0.27086735,1.2890549,-1.7972736,0.9189537,2.0882668,1.250103,0.7626583,-1.060257,0.54935884,-0.75205135,-0.9674392,-0.29133606,3.6258464,-0.41991657,-0.6822612,-1.0754694,1.4491727,0.5714179,-0.8762176,0.825909,-2.477057,1.3360887,2.025043,1.0382445,0.3108757,-0.8553621,-2.3371196,0.25943583,0.8426609,-0.5763185,-1.5855293,0.9814334,3.4504108,2.0836544,2.6904862,1.9931107,1.2529569,-0.7214912,3.3270745,0.6659198,-0.9543661,0.06880736
QualiSR-Set120/RealESRGAN/ava_images___645845.npy.gz,RealESRGAN,ava_images___645845.png,../../../mnt/ssd2/29o_rya/datasets/iqa/QualiSR-Set120/sr/RealESRGAN/ava_images___645845.png,QualiSR-Set120,ava_images___645845,RealESRGAN/ava_images___645845.png,../../../mnt/ssd2/29o_rya/datasets/iqa/QualiSR-Set120/hr/ava_images___645845.png,../../../mnt/ssd2/29o_rya/datasets/iqa/QualiSR-Set120/lr/ava_images___645845.png,test,-0.03447914,-6.871084,-6.35703,-8.001835,-6.7376204,-8.107898,0.77737045,1.3677686,-8.454961,-3.5318499,-7.063657,2.094669,-1.9629507,1.5965047,0.09186736,5.246963,-11.899286,-1.615004,-7.2856536,1.5444176,-4.3969545,-1.8204734,2.5208247,-5.5215282,-0.70743847,-4.449467,-2.4583354,-10.036518,-4.661153,-8.922921,2.384895,-0.9164574,2.596459,0.25402093,1.2541254,-1.7559657,0.9329764,2.0099344,1.3320158,0.8065472,-1.0821785,0.48385525,-0.71384144,-0.9520898,-0.27016902,3.611586,-0.43430573,-0.67143816,-1.0418983,1.4428341,0.54651237,-0.8386471,0.8695802,-2.4935265,1.3057346,2.0077636,1.0030004,0.30903187,-0.89124274,-2.3028796,0.31543016,0.7879424,-0.5674192,-1.5841293,0.99502087,3.5087278,2.1693294,2.6658328,1.9924245,1.2123991,-0.73358214,3.3409212,0.683376,-0.97150767,0.09918809
QualiSR-Set120/SUPIR/ava_images___645845.npy.gz,SUPIR,ava_images___645845.png,../../../mnt/ssd2/29o_rya/datasets/iqa/QualiSR-Set120/sr/SUPIR/ava_images___645845.png,QualiSR-Set120,ava_images___645845,SUPIR/ava_images___645845.png,../../../mnt/ssd2/29o_rya/datasets/iqa/QualiSR-Set120/hr/ava_images___645845.png,../../../mnt/ssd2/29o_rya/datasets/iqa/QualiSR-Set120/lr/ava_images___645845.png,test,-0.12236023,-6.8761783,-6.3866034,-8.01435,-6.748949,-8.074849,0.66696453,1.3319744,-8.522367,-3.4734964,-7.0810337,2.0177202,-1.9296584,1.5632539,0.06543201,5.2154374,-11.94632,-1.6085658,-7.3481965,1.4886227,-4.387606,-1.8420454,2.5348246,-5.537414,-0.6633239,-4.5387306,-2.4560428,-10.048157,-4.644973,-8.898571,2.411994,-0.8919096,2.6494632,0.27086735,1.2890549,-1.7972736,0.9189537,2.0882668,1.250103,0.7626583,-1.060257,0.54935884,-0.75205135,-0.9674392,-0.29133606,3.6258464,-0.41991657,-0.6822612,-1.0754694,1.4491727,0.5714179,-0.8762176,0.825909,-2.477057,1.3360887,2.025043,1.0382445,0.3108757,-0.8553621,-2.3371196,0.25943583,0.8426609,-0.5763185,-1.5855293,0.9814334,3.4504108,2.0836544,2.6904862,1.9931107,1.2529569,-0.7214912,3.3270745,0.6659198,-0.9543661,0.06880736
QualiSR-Set120/PASD/ava_images___699615.npy.gz,PASD,ava_images___699615.png,../../../mnt/ssd2/29o_rya/datasets/iqa/QualiSR-Set120/sr/PASD/ava_images___699615.png,QualiSR-Set120,ava_images___699615,PASD/ava_images___699615.png,../../../mnt/ssd2/29o_rya/datasets/iqa/QualiSR-Set120/hr/ava_images___699615.png,../../../mnt/ssd2/29o_rya/datasets/iqa/QualiSR-Set120/lr/ava_images___699615.png,train,-11.072864,-5.584136,-58.472206,135.68585,42.254616,9.140673,-8.187559,-29.735218,-10.073612,-4.3796787,-3.050798,-19.836708,-5.735037,-2.7777574,7.3645334,-6.260671,1.4737458,5.356499,-4.422649,-3.3996823,1.3403883,-1.3131808,-1.3804702,-0.29136705,-1.5202389,0.028072357,-1.7566094,-3.0031137,-2.0920353,0.646245,-4.0664587,0.32440603,-6.0764446,-1.805104,2.4815373,2.2224154,-1.5157881,0.11483145,-8.6077175,2.2736328,-1.1324081,18.413376,-8.572681,-30.432386,-11.59469,-1.1396456,7.468189,-3.4315214,-0.48882163,-3.3099935,2.1286952,1.2453215,0.048954494,2.8802924,1.1554625,-1.3390535,3.8061452,-4.815723,3.195998,0.78843117,0.8313555,3.1137626,-2.6358626,2.1718662,-2.2498689,-2.535182,-0.50408006,2.7364666,-1.7983856,7.231459,-15.670532,-3.7508347,-3.7640476,3.1773152,5.788473
QualiSR-Set120/RealESRGAN/ava_images___699615.npy.gz,RealESRGAN,ava_images___699615.png,../../../mnt/ssd2/29o_rya/datasets/iqa/QualiSR-Set120/sr/RealESRGAN/ava_images___699615.png,QualiSR-Set120,ava_images___699615,RealESRGAN/ava_images___699615.png,../../../mnt/ssd2/29o_rya/datasets/iqa/QualiSR-Set120/hr/ava_images___699615.png,../../../mnt/ssd2/29o_rya/datasets/iqa/QualiSR-Set120/lr/ava_images___699615.png,train,-11.072864,-5.584136,-58.472206,135.68585,42.254616,9.140673,-8.187559,-29.735218,-10.073612,-4.3796787,-3.050798,-19.836708,-5.735037,-2.7777574,7.3645334,-6.260671,1.4737458,5.356499,-4.422649,-3.3996823,1.3403883,-1.3131808,-1.3804702,-0.29136705,-1.5202389,0.028072357,-1.7566094,-3.0031137,-2.0920353,0.646245,-4.0664587,0.32440603,-6.0764446,-1.805104,2.4815373,2.2224154,-1.5157881,0.11483145,-8.6077175,2.2736328,-1.1324081,18.413376,-8.572681,-30.432386,-11.59469,-1.1396456,7.468189,-3.4315214,-0.48882163,-3.3099935,2.1286952,1.2453215,0.048954494,2.8802924,1.1554625,-1.3390535,3.8061452,-4.815723,3.195998,0.78843117,0.8313555,3.1137626,-2.6358626,2.1718662,-2.2498689,-2.535182,-0.50408006,2.7364666,-1.7983856,7.231459,-15.670532,-3.7508347,-3.7640476,3.1773152,5.788473
QualiSR-Set120/SUPIR/ava_images___699615.npy.gz,SUPIR,ava_images___699615.png,../../../mnt/ssd2/29o_rya/datasets/iqa/QualiSR-Set120/sr/SUPIR/ava_images___699615.png,QualiSR-Set120,ava_images___699615,SUPIR/ava_images___699615.png,../../../mnt/ssd2/29o_rya/datasets/iqa/QualiSR-Set120/hr/ava_images___699615.png,../../../mnt/ssd2/29o_rya/datasets/iqa/QualiSR-Set120/lr/ava_images___699615.png,train,-11.072864,-5.584136,-58.472206,135.68585,42.254616,9.140673,-8.187559,-29.735218,-10.073612,-4.3796787,-3.050798,-19.836708,-5.735037,-2.7777574,7.3645334,-6.260671,1.4737458,5.356499,-4.422649,-3.3996823,1.3403883,-1.3131808,-1.3804702,-0.29136705,-1.5202389,0.028072357,-1.7566094,-3.0031137,-2.0920353,0.646245,-4.0664587,0.32440603,-6.0764446,-1.805104,2.4815373,2.2224154,-1.5157881,0.11483145,-8.6077175,2.2736328,-1.1324081,18.413376,-8.572681,-30.432386,-11.59469,-1.1396456,7.468189,-3.4315214,-0.48882163,-3.3099935,2.1286952,1.2453215,0.048954494,2.8802924,1.1554625,-1.3390535,3.8061452,-4.815723,3.195998,0.78843117,0.8313555,3.1137626,-2.6358626,2.1718662,-2.2498689,-2.535182,-0.50408006,2.7364666,-1.7983856,7.231459,-15.670532,-3.7508347,-3.7640476,3.1773152,5.788473
QualiSR-Set120/PASD/ava_images___710191.npy.gz,PASD,ava_images___710191.png,../../../mnt/ssd2/29o_rya/datasets/iqa/QualiSR-Set120/sr/PASD/ava_images___710191.png,QualiSR-Set120,ava_images___710191,PASD/ava_images___710191.png,../../../mnt/ssd2/29o_rya/datasets/iqa/QualiSR-Set120/hr/ava_images___710191.png,../../../mnt/ssd2/29o_rya/datasets/iqa/QualiSR-Set120/lr/ava_images___710191.png,train,-12.056077,-8.611924,0.6052685,-14.714838,8.003611,-1.3206811,0.6921406,5.934968,-8.944416,-13.421494,-14.644308,1.8471118,-1.7973297,-13.9243765,10.755108,53.432163,60.332634,82.73264,11.05466,16.459414,4.983864,-6.787057,-0.32992172,-0.56462896,-1.6696649,-0.9434986,-1.1272802,1.0013666,-3.0654995,-0.13303852,-6.095733,0.7741351,-2.5839067,-0.05850184,3.955079,-2.2936325,-3.279353,-0.60694146,-5.7809696,5.445428,-1.5726023,7.1725965,5.7019587,3.182274,-13.691257,5.875553,-30.727774,4.105138,-6.8149586,-2.7161698,2.38061,0.62812114,0.8176803,-0.6161081,1.5489805,2.419391,0.33097696,-2.0892167,-0.077813804,-1.3114076,0.6053353,1.3537593,0.03928721,0.7365136,-1.068923,0.27337772,-0.081757635,-1.1508151,-0.68181014,-0.97967404,-3.0359893,2.0307107,1.063246,-0.6509632,-2.4459844
QualiSR-Set120/RealESRGAN/ava_images___710191.npy.gz,RealESRGAN,ava_images___710191.png,../../../mnt/ssd2/29o_rya/datasets/iqa/QualiSR-Set120/sr/RealESRGAN/ava_images___710191.png,QualiSR-Set120,ava_images___710191,RealESRGAN/ava_images___710191.png,../../../mnt/ssd2/29o_rya/datasets/iqa/QualiSR-Set120/hr/ava_images___710191.png,../../../mnt/ssd2/29o_rya/datasets/iqa/QualiSR-Set120/lr/ava_images___710191.png,train,-12.0394745,-8.630441,0.60133266,-14.620449,7.890911,-1.3395071,0.65338135,6.0084333,-8.911324,-13.421696,-14.627199,1.746882,-1.8420041,-13.832019,10.776589,53.497784,60.236244,82.58673,11.082572,16.421297,5.009077,-6.747052,-0.45437288,-0.6420382,-1.6941147,-0.9030342,-1.036859,1.0053749,-3.1466856,-0.07111359,-6.1747804,0.7141409,-2.5682344,-0.044325113,3.981451,-2.3022652,-3.2966805,-0.57925653,-5.8325787,5.379507,-1.5469772,7.1699286,5.7530994,3.181125,-13.682039,5.82034,-30.871555,4.1748633,-6.8462763,-2.7932248,2.4610903,0.6591351,0.86692834,-0.5456065,1.4835875,2.3393648,0.4168998,-2.0894668,-0.055625796,-1.3381625,0.68726194,1.4194434,0.049637318,0.701193,-1.1505649,0.35580686,-0.060518056,-1.0952543,-0.6936786,-1.0061531,-2.9651735,2.1037617,1.1445577,-0.6150427,-2.4318817
QualiSR-Set120/SUPIR/ava_images___710191.npy.gz,SUPIR,ava_images___710191.png,../../../mnt/ssd2/29o_rya/datasets/iqa/QualiSR-Set120/sr/SUPIR/ava_images___710191.png,QualiSR-Set120,ava_images___710191,SUPIR/ava_images___710191.png,../../../mnt/ssd2/29o_rya/datasets/iqa/QualiSR-Set120/hr/ava_images___710191.png,../../../mnt/ssd2/29o_rya/datasets/iqa/QualiSR-Set120/lr/ava_images___710191.png,train,-12.056077,-8.611924,0.6052685,-14.714838,8.003611,-1.3206811,0.6921406,5.934968,-8.944416,-13.421494,-14.644308,1.8471118,-1.7973297,-13.9243765,10.755108,53.432163,60.332634,82.73264,11.05466,16.459414,4.983864,-6.787057,-0.32992172,-0.56462896,-1.6696649,-0.9434986,-1.1272802,1.0013666,-3.0654995,-0.13303852,-6.095733,0.7741351,-2.5839067,-0.05850184,3.955079,-2.2936325,-3.279353,-0.60694146,-5.7809696,5.445428,-1.5726023,7.1725965,5.7019587,3.182274,-13.691257,5.875553,-30.727774,4.105138,-6.8149586,-2.7161698,2.38061,0.62812114,0.8176803,-0.6161081,1.5489805,2.419391,0.33097696,-2.0892167,-0.077813804,-1.3114076,0.6053353,1.3537593,0.03928721,0.7365136,-1.068923,0.27337772,-0.081757635,-1.1508151,-0.68181014,-0.97967404,-3.0359893,2.0307107,1.063246,-0.6509632,-2.4459844
QualiSR-Set120/PASD/ava_images___737450.npy.gz,PASD,ava_images___737450.png,../../../mnt/ssd2/29o_rya/datasets/iqa/QualiSR-Set120/sr/PASD/ava_images___737450.png,QualiSR-Set120,ava_images___737450,PASD/ava_images___737450.png,../../../mnt/ssd2/29o_rya/datasets/iqa/QualiSR-Set120/hr/ava_images___737450.png,../../../mnt/ssd2/29o_rya/datasets/iqa/QualiSR-Set120/lr/ava_images___737450.png,train,-22.232235,-6.36062,-10.569903,39.382915,3.3607197,-12.941226,20.842606,82.8028,91.90039,12.323347,0.19024754,84.96723,26.146933,-1.7654724,-10.619219,-4.0698385,7.164486,-3.243469,-3.528749,2.989498,-1.2890425,5.1119666,8.121534,3.0234332,1.6645856,1.5804272,1.6602807,0.089167595,-0.01967001,-1.5189524,-1.5755217,-0.710114,-1.7178788,-0.07250786,-0.1809031,-0.030234098,-0.66113335,-0.43190908,-0.8363397,0.5303201,-0.6795584,1.5504827,-0.8642745,-1.2257578,-1.5012009,-0.11371136,-0.8429732,-0.61267406,-0.4078319,0.31789982,-0.5835657,-1.2460511,-0.57850784,-0.8676697,-0.27941215,0.54204,-1.3875327,2.6757789,-1.1777666,-0.09518009,-4.0823073,-5.429537,6.8068557,-14.888341,1.7974663,1.588417,5.343814,-1.8734453,-0.39738798,-0.23912627,-4.535096,0.86098564,0.2938856,-1.1430253,0.37529254
QualiSR-Set120/RealESRGAN/ava_images___737450.npy.gz,RealESRGAN,ava_images___737450.png,../../../mnt/ssd2/29o_rya/datasets/iqa/QualiSR-Set120/sr/RealESRGAN/ava_images___737450.png,QualiSR-Set120,ava_images___737450,RealESRGAN/ava_images___737450.png,../../../mnt/ssd2/29o_rya/datasets/iqa/QualiSR-Set120/hr/ava_images___737450.png,../../../mnt/ssd2/29o_rya/datasets/iqa/QualiSR-Set120/lr/ava_images___737450.png,train,-22.203054,-6.3628216,-10.518334,39.23641,3.3549986,-12.878469,20.771385,82.61591,91.769104,12.305691,0.20645237,84.82367,26.12128,-1.8489836,-10.573217,-4.0815926,7.1492567,-3.1654224,-3.5929852,2.905321,-1.3304176,5.081668,8.092465,3.0254674,1.7025521,1.5224781,1.6217484,0.05338955,-0.06115532,-1.5362296,-1.5426087,-0.8153186,-1.7750344,-0.07886171,-0.18650943,-0.034379244,-0.6475673,-0.4946413,-0.7627945,0.52149874,-0.67324686,1.6010761,-0.8961048,-1.252661,-1.433749,-0.03341818,-0.83666956,-0.574475,-0.41577232,0.3159006,-0.6214581,-1.3366871,-0.5433465,-0.8840465,-0.32610786,0.54494774,-1.3738239,2.7521267,-1.2186673,0.045453466,-4.1202645,-5.478319,6.912972,-15.042735,1.7528901,1.6152118,5.4487934,-1.8916141,-0.48732424,-0.22610396,-4.6138926,0.81042075,0.2968662,-1.1719216,0.41194987
QualiSR-Set120/SUPIR/ava_images___737450.npy.gz,SUPIR,ava_images___737450.png,../../../mnt/ssd2/29o_rya/datasets/iqa/QualiSR-Set120/sr/SUPIR/ava_images___737450.png,QualiSR-Set120,ava_images___737450,SUPIR/ava_images___737450.png,../../../mnt/ssd2/29o_rya/datasets/iqa/QualiSR-Set120/hr/ava_images___737450.png,../../../mnt/ssd2/29o_rya/datasets/iqa/QualiSR-Set120/lr/ava_images___737450.png,train,-22.232235,-6.36062,-10.569903,39.382915,3.3607197,-12.941226,20.842606,82.8028,91.90039,12.323347,0.19024754,84.96723,26.146933,-1.7654724,-10.619219,-4.0698385,7.164486,-3.243469,-3.528749,2.989498,-1.2890425,5.1119666,8.121534,3.0234332,1.6645856,1.5804272,1.6602807,0.089167595,-0.01967001,-1.5189524,-1.5755217,-0.710114,-1.7178788,-0.07250786,-0.1809031,-0.030234098,-0.66113335,-0.43190908,-0.8363397,0.5303201,-0.6795584,1.5504827,-0.8642745,-1.2257578,-1.5012009,-0.11371136,-0.8429732,-0.61267406,-0.4078319,0.31789982,-0.5835657,-1.2460511,-0.57850784,-0.8676697,-0.27941215,0.54204,-1.3875327,2.6757789,-1.1777666,-0.09518009,-4.0823073,-5.429537,6.8068557,-14.888341,1.7974663,1.588417,5.343814,-1.8734453,-0.39738798,-0.23912627,-4.535096,0.86098564,0.2938856,-1.1430253,0.37529254
QualiSR-Set120/PASD/ava_images___74410.npy.gz,PASD,ava_images___74410.png,../../../mnt/ssd2/29o_rya/datasets/iqa/QualiSR-Set120/sr/PASD/ava_images___74410.png,QualiSR-Set120,ava_images___74410,PASD/ava_images___74410.png,../../../mnt/ssd2/29o_rya/datasets/iqa/QualiSR-Set120/hr/ava_images___74410.png,../../../mnt/ssd2/29o_rya/datasets/iqa/QualiSR-Set120/lr/ava_images___74410.png,train,-10.615984,-11.733363,-7.020147,-6.7029343,-14.20837,-6.7570148,-5.4644904,2.7970548,-5.61728,-10.363442,-10.548456,2.5606413,-4.478925,-2.434943,2.639624,4.5727654,-6.4096675,2.539697,-14.287924,-6.4885845,-11.584014,-5.9062185,-3.642968,2.5180078,1.639704,-24.557514,-9.070335,-34.976635,39.698017,19.203037,-1.1885374,3.5536232,0.087631226,0.10702181,0.0040753484,0.08600497,0.61686116,-1.7209469,-0.2978319,-0.022892669,-1.3245679,3.3697717,-1.9871948,1.969723,0.6206963,2.7764034,0.8646829,0.12109208,1.5817046,1.1227664,-0.95634615,0.09106827,0.04665453,-0.7748027,0.3591324,-1.0886754,-1.2582211,2.0106537,1.2581184,1.9339991,0.57885534,-8.25069,9.260046,8.820757,-4.0396233,0.7756595,4.0343766,-0.19043648,-19.128393,-2.945322,4.5548277,-18.332449,-6.6040688,-12.779107,2.7161174
QualiSR-Set120/RealESRGAN/ava_images___74410.npy.gz,RealESRGAN,ava_images___74410.png,../../../mnt/ssd2/29o_rya/datasets/iqa/QualiSR-Set120/sr/RealESRGAN/ava_images___74410.png,QualiSR-Set120,ava_images___74410,RealESRGAN/ava_images___74410.png,../../../mnt/ssd2/29o_rya/datasets/iqa/QualiSR-Set120/hr/ava_images___74410.png,../../../mnt/ssd2/29o_rya/datasets/iqa/QualiSR-Set120/lr/ava_images___74410.png,train,-10.602575,-11.741613,-7.0189176,-6.7046127,-14.254637,-6.7818217,-5.462473,2.812002,-5.5893383,-10.36627,-10.583242,2.4866953,-4.4203305,-2.423104,2.6587985,4.547482,-6.4063535,2.5339618,-14.281153,-6.5206747,-11.534927,-5.9052787,-3.6664462,2.5248556,1.6158504,-24.634682,-9.05368,-35.026028,39.872204,19.236,-1.1886023,3.5453672,0.12750673,0.10734367,0.01453495,0.10765457,0.5918109,-1.7026051,-0.29749274,-0.020555101,-1.3282263,3.320055,-1.9152968,1.9310117,0.61004496,2.7417781,0.81082636,0.083014846,1.5731854,1.1347646,-0.93297696,0.07310736,0.061084203,-0.78461933,0.34693012,-1.090387,-1.2482648,1.9749569,1.2439563,1.9018304,0.5791361,-8.230844,9.26429,8.799431,-4.0543704,0.7230382,4.0340157,-0.24457252,-19.16518,-2.9920235,4.5953584,-18.343365,-6.609901,-12.766563,2.7640333
QualiSR-Set120/SUPIR/ava_images___74410.npy.gz,SUPIR,ava_images___74410.png,../../../mnt/ssd2/29o_rya/datasets/iqa/QualiSR-Set120/sr/SUPIR/ava_images___74410.png,QualiSR-Set120,ava_images___74410,SUPIR/ava_images___74410.png,../../../mnt/ssd2/29o_rya/datasets/iqa/QualiSR-Set120/hr/ava_images___74410.png,../../../mnt/ssd2/29o_rya/datasets/iqa/QualiSR-Set120/lr/ava_images___74410.png,train,-10.615984,-11.733363,-7.020147,-6.7029343,-14.20837,-6.7570148,-5.4644904,2.7970548,-5.61728,-10.363442,-10.548456,2.5606413,-4.478925,-2.434943,2.639624,4.5727654,-6.4096675,2.539697,-14.287924,-6.4885845,-11.584014,-5.9062185,-3.642968,2.5180078,1.639704,-24.557514,-9.070335,-34.976635,39.698017,19.203037,-1.1885374,3.5536232,0.087631226,0.10702181,0.0040753484,0.08600497,0.61686116,-1.7209469,-0.2978319,-0.022892669,-1.3245679,3.3697717,-1.9871948,1.969723,0.6206963,2.7764034,0.8646829,0.12109208,1.5817046,1.1227664,-0.95634615,0.09106827,0.04665453,-0.7748027,0.3591324,-1.0886754,-1.2582211,2.0106537,1.2581184,1.9339991,0.57885534,-8.25069,9.260046,8.820757,-4.0396233,0.7756595,4.0343766,-0.19043648,-19.128393,-2.945322,4.5548277,-18.332449,-6.6040688,-12.779107,2.7161174
QualiSR-Set120/PASD/ava_images___751927.npy.gz,PASD,ava_images___751927.png,../../../mnt/ssd2/29o_rya/datasets/iqa/QualiSR-Set120/sr/PASD/ava_images___751927.png,QualiSR-Set120,ava_images___751927,PASD/ava_images___751927.png,../../../mnt/ssd2/29o_rya/datasets/iqa/QualiSR-Set120/hr/ava_images___751927.png,../../../mnt/ssd2/29o_rya/datasets/iqa/QualiSR-Set120/lr/ava_images___751927.png,train,-10.246349,-9.815328,-1.1971745,-5.09917,-21.69733,-5.74621,27.744957,-3.6581798,-3.1945329,2.2806387,-24.448364,7.500452,-6.8877726,80.23024,82.67106,-17.612652,-4.664383,-0.48779714,24.121014,12.313185,5.6921225,7.1929545,1.4422848,-8.387309,1.4684863,-1.3623047,0.57780457,-0.32470417,-0.8430309,-2.7737703,-0.5905224,0.19894624,-2.126051,-1.5061268,0.26332796,0.74342036,-1.1273466,-0.47370994,-0.38889134,-0.3242024,0.5848,1.1079278,-0.5840645,-0.335639,0.19001079,1.3477361,0.898365,0.92457366,-0.6384318,0.04769343,-1.2403619,0.12504828,1.3127512,-0.89207023,-1.3208491,0.29861215,-0.14778042,1.0974004,0.56312126,-0.1165845,0.19649625,-2.3006353,1.0961972,0.40745252,2.1148639,-2.2812278,-0.97383785,-1.954052,1.2197266,-3.1537411,-1.3894746,-2.1762245,-0.056323275,-2.6496153,-3.884321
QualiSR-Set120/RealESRGAN/ava_images___751927.npy.gz,RealESRGAN,ava_images___751927.png,../../../mnt/ssd2/29o_rya/datasets/iqa/QualiSR-Set120/sr/RealESRGAN/ava_images___751927.png,QualiSR-Set120,ava_images___751927,RealESRGAN/ava_images___751927.png,../../../mnt/ssd2/29o_rya/datasets/iqa/QualiSR-Set120/hr/ava_images___751927.png,../../../mnt/ssd2/29o_rya/datasets/iqa/QualiSR-Set120/lr/ava_images___751927.png,train,-10.302344,-9.728397,-1.2375579,-5.138954,-21.717579,-5.757681,27.795101,-3.625791,-3.1698065,2.3619652,-24.47068,7.523389,-6.953794,80.241486,82.54832,-17.677664,-4.610532,-0.43490162,24.131046,12.155155,5.6382627,7.2053523,1.3602192,-8.399211,1.4384667,-1.4536047,0.6510205,-0.25305748,-0.93676186,-2.7421403,-0.517643,0.22542751,-2.0756261,-1.4117208,0.30567074,0.67850256,-1.116053,-0.5335256,-0.4591831,-0.37983367,0.59398246,1.2158511,-0.5688915,-0.32813668,0.288105,1.2994874,0.85825,0.892683,-0.6348746,0.10952881,-1.2127295,0.13721514,1.3454489,-0.9468564,-1.301214,0.25976264,-0.22320652,1.133626,0.48976868,-0.08892397,0.22411281,-2.2540805,1.0063243,0.40491652,2.14216,-2.229622,-0.92532814,-1.9915702,1.1608567,-3.1458156,-1.3854901,-2.164564,-0.10442953,-2.6164527,-3.8730502
QualiSR-Set120/SUPIR/ava_images___751927.npy.gz,SUPIR,ava_images___751927.png,../../../mnt/ssd2/29o_rya/datasets/iqa/QualiSR-Set120/sr/SUPIR/ava_images___751927.png,QualiSR-Set120,ava_images___751927,SUPIR/ava_images___751927.png,../../../mnt/ssd2/29o_rya/datasets/iqa/QualiSR-Set120/hr/ava_images___751927.png,../../../mnt/ssd2/29o_rya/datasets/iqa/QualiSR-Set120/lr/ava_images___751927.png,train,-10.246349,-9.815328,-1.1971745,-5.09917,-21.69733,-5.74621,27.744957,-3.6581798,-3.1945329,2.2806387,-24.448364,7.500452,-6.8877726,80.23024,82.67106,-17.612652,-4.664383,-0.48779714,24.121014,12.313185,5.6921225,7.1929545,1.4422848,-8.387309,1.4684863,-1.3623047,0.57780457,-0.32470417,-0.8430309,-2.7737703,-0.5905224,0.19894624,-2.126051,-1.5061268,0.26332796,0.74342036,-1.1273466,-0.47370994,-0.38889134,-0.3242024,0.5848,1.1079278,-0.5840645,-0.335639,0.19001079,1.3477361,0.898365,0.92457366,-0.6384318,0.04769343,-1.2403619,0.12504828,1.3127512,-0.89207023,-1.3208491,0.29861215,-0.14778042,1.0974004,0.56312126,-0.1165845,0.19649625,-2.3006353,1.0961972,0.40745252,2.1148639,-2.2812278,-0.97383785,-1.954052,1.2197266,-3.1537411,-1.3894746,-2.1762245,-0.056323275,-2.6496153,-3.884321
QualiSR-Set120/PASD/ava_images___773899.npy.gz,PASD,ava_images___773899.png,../../../mnt/ssd2/29o_rya/datasets/iqa/QualiSR-Set120/sr/PASD/ava_images___773899.png,QualiSR-Set120,ava_images___773899,PASD/ava_images___773899.png,../../../mnt/ssd2/29o_rya/datasets/iqa/QualiSR-Set120/hr/ava_images___773899.png,../../../mnt/ssd2/29o_rya/datasets/iqa/QualiSR-Set120/lr/ava_images___773899.png,train,-1.4405785,-7.371358,-5.3127317,-14.810591,-0.8936691,-9.750598,-8.039038,-6.0045223,-8.074766,-15.61541,-8.543423,4.266808,-1.5592425,-10.300131,-1.1853522,-4.732183,-15.784059,13.068842,-19.12579,-2.4537835,29.648464,80.66753,-17.703278,33.63014,-28.79118,0.6084728,3.1618276,0.92916775,-1.1050739,-0.55906105,0.19498205,1.3116976,-2.737286,-1.677586,1.4424876,0.21479297,-0.18608862,-0.41407144,0.14878869,-0.30668303,-0.2529223,1.7284539,-2.1348608,0.47177696,-0.3100376,-0.48663187,-1.5206714,0.8155503,0.21189234,1.2915608,0.14388764,-0.89396,2.1861281,0.6364541,-0.24970049,-0.793102,2.4791646,-0.41070154,1.1545429,-0.025751121,5.2122273,-13.172077,-22.227932,-7.778605,-6.361199,-2.4425104,3.664714,1.4557123,-0.14199495,-3.921643,2.6990144,-3.2892168,1.9941096,-1.9118383,-0.06365538
QualiSR-Set120/RealESRGAN/ava_images___773899.npy.gz,RealESRGAN,ava_images___773899.png,../../../mnt/ssd2/29o_rya/datasets/iqa/QualiSR-Set120/sr/RealESRGAN/ava_images___773899.png,QualiSR-Set120,ava_images___773899,RealESRGAN/ava_images___773899.png,../../../mnt/ssd2/29o_rya/datasets/iqa/QualiSR-Set120/hr/ava_images___773899.png,../../../mnt/ssd2/29o_rya/datasets/iqa/QualiSR-Set120/lr/ava_images___773899.png,train,-1.7551384,-7.428872,-5.170951,-14.70755,-0.8257046,-9.777525,-7.892241,-6.050436,-7.9961796,-15.486239,-8.452729,4.2121706,-1.556273,-10.2185135,-1.3247713,-4.6039042,-15.646846,12.905387,-19.12996,-2.549763,29.433098,80.10389,-17.59275,33.344574,-28.663292,0.5613432,3.1137614,0.8043957,-1.1408577,-0.5660329,0.26624644,1.4142638,-2.6736763,-1.624174,1.5429157,0.1475029,-0.121797785,-0.38391793,0.16078043,-0.27175698,-0.30787826,1.6548908,-2.1169264,0.45344353,-0.20909667,-0.40823793,-1.4598241,0.82442117,0.244719,1.3465925,0.12943792,-0.9254482,2.1676486,0.5556642,-0.23089987,-0.84547734,2.53626,-0.3658758,1.0940704,-0.0020646416,5.152262,-12.945487,-21.850563,-7.6452246,-6.2727985,-2.2396238,3.5817664,1.4760036,-0.10425043,-3.9782236,2.5782468,-3.138133,1.8381362,-1.7044427,-0.1001451
QualiSR-Set120/SUPIR/ava_images___773899.npy.gz,SUPIR,ava_images___773899.png,../../../mnt/ssd2/29o_rya/datasets/iqa/QualiSR-Set120/sr/SUPIR/ava_images___773899.png,QualiSR-Set120,ava_images___773899,SUPIR/ava_images___773899.png,../../../mnt/ssd2/29o_rya/datasets/iqa/QualiSR-Set120/hr/ava_images___773899.png,../../../mnt/ssd2/29o_rya/datasets/iqa/QualiSR-Set120/lr/ava_images___773899.png,train,-1.4405785,-7.371358,-5.3127317,-14.810591,-0.8936691,-9.750598,-8.039038,-6.0045223,-8.074766,-15.61541,-8.543423,4.266808,-1.5592425,-10.300131,-1.1853522,-4.732183,-15.784059,13.068842,-19.12579,-2.4537835,29.648464,80.66753,-17.703278,33.63014,-28.79118,0.6084728,3.1618276,0.92916775,-1.1050739,-0.55906105,0.19498205,1.3116976,-2.737286,-1.677586,1.4424876,0.21479297,-0.18608862,-0.41407144,0.14878869,-0.30668303,-0.2529223,1.7284539,-2.1348608,0.47177696,-0.3100376,-0.48663187,-1.5206714,0.8155503,0.21189234,1.2915608,0.14388764,-0.89396,2.1861281,0.6364541,-0.24970049,-0.793102,2.4791646,-0.41070154,1.1545429,-0.025751121,5.2122273,-13.172077,-22.227932,-7.778605,-6.361199,-2.4425104,3.664714,1.4557123,-0.14199495,-3.921643,2.6990144,-3.2892168,1.9941096,-1.9118383,-0.06365538
QualiSR-Set120/PASD/ava_images___827653.npy.gz,PASD,ava_images___827653.png,../../../mnt/ssd2/29o_rya/datasets/iqa/QualiSR-Set120/sr/PASD/ava_images___827653.png,QualiSR-Set120,ava_images___827653,PASD/ava_images___827653.png,../../../mnt/ssd2/29o_rya/datasets/iqa/QualiSR-Set120/hr/ava_images___827653.png,../../../mnt/ssd2/29o_rya/datasets/iqa/QualiSR-Set120/lr/ava_images___827653.png,test,-3.072031,-10.831982,2.5861683,-5.229245,-3.2417822,-6.3003025,-1.2869658,0.61229205,-2.8534365,7.5923595,-0.6216359,4.034965,1.3334031,-1.0053908,-1.313546,4.666651,-10.880682,-2.5715525,3.1726007,-0.270831,4.666566,-3.86108,-4.0890093,-4.0417166,3.3115752,-2.4542503,11.330801,3.3078766,2.7929254,-0.63764715,-1.1516216,0.7218107,-1.9422154,4.788614,-1.2193724,0.21852183,1.9741473,0.7202785,0.9927187,0.43790242,-1.4008284,-5.176681,-1.5409899,-1.7202642,0.19878316,-1.0502229,2.2566156,-0.22223115,0.97629654,-3.2411847,-1.0872905,-2.4943764,-0.04082319,-2.0652032,-3.8684025,0.5049896,-0.27055812,-1.2043678,1.5196605,0.38050395,-0.5097623,2.7651436,-0.85078764,-2.641126,0.09478712,2.6694355,-2.100747,-0.008518577,0.1391859,3.4200723,3.6986666,1.9417973,1.2755432,1.2697135,1.2377286
QualiSR-Set120/RealESRGAN/ava_images___827653.npy.gz,RealESRGAN,ava_images___827653.png,../../../mnt/ssd2/29o_rya/datasets/iqa/QualiSR-Set120/sr/RealESRGAN/ava_images___827653.png,QualiSR-Set120,ava_images___827653,RealESRGAN/ava_images___827653.png,../../../mnt/ssd2/29o_rya/datasets/iqa/QualiSR-Set120/hr/ava_images___827653.png,../../../mnt/ssd2/29o_rya/datasets/iqa/QualiSR-Set120/lr/ava_images___827653.png,test,-3.072031,-10.831982,2.5861683,-5.229245,-3.2417822,-6.3003025,-1.2869658,0.61229205,-2.8534365,7.5923595,-0.6216359,4.034965,1.3334031,-1.0053908,-1.313546,4.666651,-10.880682,-2.5715525,3.1726007,-0.270831,4.666566,-3.86108,-4.0890093,-4.0417166,3.3115752,-2.4542503,11.330801,3.3078766,2.7929254,-0.63764715,-1.1516216,0.7218107,-1.9422154,4.788614,-1.2193724,0.21852183,1.9741473,0.7202785,0.9927187,0.43790242,-1.4008284,-5.176681,-1.5409899,-1.7202642,0.19878316,-1.0502229,2.2566156,-0.22223115,0.97629654,-3.2411847,-1.0872905,-2.4943764,-0.04082319,-2.0652032,-3.8684025,0.5049896,-0.27055812,-1.2043678,1.5196605,0.38050395,-0.5097623,2.7651436,-0.85078764,-2.641126,0.09478712,2.6694355,-2.100747,-0.008518577,0.1391859,3.4200723,3.6986666,1.9417973,1.2755432,1.2697135,1.2377286
QualiSR-Set120/SUPIR/ava_images___827653.npy.gz,SUPIR,ava_images___827653.png,../../../mnt/ssd2/29o_rya/datasets/iqa/QualiSR-Set120/sr/SUPIR/ava_images___827653.png,QualiSR-Set120,ava_images___827653,SUPIR/ava_images___827653.png,../../../mnt/ssd2/29o_rya/datasets/iqa/QualiSR-Set120/hr/ava_images___827653.png,../../../mnt/ssd2/29o_rya/datasets/iqa/QualiSR-Set120/lr/ava_images___827653.png,test,-3.072031,-10.831982,2.5861683,-5.229245,-3.2417822,-6.3003025,-1.2869658,0.61229205,-2.8534365,7.5923595,-0.6216359,4.034965,1.3334031,-1.0053908,-1.313546,4.666651,-10.880682,-2.5715525,3.1726007,-0.270831,4.666566,-3.86108,-4.0890093,-4.0417166,3.3115752,-2.4542503,11.330801,3.3078766,2.7929254,-0.63764715,-1.1516216,0.7218107,-1.9422154,4.788614,-1.2193724,0.21852183,1.9741473,0.7202785,0.9927187,0.43790242,-1.4008284,-5.176681,-1.5409899,-1.7202642,0.19878316,-1.0502229,2.2566156,-0.22223115,0.97629654,-3.2411847,-1.0872905,-2.4943764,-0.04082319,-2.0652032,-3.8684025,0.5049896,-0.27055812,-1.2043678,1.5196605,0.38050395,-0.5097623,2.7651436,-0.85078764,-2.641126,0.09478712,2.6694355,-2.100747,-0.008518577,0.1391859,3.4200723,3.6986666,1.9417973,1.2755432,1.2697135,1.2377286
QualiSR-Set120/PASD/ava_images___842206.npy.gz,PASD,ava_images___842206.png,../../../mnt/ssd2/29o_rya/datasets/iqa/QualiSR-Set120/sr/PASD/ava_images___842206.png,QualiSR-Set120,ava_images___842206,PASD/ava_images___842206.png,../../../mnt/ssd2/29o_rya/datasets/iqa/QualiSR-Set120/hr/ava_images___842206.png,../../../mnt/ssd2/29o_rya/datasets/iqa/QualiSR-Set120/lr/ava_images___842206.png,test,-12.531986,-1.0207243,-3.0079355,-6.085879,-4.776817,-0.6919961,12.197051,-1.915812,0.45160198,-4.9021482,6.181942,-0.46038556,-6.456934,-0.28534746,-10.336168,0.57027483,8.098912,2.373591,-1.2501774,4.6314507,1.783762,-2.9315505,-5.360538,-2.2510798,4.9586515,-4.438722,-0.12132311,-5.8580155,1.3116517,0.71101046,-1.9155421,-1.6014829,-4.277087,-1.6008279,-1.4879661,-1.2935705,-0.7601125,0.09335232,6.486411,-1.2420753,-0.196046,0.40447092,0.08430672,-2.184024,3.278225,3.2403817,5.699309,1.9322634,1.2210743,6.903977,-1.7527637,-1.9906063,-0.08299028,2.3503199,8.232269,0.542309,-9.144604,4.094646,6.9009857,0.42796558,0.583759,-1.1425061,-1.2763999,0.65519005,-1.5691018,-1.1333903,0.007933229,2.113906,-2.748866,1.1355425,-0.5422114,-2.4089062,-1.7403822,2.5073967,-0.54713494
QualiSR-Set120/RealESRGAN/ava_images___842206.npy.gz,RealESRGAN,ava_images___842206.png,../../../mnt/ssd2/29o_rya/datasets/iqa/QualiSR-Set120/sr/RealESRGAN/ava_images___842206.png,QualiSR-Set120,ava_images___842206,RealESRGAN/ava_images___842206.png,../../../mnt/ssd2/29o_rya/datasets/iqa/QualiSR-Set120/hr/ava_images___842206.png,../../../mnt/ssd2/29o_rya/datasets/iqa/QualiSR-Set120/lr/ava_images___842206.png,test,-12.531986,-1.0207243,-3.0079355,-6.085879,-4.776817,-0.6919961,12.197051,-1.915812,0.45160198,-4.9021482,6.181942,-0.46038556,-6.456934,-0.28534746,-10.336168,0.57027483,8.098912,2.373591,-1.2501774,4.6314507,1.783762,-2.9315505,-5.360538,-2.2510798,4.9586515,-4.438722,-0.12132311,-5.8580155,1.3116517,0.71101046,-1.9155421,-1.6014829,-4.277087,-1.6008279,-1.4879661,-1.2935705,-0.7601125,0.09335232,6.486411,-1.2420753,-0.196046,0.40447092,0.08430672,-2.184024,3.278225,3.2403817,5.699309,1.9322634,1.2210743,6.903977,-1.7527637,-1.9906063,-0.08299028,2.3503199,8.232269,0.542309,-9.144604,4.094646,6.9009857,0.42796558,0.583759,-1.1425061,-1.2763999,0.65519005,-1.5691018,-1.1333903,0.007933229,2.113906,-2.748866,1.1355425,-0.5422114,-2.4089062,-1.7403822,2.5073967,-0.54713494
QualiSR-Set120/SUPIR/ava_images___842206.npy.gz,SUPIR,ava_images___842206.png,../../../mnt/ssd2/29o_rya/datasets/iqa/QualiSR-Set120/sr/SUPIR/ava_images___842206.png,QualiSR-Set120,ava_images___842206,SUPIR/ava_images___842206.png,../../../mnt/ssd2/29o_rya/datasets/iqa/QualiSR-Set120/hr/ava_images___842206.png,../../../mnt/ssd2/29o_rya/datasets/iqa/QualiSR-Set120/lr/ava_images___842206.png,test,-12.531986,-1.0207243,-3.0079355,-6.085879,-4.776817,-0.6919961,12.197051,-1.915812,0.45160198,-4.9021482,6.181942,-0.46038556,-6.456934,-0.28534746,-10.336168,0.57027483,8.098912,2.373591,-1.2501774,4.6314507,1.783762,-2.9315505,-5.360538,-2.2510798,4.9586515,-4.438722,-0.12132311,-5.8580155,1.3116517,0.71101046,-1.9155421,-1.6014829,-4.277087,-1.6008279,-1.4879661,-1.2935705,-0.7601125,0.09335232,6.486411,-1.2420753,-0.196046,0.40447092,0.08430672,-2.184024,3.278225,3.2403817,5.699309,1.9322634,1.2210743,6.903977,-1.7527637,-1.9906063,-0.08299028,2.3503199,8.232269,0.542309,-9.144604,4.094646,6.9009857,0.42796558,0.583759,-1.1425061,-1.2763999,0.65519005,-1.5691018,-1.1333903,0.007933229,2.113906,-2.748866,1.1355425,-0.5422114,-2.4089062,-1.7403822,2.5073967,-0.54713494
QualiSR-Set120/PASD/ava_images___846773.npy.gz,PASD,ava_images___846773.png,../../../mnt/ssd2/29o_rya/datasets/iqa/QualiSR-Set120/sr/PASD/ava_images___846773.png,QualiSR-Set120,ava_images___846773,PASD/ava_images___846773.png,../../../mnt/ssd2/29o_rya/datasets/iqa/QualiSR-Set120/hr/ava_images___846773.png,../../../mnt/ssd2/29o_rya/datasets/iqa/QualiSR-Set120/lr/ava_images___846773.png,train,-17.086464,-18.340363,-13.587973,0.8736596,-11.921708,-9.430811,9.014728,5.87038,-19.764847,-1.8424969,-2.2165504,-10.890605,-22.3379,38.55573,-73.39017,-26.872046,22.03366,-16.298876,19.077503,70.22637,11.274072,-7.655195,-19.979704,11.744944,4.695026,-0.58078575,11.36113,-5.03889,1.6625352,-0.6360793,-1.7710307,1.164852,-1.5823445,-0.2637496,0.44259906,1.1387153,0.11427653,-0.585919,-1.02648,-0.11621595,-0.6499029,0.32299137,-0.49293756,1.3333467,0.065185785,0.6508541,-0.575861,0.20072925,0.4286727,0.30625066,0.28615713,-0.0725764,-0.28074154,-0.29719096,-0.35348815,0.071897596,1.6018311,-0.14009273,-0.66717386,0.599722,0.59575486,-1.4123073,-0.32748437,-0.06400478,-1.1187274,0.9282219,2.7270515,-0.39940304,-3.136635,2.2853014,1.8221202,2.6971889,2.7587562,-0.1181469,-2.3125114
QualiSR-Set120/RealESRGAN/ava_images___846773.npy.gz,RealESRGAN,ava_images___846773.png,../../../mnt/ssd2/29o_rya/datasets/iqa/QualiSR-Set120/sr/RealESRGAN/ava_images___846773.png,QualiSR-Set120,ava_images___846773,RealESRGAN/ava_images___846773.png,../../../mnt/ssd2/29o_rya/datasets/iqa/QualiSR-Set120/hr/ava_images___846773.png,../../../mnt/ssd2/29o_rya/datasets/iqa/QualiSR-Set120/lr/ava_images___846773.png,train,-17.086464,-18.340363,-13.587973,0.8736596,-11.921708,-9.430811,9.014728,5.87038,-19.764847,-1.8424969,-2.2165504,-10.890605,-22.3379,38.55573,-73.39017,-26.872046,22.03366,-16.298876,19.077503,70.22637,11.274072,-7.655195,-19.979704,11.744944,4.695026,-0.58078575,11.36113,-5.03889,1.6625352,-0.6360793,-1.7710307,1.164852,-1.5823445,-0.2637496,0.44259906,1.1387153,0.11427653,-0.585919,-1.02648,-0.11621595,-0.6499029,0.32299137,-0.49293756,1.3333467,0.065185785,0.6508541,-0.575861,0.20072925,0.4286727,0.30625066,0.28615713,-0.0725764,-0.28074154,-0.29719096,-0.35348815,0.071897596,1.6018311,-0.14009273,-0.66717386,0.599722,0.59575486,-1.4123073,-0.32748437,-0.06400478,-1.1187274,0.9282219,2.7270515,-0.39940304,-3.136635,2.2853014,1.8221202,2.6971889,2.7587562,-0.1181469,-2.3125114
QualiSR-Set120/SUPIR/ava_images___846773.npy.gz,SUPIR,ava_images___846773.png,../../../mnt/ssd2/29o_rya/datasets/iqa/QualiSR-Set120/sr/SUPIR/ava_images___846773.png,QualiSR-Set120,ava_images___846773,SUPIR/ava_images___846773.png,../../../mnt/ssd2/29o_rya/datasets/iqa/QualiSR-Set120/hr/ava_images___846773.png,../../../mnt/ssd2/29o_rya/datasets/iqa/QualiSR-Set120/lr/ava_images___846773.png,train,-17.086464,-18.340363,-13.587973,0.8736596,-11.921708,-9.430811,9.014728,5.87038,-19.764847,-1.8424969,-2.2165504,-10.890605,-22.3379,38.55573,-73.39017,-26.872046,22.03366,-16.298876,19.077503,70.22637,11.274072,-7.655195,-19.979704,11.744944,4.695026,-0.58078575,11.36113,-5.03889,1.6625352,-0.6360793,-1.7710307,1.164852,-1.5823445,-0.2637496,0.44259906,1.1387153,0.11427653,-0.585919,-1.02648,-0.11621595,-0.6499029,0.32299137,-0.49293756,1.3333467,0.065185785,0.6508541,-0.575861,0.20072925,0.4286727,0.30625066,0.28615713,-0.0725764,-0.28074154,-0.29719096,-0.35348815,0.071897596,1.6018311,-0.14009273,-0.66717386,0.599722,0.59575486,-1.4123073,-0.32748437,-0.06400478,-1.1187274,0.9282219,2.7270515,-0.39940304,-3.136635,2.2853014,1.8221202,2.6971889,2.7587562,-0.1181469,-2.3125114
QualiSR-Set120/PASD/ava_images___857447.npy.gz,PASD,ava_images___857447.png,../../../mnt/ssd2/29o_rya/datasets/iqa/QualiSR-Set120/sr/PASD/ava_images___857447.png,QualiSR-Set120,ava_images___857447,PASD/ava_images___857447.png,../../../mnt/ssd2/29o_rya/datasets/iqa/QualiSR-Set120/hr/ava_images___857447.png,../../../mnt/ssd2/29o_rya/datasets/iqa/QualiSR-Set120/lr/ava_images___857447.png,train,-16.100029,-7.096703,-5.26932,-12.087332,-23.35466,4.3759093,18.381126,0.5518266,-9.837351,-6.050458,-9.560461,-7.6885567,-13.75661,42.045296,-44.6893,-42.396,42.882763,14.990929,6.254113,-81.667206,-0.006696224,2.0401607,15.010081,-9.841629,-7.6871448,4.313202,-1.0414882,3.6309185,-1.5611815,1.1998048,-4.61631,-0.78297853,-3.3152413,-0.59541,-0.14854696,1.2118967,-3.1410878,0.86597157,0.34917903,3.7255955,-3.7512467,0.94529605,0.9779973,-1.2743709,-0.6018138,-1.5902171,-1.3464824,-3.9597201,2.2060392,7.3470035,5.106333,-9.053305,-8.968194,-9.662196,-31.8984,-10.406171,1.6004995,-4.1830735,1.2999535,-0.5375496,0.34428036,0.11432552,0.30721682,-0.40700346,0.35642624,1.4166244,-1.4177082,-1.2802317,1.5534067,-2.195607,1.8657115,1.7250208,-7.7527814,1.1248597,1.148752
QualiSR-Set120/RealESRGAN/ava_images___857447.npy.gz,RealESRGAN,ava_images___857447.png,../../../mnt/ssd2/29o_rya/datasets/iqa/QualiSR-Set120/sr/RealESRGAN/ava_images___857447.png,QualiSR-Set120,ava_images___857447,RealESRGAN/ava_images___857447.png,../../../mnt/ssd2/29o_rya/datasets/iqa/QualiSR-Set120/hr/ava_images___857447.png,../../../mnt/ssd2/29o_rya/datasets/iqa/QualiSR-Set120/lr/ava_images___857447.png,train,-16.035328,-7.089512,-5.221658,-12.118298,-23.425755,4.246547,18.526024,0.43013442,-9.81617,-6.0993614,-9.517361,-7.691248,-13.775949,42.159424,-44.917988,-42.55791,43.10428,15.073547,6.319072,-82.1607,-0.029109478,2.0585573,15.100451,-9.823931,-7.7869315,4.34943,-0.98220444,3.6821413,-1.5297713,1.3171849,-4.784707,-0.8692384,-3.256999,-0.58978486,-0.112671494,1.1886742,-3.209831,0.87656236,0.4495263,3.7854648,-3.7216673,0.9207659,0.95521784,-1.3117721,-0.64597845,-1.5902209,-1.349581,-3.9140704,2.1929984,7.3395243,5.101429,-9.098476,-8.958819,-9.659916,-31.87344,-10.411498,1.685601,-4.285631,1.2720928,-0.47711742,0.38732895,0.16191459,0.3178556,-0.4295904,0.38211632,1.4514873,-1.4121093,-1.2891313,1.5718675,-2.161119,1.8683851,1.810766,-7.8652487,1.1181067,1.1893666
QualiSR-Set120/SUPIR/ava_images___857447.npy.gz,SUPIR,ava_images___857447.png,../../../mnt/ssd2/29o_rya/datasets/iqa/QualiSR-Set120/sr/SUPIR/ava_images___857447.png,QualiSR-Set120,ava_images___857447,SUPIR/ava_images___857447.png,../../../mnt/ssd2/29o_rya/datasets/iqa/QualiSR-Set120/hr/ava_images___857447.png,../../../mnt/ssd2/29o_rya/datasets/iqa/QualiSR-Set120/lr/ava_images___857447.png,train,-16.100029,-7.096703,-5.26932,-12.087332,-23.35466,4.3759093,18.381126,0.5518266,-9.837351,-6.050458,-9.560461,-7.6885567,-13.75661,42.045296,-44.6893,-42.396,42.882763,14.990929,6.254113,-81.667206,-0.006696224,2.0401607,15.010081,-9.841629,-7.6871448,4.313202,-1.0414882,3.6309185,-1.5611815,1.1998048,-4.61631,-0.78297853,-3.3152413,-0.59541,-0.14854696,1.2118967,-3.1410878,0.86597157,0.34917903,3.7255955,-3.7512467,0.94529605,0.9779973,-1.2743709,-0.6018138,-1.5902171,-1.3464824,-3.9597201,2.2060392,7.3470035,5.106333,-9.053305,-8.968194,-9.662196,-31.8984,-10.406171,1.6004995,-4.1830735,1.2999535,-0.5375496,0.34428036,0.11432552,0.30721682,-0.40700346,0.35642624,1.4166244,-1.4177082,-1.2802317,1.5534067,-2.195607,1.8657115,1.7250208,-7.7527814,1.1248597,1.148752
QualiSR-Set120/PASD/ava_images___864250.npy.gz,PASD,ava_images___864250.png,../../../mnt/ssd2/29o_rya/datasets/iqa/QualiSR-Set120/sr/PASD/ava_images___864250.png,QualiSR-Set120,ava_images___864250,PASD/ava_images___864250.png,../../../mnt/ssd2/29o_rya/datasets/iqa/QualiSR-Set120/hr/ava_images___864250.png,../../../mnt/ssd2/29o_rya/datasets/iqa/QualiSR-Set120/lr/ava_images___864250.png,train,-7.699648,-2.8179064,-9.232687,-2.180573,-2.5830412,5.810286,34.55002,65.08648,-55.37084,113.40515,35.242157,-38.07914,17.830126,-18.104595,12.932657,-4.722676,0.88853073,3.3062844,-14.56405,-0.172032,3.4231348,4.4036365,1.1106703,-1.7740722,-0.24443245,1.0411787,-1.3971939,-4.8987617,0.34220457,-0.92393684,-2.923088,-0.22371328,-1.7117805,-1.5706195,0.928437,1.7174215,-2.2404766,0.005362749,-1.3654976,0.22300118,-1.810899,2.7997584,0.74468327,-1.6117833,-2.3942025,0.30509853,0.63042605,1.3682985,0.4892977,2.070897,-0.36567396,-1.9525974,-3.9570732,-0.39664185,-2.5362067,-2.008896,-3.88496,20.773712,-20.337029,-4.2131057,4.6689596,2.3513167,-3.481718,2.4213166,0.17497396,-0.064714596,-1.7844208,0.95627904,-0.31657743,-0.8306748,-4.254877,-0.74322474,0.6604611,-1.3798925,-1.3865259
QualiSR-Set120/RealESRGAN/ava_images___864250.npy.gz,RealESRGAN,ava_images___864250.png,../../../mnt/ssd2/29o_rya/datasets/iqa/QualiSR-Set120/sr/RealESRGAN/ava_images___864250.png,QualiSR-Set120,ava_images___864250,RealESRGAN/ava_images___864250.png,../../../mnt/ssd2/29o_rya/datasets/iqa/QualiSR-Set120/hr/ava_images___864250.png,../../../mnt/ssd2/29o_rya/datasets/iqa/QualiSR-Set120/lr/ava_images___864250.png,train,-7.699648,-2.8179064,-9.232687,-2.180573,-2.5830412,5.810286,34.55002,65.08648,-55.37084,113.40515,35.242157,-38.07914,17.830126,-18.104595,12.932657,-4.722676,0.88853073,3.3062844,-14.56405,-0.172032,3.4231348,4.4036365,1.1106703,-1.7740722,-0.24443245,1.0411787,-1.3971939,-4.8987617,0.34220457,-0.92393684,-2.923088,-0.22371328,-1.7117805,-1.5706195,0.928437,1.7174215,-2.2404766,0.005362749,-1.3654976,0.22300118,-1.810899,2.7997584,0.74468327,-1.6117833,-2.3942025,0.30509853,0.63042605,1.3682985,0.4892977,2.070897,-0.36567396,-1.9525974,-3.9570732,-0.39664185,-2.5362067,-2.008896,-3.88496,20.773712,-20.337029,-4.2131057,4.6689596,2.3513167,-3.481718,2.4213166,0.17497396,-0.064714596,-1.7844208,0.95627904,-0.31657743,-0.8306748,-4.254877,-0.74322474,0.6604611,-1.3798925,-1.3865259
QualiSR-Set120/SUPIR/ava_images___864250.npy.gz,SUPIR,ava_images___864250.png,../../../mnt/ssd2/29o_rya/datasets/iqa/QualiSR-Set120/sr/SUPIR/ava_images___864250.png,QualiSR-Set120,ava_images___864250,SUPIR/ava_images___864250.png,../../../mnt/ssd2/29o_rya/datasets/iqa/QualiSR-Set120/hr/ava_images___864250.png,../../../mnt/ssd2/29o_rya/datasets/iqa/QualiSR-Set120/lr/ava_images___864250.png,train,-7.699648,-2.8179064,-9.232687,-2.180573,-2.5830412,5.810286,34.55002,65.08648,-55.37084,113.40515,35.242157,-38.07914,17.830126,-18.104595,12.932657,-4.722676,0.88853073,3.3062844,-14.56405,-0.172032,3.4231348,4.4036365,1.1106703,-1.7740722,-0.24443245,1.0411787,-1.3971939,-4.8987617,0.34220457,-0.92393684,-2.923088,-0.22371328,-1.7117805,-1.5706195,0.928437,1.7174215,-2.2404766,0.005362749,-1.3654976,0.22300118,-1.810899,2.7997584,0.74468327,-1.6117833,-2.3942025,0.30509853,0.63042605,1.3682985,0.4892977,2.070897,-0.36567396,-1.9525974,-3.9570732,-0.39664185,-2.5362067,-2.008896,-3.88496,20.773712,-20.337029,-4.2131057,4.6689596,2.3513167,-3.481718,2.4213166,0.17497396,-0.064714596,-1.7844208,0.95627904,-0.31657743,-0.8306748,-4.254877,-0.74322474,0.6604611,-1.3798925,-1.3865259
QualiSR-Set120/PASD/ava_images___865616.npy.gz,PASD,ava_images___865616.png,../../../mnt/ssd2/29o_rya/datasets/iqa/QualiSR-Set120/sr/PASD/ava_images___865616.png,QualiSR-Set120,ava_images___865616,PASD/ava_images___865616.png,../../../mnt/ssd2/29o_rya/datasets/iqa/QualiSR-Set120/hr/ava_images___865616.png,../../../mnt/ssd2/29o_rya/datasets/iqa/QualiSR-Set120/lr/ava_images___865616.png,train,16.464668,-3.3323975,-6.3456364,-22.727264,-5.9532847,-28.0708,-53.553833,-81.67281,60.956394,88.01773,-19.083956,3.064354,-8.764339,0.98635817,-5.1642714,4.072918,6.1949177,-2.18074,-2.332241,-0.72323465,2.237524,-2.2729464,-0.19111204,1.0225462,-4.428539,-1.477869,0.15242338,-2.3855357,-1.064034,1.7717566,-6.54118,3.2450094,-18.406885,47.082962,-8.792234,17.600906,-20.666218,0.68343353,4.718217,-9.714969,6.694459,-2.0337577,2.05554,-3.1749609,0.03861499,2.4011118,-1.3086083,0.6381655,0.68663555,-0.9563687,0.016388655,1.4343942,-1.2910783,-0.6749809,0.9631434,0.16747585,0.38472033,-0.58123076,-0.88173175,-1.9786105,0.2511503,-2.0942922,1.6273271,3.469295,-2.0407808,-2.6023598,4.894101,-2.7149725,5.2116313,1.1664677,0.5417526,0.619004,-1.0789971,-1.2490127,0.0844661
QualiSR-Set120/RealESRGAN/ava_images___865616.npy.gz,RealESRGAN,ava_images___865616.png,../../../mnt/ssd2/29o_rya/datasets/iqa/QualiSR-Set120/sr/RealESRGAN/ava_images___865616.png,QualiSR-Set120,ava_images___865616,RealESRGAN/ava_images___865616.png,../../../mnt/ssd2/29o_rya/datasets/iqa/QualiSR-Set120/hr/ava_images___865616.png,../../../mnt/ssd2/29o_rya/datasets/iqa/QualiSR-Set120/lr/ava_images___865616.png,train,16.397728,-3.3561316,-6.425006,-22.654047,-5.9603386,-28.019573,-53.41588,-81.455894,60.758465,87.63338,-19.098698,3.0204268,-8.747137,0.8695071,-5.1470733,4.055257,6.131296,-2.1411755,-2.4116945,-0.7543472,2.186555,-2.2972217,-0.19187331,1.1341857,-4.4569664,-1.5347605,0.24204874,-2.3692393,-1.0631766,1.7215381,-6.5356846,3.2741513,-18.520592,47.204422,-8.825397,17.705276,-20.67992,0.74745536,4.7065296,-9.707742,6.7309027,-2.053978,2.0486665,-3.1684988,-0.0013790131,2.371318,-1.3029705,0.7118714,0.7192822,-0.96946025,-0.016391635,1.3992429,-1.384502,-0.578876,0.9749559,0.13749187,0.4240662,-0.563691,-0.89953375,-1.9825392,0.2956919,-2.156181,1.5349883,3.5046842,-2.0923283,-2.6508667,4.872557,-2.7331533,5.2554393,1.1718278,0.5024594,0.61898285,-1.1016724,-1.2582586,0.11934924
QualiSR-Set120/SUPIR/ava_images___865616.npy.gz,SUPIR,ava_images___865616.png,../../../mnt/ssd2/29o_rya/datasets/iqa/QualiSR-Set120/sr/SUPIR/ava_images___865616.png,QualiSR-Set120,ava_images___865616,SUPIR/ava_images___865616.png,../../../mnt/ssd2/29o_rya/datasets/iqa/QualiSR-Set120/hr/ava_images___865616.png,../../../mnt/ssd2/29o_rya/datasets/iqa/QualiSR-Set120/lr/ava_images___865616.png,train,16.464668,-3.3323975,-6.3456364,-22.727264,-5.9532847,-28.0708,-53.553833,-81.67281,60.956394,88.01773,-19.083956,3.064354,-8.764339,0.98635817,-5.1642714,4.072918,6.1949177,-2.18074,-2.332241,-0.72323465,2.237524,-2.2729464,-0.19111204,1.0225462,-4.428539,-1.477869,0.15242338,-2.3855357,-1.064034,1.7717566,-6.54118,3.2450094,-18.406885,47.082962,-8.792234,17.600906,-20.666218,0.68343353,4.718217,-9.714969,6.694459,-2.0337577,2.05554,-3.1749609,0.03861499,2.4011118,-1.3086083,0.6381655,0.68663555,-0.9563687,0.016388655,1.4343942,-1.2910783,-0.6749809,0.9631434,0.16747585,0.38472033,-0.58123076,-0.88173175,-1.9786105,0.2511503,-2.0942922,1.6273271,3.469295,-2.0407808,-2.6023598,4.894101,-2.7149725,5.2116313,1.1664677,0.5417526,0.619004,-1.0789971,-1.2490127,0.0844661
QualiSR-Set120/PASD/ava_images___953752.npy.gz,PASD,ava_images___953752.png,../../../mnt/ssd2/29o_rya/datasets/iqa/QualiSR-Set120/sr/PASD/ava_images___953752.png,QualiSR-Set120,ava_images___953752,PASD/ava_images___953752.png,../../../mnt/ssd2/29o_rya/datasets/iqa/QualiSR-Set120/hr/ava_images___953752.png,../../../mnt/ssd2/29o_rya/datasets/iqa/QualiSR-Set120/lr/ava_images___953752.png,train,184.51183,-30.168203,-4.626606,1.8643289,4.3569794,-6.891996,17.590984,17.63884,2.0600357,-11.877634,5.88914,-4.290083,-2.0371199,4.0139008,-3.9002104,2.0745654,-0.42430258,0.42339358,1.0359421,-2.8803308,-3.5385268,-2.5693746,-3.9434397,-1.4780138,-1.0138915,-4.3422384,-2.7109075,-4.570937,-5.210558,-1.2059906,-1.7650938,-0.6506065,-4.549781,0.25966167,-1.883885,1.2142463,0.75045973,1.1265988,-1.915476,2.358518,-1.1642053,4.860694,-1.2533741,-2.944166,4.2061872,2.9255776,0.35626513,-7.0952916,-0.5284748,3.689267,5.7704153,-5.234069,24.934752,-29.327055,3.2948976,8.852518,-0.7449293,2.9831762,0.8705291,-1.7681884,-4.8010516,-0.2964406,-1.2913499,2.0597987,-1.7036939,-0.36294228,-1.4173788,1.9830265,1.1737266,-2.3623781,-0.3363078,1.0173091,-0.1768294,-0.56714684,1.2816856
QualiSR-Set120/RealESRGAN/ava_images___953752.npy.gz,RealESRGAN,ava_images___953752.png,../../../mnt/ssd2/29o_rya/datasets/iqa/QualiSR-Set120/sr/RealESRGAN/ava_images___953752.png,QualiSR-Set120,ava_images___953752,RealESRGAN/ava_images___953752.png,../../../mnt/ssd2/29o_rya/datasets/iqa/QualiSR-Set120/hr/ava_images___953752.png,../../../mnt/ssd2/29o_rya/datasets/iqa/QualiSR-Set120/lr/ava_images___953752.png,train,184.83289,-30.104624,-4.6219153,1.8813004,4.508177,-6.837522,17.711224,17.678642,2.1366367,-11.93445,5.9971075,-4.254428,-2.1241856,3.9806623,-3.7804313,2.0144126,-0.35016918,0.32715198,1.1424847,-2.956038,-3.5689588,-2.6703167,-4.0753527,-1.4057436,-0.98983455,-4.3536844,-2.7250586,-4.4612045,-5.1955466,-1.1996942,-1.7482185,-0.5485835,-4.5633717,0.16476774,-1.8928763,1.2308159,0.7664128,1.1727138,-1.9234439,2.457483,-1.068255,4.858978,-1.2393417,-2.99042,4.179782,2.957391,0.40453643,-6.97891,-0.5625378,3.7252755,5.8187504,-5.2256193,25.02921,-29.441416,3.2629228,8.908252,-0.7737124,3.0375953,0.8819615,-1.6627113,-4.7001414,-0.24773574,-1.2661662,2.033792,-1.6279879,-0.3220399,-1.4591872,1.952158,1.2408853,-2.3353605,-0.28428113,0.91835177,-0.19061607,-0.5990941,1.3066783
QualiSR-Set120/SUPIR/ava_images___953752.npy.gz,SUPIR,ava_images___953752.png,../../../mnt/ssd2/29o_rya/datasets/iqa/QualiSR-Set120/sr/SUPIR/ava_images___953752.png,QualiSR-Set120,ava_images___953752,SUPIR/ava_images___953752.png,../../../mnt/ssd2/29o_rya/datasets/iqa/QualiSR-Set120/hr/ava_images___953752.png,../../../mnt/ssd2/29o_rya/datasets/iqa/QualiSR-Set120/lr/ava_images___953752.png,train,184.51183,-30.168203,-4.626606,1.8643289,4.3569794,-6.891996,17.590984,17.63884,2.0600357,-11.877634,5.88914,-4.290083,-2.0371199,4.0139008,-3.9002104,2.0745654,-0.42430258,0.42339358,1.0359421,-2.8803308,-3.5385268,-2.5693746,-3.9434397,-1.4780138,-1.0138915,-4.3422384,-2.7109075,-4.570937,-5.210558,-1.2059906,-1.7650938,-0.6506065,-4.549781,0.25966167,-1.883885,1.2142463,0.75045973,1.1265988,-1.915476,2.358518,-1.1642053,4.860694,-1.2533741,-2.944166,4.2061872,2.9255776,0.35626513,-7.0952916,-0.5284748,3.689267,5.7704153,-5.234069,24.934752,-29.327055,3.2948976,8.852518,-0.7449293,2.9831762,0.8705291,-1.7681884,-4.8010516,-0.2964406,-1.2913499,2.0597987,-1.7036939,-0.36294228,-1.4173788,1.9830265,1.1737266,-2.3623781,-0.3363078,1.0173091,-0.1768294,-0.56714684,1.2816856
QualiSR-Set120/PASD/blur_dataset___out_of_focus0685.npy.gz,PASD,blur_dataset___out_of_focus0685.png,../../../mnt/ssd2/29o_rya/datasets/iqa/QualiSR-Set120/sr/PASD/blur_dataset___out_of_focus0685.png,QualiSR-Set120,blur_dataset___out_of_focus0685,PASD/blur_dataset___out_of_focus0685.png,../../../mnt/ssd2/29o_rya/datasets/iqa/QualiSR-Set120/hr/blur_dataset___out_of_focus0685.png,../../../mnt/ssd2/29o_rya/datasets/iqa/QualiSR-Set120/lr/blur_dataset___out_of_focus0685.png,train,-2.740488,-11.194985,-5.574673,-13.443745,-7.2494874,-10.20757,-8.348691,3.6018634,-10.66334,-13.983693,-9.874908,8.326405,-6.124318,-3.377424,8.815565,3.5530488,-15.082711,-8.498215,-35.11401,-5.984996,81.20022,-43.46876,18.011848,9.906542,1.0385722,5.3704634,-2.434331,4.5743923,-0.13286638,0.22266722,-0.17263466,-0.51385546,-0.10873985,-0.283839,-0.8225554,0.060602903,0.30205685,-0.46887422,-1.7561169,0.31150526,-0.78640485,1.8567028,-2.791947,0.6120498,0.21182156,0.4871173,-0.6693884,-0.24225485,-0.67341053,0.978444,-2.0497184,1.2393835,-2.0025446,1.7658705,-0.024359643,-1.3855891,-0.9986751,-0.20103207,-1.3280675,3.1469972,-0.9181309,-16.165125,6.8686466,1.160062,-6.1011324,-9.355088,-17.318306,3.4799864,2.1857624,1.5113087,-0.34631455,4.3418117,3.4224598,1.3598868,0.5226406
QualiSR-Set120/RealESRGAN/blur_dataset___out_of_focus0685.npy.gz,RealESRGAN,blur_dataset___out_of_focus0685.png,../../../mnt/ssd2/29o_rya/datasets/iqa/QualiSR-Set120/sr/RealESRGAN/blur_dataset___out_of_focus0685.png,QualiSR-Set120,blur_dataset___out_of_focus0685,RealESRGAN/blur_dataset___out_of_focus0685.png,../../../mnt/ssd2/29o_rya/datasets/iqa/QualiSR-Set120/hr/blur_dataset___out_of_focus0685.png,../../../mnt/ssd2/29o_rya/datasets/iqa/QualiSR-Set120/lr/blur_dataset___out_of_focus0685.png,train,-2.740488,-11.194985,-5.574673,-13.443745,-7.2494874,-10.20757,-8.348691,3.6018634,-10.66334,-13.983693,-9.874908,8.326405,-6.124318,-3.377424,8.815565,3.5530488,-15.082711,-8.498215,-35.11401,-5.984996,81.20022,-43.46876,18.011848,9.906542,1.0385722,5.3704634,-2.434331,4.5743923,-0.13286638,0.22266722,-0.17263466,-0.51385546,-0.10873985,-0.283839,-0.8225554,0.060602903,0.30205685,-0.46887422,-1.7561169,0.31150526,-0.78640485,1.8567028,-2.791947,0.6120498,0.21182156,0.4871173,-0.6693884,-0.24225485,-0.67341053,0.978444,-2.0497184,1.2393835,-2.0025446,1.7658705,-0.024359643,-1.3855891,-0.9986751,-0.20103207,-1.3280675,3.1469972,-0.9181309,-16.165125,6.8686466,1.160062,-6.1011324,-9.355088,-17.318306,3.4799864,2.1857624,1.5113087,-0.34631455,4.3418117,3.4224598,1.3598868,0.5226406
QualiSR-Set120/SUPIR/blur_dataset___out_of_focus0685.npy.gz,SUPIR,blur_dataset___out_of_focus0685.png,../../../mnt/ssd2/29o_rya/datasets/iqa/QualiSR-Set120/sr/SUPIR/blur_dataset___out_of_focus0685.png,QualiSR-Set120,blur_dataset___out_of_focus0685,SUPIR/blur_dataset___out_of_focus0685.png,../../../mnt/ssd2/29o_rya/datasets/iqa/QualiSR-Set120/hr/blur_dataset___out_of_focus0685.png,../../../mnt/ssd2/29o_rya/datasets/iqa/QualiSR-Set120/lr/blur_dataset___out_of_focus0685.png,train,-2.740488,-11.194985,-5.574673,-13.443745,-7.2494874,-10.20757,-8.348691,3.6018634,-10.66334,-13.983693,-9.874908,8.326405,-6.124318,-3.377424,8.815565,3.5530488,-15.082711,-8.498215,-35.11401,-5.984996,81.20022,-43.46876,18.011848,9.906542,1.0385722,5.3704634,-2.434331,4.5743923,-0.13286638,0.22266722,-0.17263466,-0.51385546,-0.10873985,-0.283839,-0.8225554,0.060602903,0.30205685,-0.46887422,-1.7561169,0.31150526,-0.78640485,1.8567028,-2.791947,0.6120498,0.21182156,0.4871173,-0.6693884,-0.24225485,-0.67341053,0.978444,-2.0497184,1.2393835,-2.0025446,1.7658705,-0.024359643,-1.3855891,-0.9986751,-0.20103207,-1.3280675,3.1469972,-0.9181309,-16.165125,6.8686466,1.160062,-6.1011324,-9.355088,-17.318306,3.4799864,2.1857624,1.5113087,-0.34631455,4.3418117,3.4224598,1.3598868,0.5226406
QualiSR-Set120/PASD/voc_emotic_ava___EMOTIC__COCO_train2014_000000244530.npy.gz,PASD,voc_emotic_ava___EMOTIC__COCO_train2014_000000244530.png,../../../mnt/ssd2/29o_rya/datasets/iqa/QualiSR-Set120/sr/PASD/voc_emotic_ava___EMOTIC__COCO_train2014_000000244530.png,QualiSR-Set120,voc_emotic_ava___EMOTIC__COCO_train2014_000000244530,PASD/voc_emotic_ava___EMOTIC__COCO_train2014_000000244530.png,../../../mnt/ssd2/29o_rya/datasets/iqa/QualiSR-Set120/hr/voc_emotic_ava___EMOTIC__COCO_train2014_000000244530.png,../../../mnt/ssd2/29o_rya/datasets/iqa/QualiSR-Set120/lr/voc_emotic_ava___EMOTIC__COCO_train2014_000000244530.png,train,-10.664249,-9.161669,-6.412514,-7.913251,-20.170973,-5.5845866,-19.492893,-28.866112,3.6733446,-26.498783,65.772575,-16.64802,105.43236,27.27964,-5.039321,13.666748,-1.5607352,-3.8254633,-3.424604,-0.77899635,-0.56230736,-4.497321,-2.0102763,1.8722116,1.1170478,-2.0302763,-0.97274303,-1.8255959,-4.997386,-1.4792464,-11.133743,-1.7285314,-34.558918,9.142073,36.50232,-17.509527,22.385588,4.399802,14.576468,-4.467379,-0.4973408,-3.323833,1.1820908,0.17469716,0.18715596,0.5260458,1.0545039,-0.39428973,0.20032904,-0.11723885,0.75635326,1.101298,-0.6066343,0.7694893,-0.80238414,0.06828937,0.016745806,0.66942155,0.8504332,0.4289541,-0.31798398,0.5516808,0.1609137,0.47807437,0.4944315,0.27338713,-0.47648767,0.49562383,-0.33866358,-0.2638529,-0.70434856,0.57083046,-0.02904801,-0.40842807,0.16139972
QualiSR-Set120/RealESRGAN/voc_emotic_ava___EMOTIC__COCO_train2014_000000244530.npy.gz,RealESRGAN,voc_emotic_ava___EMOTIC__COCO_train2014_000000244530.png,../../../mnt/ssd2/29o_rya/datasets/iqa/QualiSR-Set120/sr/RealESRGAN/voc_emotic_ava___EMOTIC__COCO_train2014_000000244530.png,QualiSR-Set120,voc_emotic_ava___EMOTIC__COCO_train2014_000000244530,RealESRGAN/voc_emotic_ava___EMOTIC__COCO_train2014_000000244530.png,../../../mnt/ssd2/29o_rya/datasets/iqa/QualiSR-Set120/hr/voc_emotic_ava___EMOTIC__COCO_train2014_000000244530.png,../../../mnt/ssd2/29o_rya/datasets/iqa/QualiSR-Set120/lr/voc_emotic_ava___EMOTIC__COCO_train2014_000000244530.png,train,-10.664249,-9.161669,-6.412514,-7.913251,-20.170973,-5.5845866,-19.492893,-28.866112,3.6733446,-26.498783,65.772575,-16.64802,105.43236,27.27964,-5.039321,13.666748,-1.5607352,-3.8254633,-3.424604,-0.77899635,-0.56230736,-4.497321,-2.0102763,1.8722116,1.1170478,-2.0302763,-0.97274303,-1.8255959,-4.997386,-1.4792464,-11.133743,-1.7285314,-34.558918,9.142073,36.50232,-17.509527,22.385588,4.399802,14.576468,-4.467379,-0.4973408,-3.323833,1.1820908,0.17469716,0.18715596,0.5260458,1.0545039,-0.39428973,0.20032904,-0.11723885,0.75635326,1.101298,-0.6066343,0.7694893,-0.80238414,0.06828937,0.016745806,0.66942155,0.8504332,0.4289541,-0.31798398,0.5516808,0.1609137,0.47807437,0.4944315,0.27338713,-0.47648767,0.49562383,-0.33866358,-0.2638529,-0.70434856,0.57083046,-0.02904801,-0.40842807,0.16139972
QualiSR-Set120/SUPIR/voc_emotic_ava___EMOTIC__COCO_train2014_000000244530.npy.gz,SUPIR,voc_emotic_ava___EMOTIC__COCO_train2014_000000244530.png,../../../mnt/ssd2/29o_rya/datasets/iqa/QualiSR-Set120/sr/SUPIR/voc_emotic_ava___EMOTIC__COCO_train2014_000000244530.png,QualiSR-Set120,voc_emotic_ava___EMOTIC__COCO_train2014_000000244530,SUPIR/voc_emotic_ava___EMOTIC__COCO_train2014_000000244530.png,../../../mnt/ssd2/29o_rya/datasets/iqa/QualiSR-Set120/hr/voc_emotic_ava___EMOTIC__COCO_train2014_000000244530.png,../../../mnt/ssd2/29o_rya/datasets/iqa/QualiSR-Set120/lr/voc_emotic_ava___EMOTIC__COCO_train2014_000000244530.png,train,-10.664249,-9.161669,-6.412514,-7.913251,-20.170973,-5.5845866,-19.492893,-28.866112,3.6733446,-26.498783,65.772575,-16.64802,105.43236,27.27964,-5.039321,13.666748,-1.5607352,-3.8254633,-3.424604,-0.77899635,-0.56230736,-4.497321,-2.0102763,1.8722116,1.1170478,-2.0302763,-0.97274303,-1.8255959,-4.997386,-1.4792464,-11.133743,-1.7285314,-34.558918,9.142073,36.50232,-17.509527,22.385588,4.399802,14.576468,-4.467379,-0.4973408,-3.323833,1.1820908,0.17469716,0.18715596,0.5260458,1.0545039,-0.39428973,0.20032904,-0.11723885,0.75635326,1.101298,-0.6066343,0.7694893,-0.80238414,0.06828937,0.016745806,0.66942155,0.8504332,0.4289541,-0.31798398,0.5516808,0.1609137,0.47807437,0.4944315,0.27338713,-0.47648767,0.49562383,-0.33866358,-0.2638529,-0.70434856,0.57083046,-0.02904801,-0.40842807,0.16139972
QualiSR-Set120/PASD/voc_emotic_ava___EMOTIC__COCO_train2014_000000247190.npy.gz,PASD,voc_emotic_ava___EMOTIC__COCO_train2014_000000247190.png,../../../mnt/ssd2/29o_rya/datasets/iqa/QualiSR-Set120/sr/PASD/voc_emotic_ava___EMOTIC__COCO_train2014_000000247190.png,QualiSR-Set120,voc_emotic_ava___EMOTIC__COCO_train2014_000000247190,PASD/voc_emotic_ava___EMOTIC__COCO_train2014_000000247190.png,../../../mnt/ssd2/29o_rya/datasets/iqa/QualiSR-Set120/hr/voc_emotic_ava___EMOTIC__COCO_train2014_000000247190.png,../../../mnt/ssd2/29o_rya/datasets/iqa/QualiSR-Set120/lr/voc_emotic_ava___EMOTIC__COCO_train2014_000000247190.png,train,12.725024,62.719765,-6.7494717,-3.6559937,-31.78896,130.59676,-31.152222,7.987914,12.101601,0.14310932,-20.046173,-1.4132049,7.1302843,2.788509,-5.1671104,7.7437963,-11.916723,-2.4809868,-1.3464565,9.548351,6.1030197,5.573749,-1.7196031,-8.350823,1.0353272,-7.2897825,-2.3448777,-8.020074,-6.3209853,3.8245325,-45.023727,-45.603287,4.898091,-2.2058942,0.12383008,-2.4257026,-15.404544,1.9876556,7.247017,21.37433,2.1626997,-5.841809,1.1674371,0.21927619,2.273403,-3.3502407,1.6746742,-10.721837,-4.009213,-1.0502341,0.7379297,0.12650084,-2.682708,2.1362596,2.3893108,1.5015867,-1.0070751,-0.41925582,0.37438172,0.6189598,0.077109456,0.3175919,-0.5135492,0.73691404,0.20905209,-0.1908047,0.19512227,0.79961157,0.106333256,-0.7645294,0.38926077,-0.9145812,-0.20603848,-0.1578368,-0.34794974
QualiSR-Set120/RealESRGAN/voc_emotic_ava___EMOTIC__COCO_train2014_000000247190.npy.gz,RealESRGAN,voc_emotic_ava___EMOTIC__COCO_train2014_000000247190.png,../../../mnt/ssd2/29o_rya/datasets/iqa/QualiSR-Set120/sr/RealESRGAN/voc_emotic_ava___EMOTIC__COCO_train2014_000000247190.png,QualiSR-Set120,voc_emotic_ava___EMOTIC__COCO_train2014_000000247190,RealESRGAN/voc_emotic_ava___EMOTIC__COCO_train2014_000000247190.png,../../../mnt/ssd2/29o_rya/datasets/iqa/QualiSR-Set120/hr/voc_emotic_ava___EMOTIC__COCO_train2014_000000247190.png,../../../mnt/ssd2/29o_rya/datasets/iqa/QualiSR-Set120/lr/voc_emotic_ava___EMOTIC__COCO_train2014_000000247190.png,train,12.922566,62.834602,-6.7908225,-3.607579,-31.757738,130.48148,-31.19003,7.995042,12.011326,0.05101776,-20.202072,-1.4564898,7.08566,2.7620716,-5.0621686,7.761655,-12.066093,-2.5301669,-1.4700823,9.579585,6.007164,5.5217566,-1.7117815,-8.217013,1.1216991,-7.2404013,-2.3063478,-8.029278,-6.390178,3.790433,-45.288387,-45.89414,5.183128,-2.0968378,0.0379135,-2.4640517,-15.45464,1.9980416,7.298835,21.251623,2.237589,-5.7624907,1.2360353,0.1888051,2.2999802,-3.2891922,1.7741404,-10.549163,-3.9284897,-1.0268614,0.75352144,-0.034014463,-2.664956,1.9914483,2.358871,1.5824997,-0.9364109,-0.3450038,0.3510514,0.55013746,0.071364105,0.4112413,-0.5583497,0.72251076,0.27067566,-0.20322166,0.2359834,0.88295317,0.18713236,-0.6915235,0.52490044,-0.95120215,-0.025088683,-0.18410122,-0.36079514
QualiSR-Set120/SUPIR/voc_emotic_ava___EMOTIC__COCO_train2014_000000247190.npy.gz,SUPIR,voc_emotic_ava___EMOTIC__COCO_train2014_000000247190.png,../../../mnt/ssd2/29o_rya/datasets/iqa/QualiSR-Set120/sr/SUPIR/voc_emotic_ava___EMOTIC__COCO_train2014_000000247190.png,QualiSR-Set120,voc_emotic_ava___EMOTIC__COCO_train2014_000000247190,SUPIR/voc_emotic_ava___EMOTIC__COCO_train2014_000000247190.png,../../../mnt/ssd2/29o_rya/datasets/iqa/QualiSR-Set120/hr/voc_emotic_ava___EMOTIC__COCO_train2014_000000247190.png,../../../mnt/ssd2/29o_rya/datasets/iqa/QualiSR-Set120/lr/voc_emotic_ava___EMOTIC__COCO_train2014_000000247190.png,train,12.725024,62.719765,-6.7494717,-3.6559937,-31.78896,130.59676,-31.152222,7.987914,12.101601,0.14310932,-20.046173,-1.4132049,7.1302843,2.788509,-5.1671104,7.7437963,-11.916723,-2.4809868,-1.3464565,9.548351,6.1030197,5.573749,-1.7196031,-8.350823,1.0353272,-7.2897825,-2.3448777,-8.020074,-6.3209853,3.8245325,-45.023727,-45.603287,4.898091,-2.2058942,0.12383008,-2.4257026,-15.404544,1.9876556,7.247017,21.37433,2.1626997,-5.841809,1.1674371,0.21927619,2.273403,-3.3502407,1.6746742,-10.721837,-4.009213,-1.0502341,0.7379297,0.12650084,-2.682708,2.1362596,2.3893108,1.5015867,-1.0070751,-0.41925582,0.37438172,0.6189598,0.077109456,0.3175919,-0.5135492,0.73691404,0.20905209,-0.1908047,0.19512227,0.79961157,0.106333256,-0.7645294,0.38926077,-0.9145812,-0.20603848,-0.1578368,-0.34794974
QualiSR-Set120/PASD/voc_emotic_ava___EMOTIC__COCO_val2014_000000020598.npy.gz,PASD,voc_emotic_ava___EMOTIC__COCO_val2014_000000020598.png,../../../mnt/ssd2/29o_rya/datasets/iqa/QualiSR-Set120/sr/PASD/voc_emotic_ava___EMOTIC__COCO_val2014_000000020598.png,QualiSR-Set120,voc_emotic_ava___EMOTIC__COCO_val2014_000000020598,PASD/voc_emotic_ava___EMOTIC__COCO_val2014_000000020598.png,../../../mnt/ssd2/29o_rya/datasets/iqa/QualiSR-Set120/hr/voc_emotic_ava___EMOTIC__COCO_val2014_000000020598.png,../../../mnt/ssd2/29o_rya/datasets/iqa/QualiSR-Set120/lr/voc_emotic_ava___EMOTIC__COCO_val2014_000000020598.png,train,-11.080154,-1.9995852,-11.132396,-14.017915,-1.4477634,19.519342,-21.100883,-7.832242,5.8249664,-11.406244,101.21238,24.863543,-63.358543,0.47941327,17.454895,7.213201,5.2847204,-4.4031305,-5.1971636,-2.08349,-6.9811316,1.2041535,1.1164043,-0.5686531,-0.37278748,-2.144928,-0.94233084,-2.2015777,-2.411623,-1.2718165,-4.1867547,1.1597446,-12.830133,-1.3571954,13.668113,2.1578891,-5.4404726,2.0747705,-49.6253,2.8587046,5.16461,-15.973652,2.0384955,3.1164992,3.467701,0.59059286,3.751974,-0.591603,0.81367195,0.4266261,-1.5761964,1.6332273,0.28230146,-1.6024535,1.2312958,-1.2394496,8.251025,-8.331281,-9.561256,1.4388316,1.012668,0.16508651,0.8266853,-1.2426417,3.8417177,0.9656689,-1.097973,0.32518137,0.046226025,-0.4105355,2.2158582,-0.8261937,0.22385383,-1.2004764,0.020024538
QualiSR-Set120/RealESRGAN/voc_emotic_ava___EMOTIC__COCO_val2014_000000020598.npy.gz,RealESRGAN,voc_emotic_ava___EMOTIC__COCO_val2014_000000020598.png,../../../mnt/ssd2/29o_rya/datasets/iqa/QualiSR-Set120/sr/RealESRGAN/voc_emotic_ava___EMOTIC__COCO_val2014_000000020598.png,QualiSR-Set120,voc_emotic_ava___EMOTIC__COCO_val2014_000000020598,RealESRGAN/voc_emotic_ava___EMOTIC__COCO_val2014_000000020598.png,../../../mnt/ssd2/29o_rya/datasets/iqa/QualiSR-Set120/hr/voc_emotic_ava___EMOTIC__COCO_val2014_000000020598.png,../../../mnt/ssd2/29o_rya/datasets/iqa/QualiSR-Set120/lr/voc_emotic_ava___EMOTIC__COCO_val2014_000000020598.png,train,-11.080154,-1.9995852,-11.132396,-14.017915,-1.4477634,19.519342,-21.100883,-7.832242,5.8249664,-11.406244,101.21238,24.863543,-63.358543,0.47941327,17.454895,7.213201,5.2847204,-4.4031305,-5.1971636,-2.08349,-6.9811316,1.2041535,1.1164043,-0.5686531,-0.37278748,-2.144928,-0.94233084,-2.2015777,-2.411623,-1.2718165,-4.1867547,1.1597446,-12.830133,-1.3571954,13.668113,2.1578891,-5.4404726,2.0747705,-49.6253,2.8587046,5.16461,-15.973652,2.0384955,3.1164992,3.467701,0.59059286,3.751974,-0.591603,0.81367195,0.4266261,-1.5761964,1.6332273,0.28230146,-1.6024535,1.2312958,-1.2394496,8.251025,-8.331281,-9.561256,1.4388316,1.012668,0.16508651,0.8266853,-1.2426417,3.8417177,0.9656689,-1.097973,0.32518137,0.046226025,-0.4105355,2.2158582,-0.8261937,0.22385383,-1.2004764,0.020024538
QualiSR-Set120/SUPIR/voc_emotic_ava___EMOTIC__COCO_val2014_000000020598.npy.gz,SUPIR,voc_emotic_ava___EMOTIC__COCO_val2014_000000020598.png,../../../mnt/ssd2/29o_rya/datasets/iqa/QualiSR-Set120/sr/SUPIR/voc_emotic_ava___EMOTIC__COCO_val2014_000000020598.png,QualiSR-Set120,voc_emotic_ava___EMOTIC__COCO_val2014_000000020598,SUPIR/voc_emotic_ava___EMOTIC__COCO_val2014_000000020598.png,../../../mnt/ssd2/29o_rya/datasets/iqa/QualiSR-Set120/hr/voc_emotic_ava___EMOTIC__COCO_val2014_000000020598.png,../../../mnt/ssd2/29o_rya/datasets/iqa/QualiSR-Set120/lr/voc_emotic_ava___EMOTIC__COCO_val2014_000000020598.png,train,-11.080154,-1.9995852,-11.132396,-14.017915,-1.4477634,19.519342,-21.100883,-7.832242,5.8249664,-11.406244,101.21238,24.863543,-63.358543,0.47941327,17.454895,7.213201,5.2847204,-4.4031305,-5.1971636,-2.08349,-6.9811316,1.2041535,1.1164043,-0.5686531,-0.37278748,-2.144928,-0.94233084,-2.2015777,-2.411623,-1.2718165,-4.1867547,1.1597446,-12.830133,-1.3571954,13.668113,2.1578891,-5.4404726,2.0747705,-49.6253,2.8587046,5.16461,-15.973652,2.0384955,3.1164992,3.467701,0.59059286,3.751974,-0.591603,0.81367195,0.4266261,-1.5761964,1.6332273,0.28230146,-1.6024535,1.2312958,-1.2394496,8.251025,-8.331281,-9.561256,1.4388316,1.012668,0.16508651,0.8266853,-1.2426417,3.8417177,0.9656689,-1.097973,0.32518137,0.046226025,-0.4105355,2.2158582,-0.8261937,0.22385383,-1.2004764,0.020024538
QualiSR-Set120/PASD/voc_emotic_ava___JPEGImages__2008_003883.npy.gz,PASD,voc_emotic_ava___JPEGImages__2008_003883.png,../../../mnt/ssd2/29o_rya/datasets/iqa/QualiSR-Set120/sr/PASD/voc_emotic_ava___JPEGImages__2008_003883.png,QualiSR-Set120,voc_emotic_ava___JPEGImages__2008_003883,PASD/voc_emotic_ava___JPEGImages__2008_003883.png,../../../mnt/ssd2/29o_rya/datasets/iqa/QualiSR-Set120/hr/voc_emotic_ava___JPEGImages__2008_003883.png,../../../mnt/ssd2/29o_rya/datasets/iqa/QualiSR-Set120/lr/voc_emotic_ava___JPEGImages__2008_003883.png,test,0.25702286,-8.785574,-4.614232,-6.1093283,-7.6731257,-5.937004,-10.563238,-4.4345613,-1.2246017,-0.39645863,-1.8800497,0.601635,-1.2386527,-5.9365077,1.9378009,0.55638814,-5.7245235,-0.08605495,-6.297714,1.525671,-3.6022131,-0.51224095,-3.0068228,-2.0928,0.0069105625,-0.7678709,-4.6080675,-7.6142817,-1.1418285,-1.5704434,-2.9718497,-2.1125817,-4.5166445,1.661823,1.1453986,1.3911662,1.1926118,0.38045096,-2.349723,-0.3541233,-1.17993,0.45965958,-3.9772105,2.722435,2.221089,3.1340184,2.1786273,-1.2373713,-2.7837973,-0.29396996,0.8004532,-0.61320376,0.43901864,-2.6754107,0.49673897,1.2828953,2.06569,-0.16085836,-0.81709033,-1.485404,4.4622636,-0.63765514,5.370893,2.8346922,-4.906022,-0.23548059,2.3646245,-1.880123,-0.9081924,1.0477707,-1.6474729,2.0433445,0.24588686,-1.6760273,-1.5732713
QualiSR-Set120/RealESRGAN/voc_emotic_ava___JPEGImages__2008_003883.npy.gz,RealESRGAN,voc_emotic_ava___JPEGImages__2008_003883.png,../../../mnt/ssd2/29o_rya/datasets/iqa/QualiSR-Set120/sr/RealESRGAN/voc_emotic_ava___JPEGImages__2008_003883.png,QualiSR-Set120,voc_emotic_ava___JPEGImages__2008_003883,RealESRGAN/voc_emotic_ava___JPEGImages__2008_003883.png,../../../mnt/ssd2/29o_rya/datasets/iqa/QualiSR-Set120/hr/voc_emotic_ava___JPEGImages__2008_003883.png,../../../mnt/ssd2/29o_rya/datasets/iqa/QualiSR-Set120/lr/voc_emotic_ava___JPEGImages__2008_003883.png,test,0.19260597,-8.721223,-4.742616,-5.7911835,-7.7287483,-5.8995323,-10.711533,-4.382624,-1.431335,-0.4487567,-1.9508638,0.6674645,-1.0821269,-5.91053,1.9368391,0.5956924,-5.743399,-0.1600304,-6.441266,1.607949,-3.7208173,-0.728483,-2.9780703,-2.2948856,0.08559632,-0.7208967,-4.57819,-7.7111187,-1.1974611,-1.5241914,-2.996647,-2.137229,-4.524831,1.6229024,1.1804487,1.4413884,1.1361369,0.42503142,-2.2668788,-0.46035293,-1.0886574,0.43802834,-3.972889,2.909899,2.1828532,3.1115832,2.0637054,-1.2755066,-2.790579,-0.2817938,0.7687204,-0.46938348,0.3243499,-2.7109146,0.4858945,1.3401732,1.9833158,-0.014701217,-0.76599765,-1.5683919,4.520807,-0.6059339,5.237004,2.6443505,-5.0541205,-0.21216719,2.3827548,-1.5783987,-0.9358561,1.0427074,-1.632646,1.9953502,0.20471758,-1.6221715,-1.4729435
QualiSR-Set120/SUPIR/voc_emotic_ava___JPEGImages__2008_003883.npy.gz,SUPIR,voc_emotic_ava___JPEGImages__2008_003883.png,../../../mnt/ssd2/29o_rya/datasets/iqa/QualiSR-Set120/sr/SUPIR/voc_emotic_ava___JPEGImages__2008_003883.png,QualiSR-Set120,voc_emotic_ava___JPEGImages__2008_003883,SUPIR/voc_emotic_ava___JPEGImages__2008_003883.png,../../../mnt/ssd2/29o_rya/datasets/iqa/QualiSR-Set120/hr/voc_emotic_ava___JPEGImages__2008_003883.png,../../../mnt/ssd2/29o_rya/datasets/iqa/QualiSR-Set120/lr/voc_emotic_ava___JPEGImages__2008_003883.png,test,0.25702286,-8.785574,-4.614232,-6.1093283,-7.6731257,-5.937004,-10.563238,-4.4345613,-1.2246017,-0.39645863,-1.8800497,0.601635,-1.2386527,-5.9365077,1.9378009,0.55638814,-5.7245235,-0.08605495,-6.297714,1.525671,-3.6022131,-0.51224095,-3.0068228,-2.0928,0.0069105625,-0.7678709,-4.6080675,-7.6142817,-1.1418285,-1.5704434,-2.9718497,-2.1125817,-4.5166445,1.661823,1.1453986,1.3911662,1.1926118,0.38045096,-2.349723,-0.3541233,-1.17993,0.45965958,-3.9772105,2.722435,2.221089,3.1340184,2.1786273,-1.2373713,-2.7837973,-0.29396996,0.8004532,-0.61320376,0.43901864,-2.6754107,0.49673897,1.2828953,2.06569,-0.16085836,-0.81709033,-1.485404,4.4622636,-0.63765514,5.370893,2.8346922,-4.906022,-0.23548059,2.3646245,-1.880123,-0.9081924,1.0477707,-1.6474729,2.0433445,0.24588686,-1.6760273,-1.5732713
QualiSR-Set120/PASD/voc_emotic_ava___VOC2012__2010_004399.npy.gz,PASD,voc_emotic_ava___VOC2012__2010_004399.png,../../../mnt/ssd2/29o_rya/datasets/iqa/QualiSR-Set120/sr/PASD/voc_emotic_ava___VOC2012__2010_004399.png,QualiSR-Set120,voc_emotic_ava___VOC2012__2010_004399,PASD/voc_emotic_ava___VOC2012__2010_004399.png,../../../mnt/ssd2/29o_rya/datasets/iqa/QualiSR-Set120/hr/voc_emotic_ava___VOC2012__2010_004399.png,../../../mnt/ssd2/29o_rya/datasets/iqa/QualiSR-Set120/lr/voc_emotic_ava___VOC2012__2010_004399.png,train,-6.8138757,26.284071,14.541339,-3.3850782,-15.332351,16.49865,129.2705,-75.89039,-2.142747,-1.4734492,5.896596,29.704775,5.1671247,-34.609753,-8.946688,3.8768628,-2.6029797,-5.2018104,-7.5296993,3.612384,-2.0134935,-3.1362338,-0.61982584,-1.1286298,0.45480013,-5.428322,-2.127275,-2.8292842,-1.7983551,1.7992587,-6.642308,6.2759485,-28.592487,-20.251583,-27.649105,-27.95533,-17.27158,-1.5287862,2.9640214,-13.834651,8.723659,-2.0251522,3.2380877,-0.057574987,-1.0174425,1.5639758,1.8853935,1.1022832,-0.49507236,4.9197755,9.225197,1.4773703,-3.801548,0.45568526,3.2802382,0.86443734,0.08606207,-1.2045952,-0.23762742,-0.74449956,0.38316584,0.35786557,0.46304452,0.022975057,0.5001445,-0.021639451,-0.16304758,0.9046962,0.6521554,-0.0007446408,0.19482684,0.24419636,-0.062348068,0.14272606,-0.15759528
QualiSR-Set120/RealESRGAN/voc_emotic_ava___VOC2012__2010_004399.npy.gz,RealESRGAN,voc_emotic_ava___VOC2012__2010_004399.png,../../../mnt/ssd2/29o_rya/datasets/iqa/QualiSR-Set120/sr/RealESRGAN/voc_emotic_ava___VOC2012__2010_004399.png,QualiSR-Set120,voc_emotic_ava___VOC2012__2010_004399,RealESRGAN/voc_emotic_ava___VOC2012__2010_004399.png,../../../mnt/ssd2/29o_rya/datasets/iqa/QualiSR-Set120/hr/voc_emotic_ava___VOC2012__2010_004399.png,../../../mnt/ssd2/29o_rya/datasets/iqa/QualiSR-Set120/lr/voc_emotic_ava___VOC2012__2010_004399.png,train,-6.8658085,26.579226,14.571757,-3.381998,-15.351404,16.729404,130.21533,-76.15036,-2.1602712,-1.3733063,5.7960863,29.73711,5.130954,-34.645985,-9.006934,3.7182407,-2.5507374,-5.338208,-7.4654865,3.5549295,-2.2027779,-3.0918357,-0.47544432,-1.1369379,0.4699632,-5.4050083,-2.1112866,-2.6117125,-1.7349281,1.8490572,-6.567364,6.0875373,-28.31019,-20.528633,-27.289362,-27.586164,-17.621191,-1.7938461,3.1717694,-14.190067,8.866268,-1.8945031,3.2064896,0.049640894,-0.93769526,1.7520878,2.109669,1.0430281,-0.2966752,5.4503093,10.077241,1.5469067,-4.364352,0.32613266,3.6222243,1.0714846,0.16688764,-1.273764,-0.29159784,-0.8624575,0.43819642,0.36346436,0.4666204,0.11095567,0.746089,-0.037895128,-0.22663084,0.8993578,0.65139484,0.09797013,0.35138404,0.31590018,-0.060347363,0.20634866,0.029761076
QualiSR-Set120/SUPIR/voc_emotic_ava___VOC2012__2010_004399.npy.gz,SUPIR,voc_emotic_ava___VOC2012__2010_004399.png,../../../mnt/ssd2/29o_rya/datasets/iqa/QualiSR-Set120/sr/SUPIR/voc_emotic_ava___VOC2012__2010_004399.png,QualiSR-Set120,voc_emotic_ava___VOC2012__2010_004399,SUPIR/voc_emotic_ava___VOC2012__2010_004399.png,../../../mnt/ssd2/29o_rya/datasets/iqa/QualiSR-Set120/hr/voc_emotic_ava___VOC2012__2010_004399.png,../../../mnt/ssd2/29o_rya/datasets/iqa/QualiSR-Set120/lr/voc_emotic_ava___VOC2012__2010_004399.png,train,-6.8138757,26.284071,14.541339,-3.3850782,-15.332351,16.49865,129.2705,-75.89039,-2.142747,-1.4734492,5.896596,29.704775,5.1671247,-34.609753,-8.946688,3.8768628,-2.6029797,-5.2018104,-7.5296993,3.612384,-2.0134935,-3.1362338,-0.61982584,-1.1286298,0.45480013,-5.428322,-2.127275,-2.8292842,-1.7983551,1.7992587,-6.642308,6.2759485,-28.592487,-20.251583,-27.649105,-27.95533,-17.27158,-1.5287862,2.9640214,-13.834651,8.723659,-2.0251522,3.2380877,-0.057574987,-1.0174425,1.5639758,1.8853935,1.1022832,-0.49507236,4.9197755,9.225197,1.4773703,-3.801548,0.45568526,3.2802382,0.86443734,0.08606207,-1.2045952,-0.23762742,-0.74449956,0.38316584,0.35786557,0.46304452,0.022975057,0.5001445,-0.021639451,-0.16304758,0.9046962,0.6521554,-0.0007446408,0.19482684,0.24419636,-0.062348068,0.14272606,-0.15759528
QualiSR-Set120/PASD/voc_emotic_ava___VOC2012__2012_004043.npy.gz,PASD,voc_emotic_ava___VOC2012__2012_004043.png,../../../mnt/ssd2/29o_rya/datasets/iqa/QualiSR-Set120/sr/PASD/voc_emotic_ava___VOC2012__2012_004043.png,QualiSR-Set120,voc_emotic_ava___VOC2012__2012_004043,PASD/voc_emotic_ava___VOC2012__2012_004043.png,../../../mnt/ssd2/29o_rya/datasets/iqa/QualiSR-Set120/hr/voc_emotic_ava___VOC2012__2012_004043.png,../../../mnt/ssd2/29o_rya/datasets/iqa/QualiSR-Set120/lr/voc_emotic_ava___VOC2012__2012_004043.png,train,13.757092,155.46938,21.614914,5.648481,15.235481,-70.646736,-18.511665,11.0163965,-16.609001,-6.593477,4.494523,3.8959844,-4.7228084,6.678567,-0.5215236,1.5051343,-3.9127557,-0.4399596,-2.8568525,0.82591224,-1.560225,-0.5105928,-0.9317684,-5.4635954,-2.4096541,-2.7014942,-2.6299462,-4.631223,-10.803729,-4.7039003,-56.301537,42.808273,16.074911,-0.17048466,-0.8484382,-2.028623,4.1008115,-1.8262109,1.0898306,-1.6853527,-1.3135331,-2.8650913,-0.93151474,-0.0967257,1.1775237,-0.0030670166,1.471239,0.5652777,0.21960184,-0.9483298,-0.6783543,-0.040017962,-0.3175738,0.31398046,0.44670323,-1.6238122,8.481665,4.651246,4.4115047,-1.4082822,-3.8139377,0.46381116,0.7711069,0.22645563,1.5773916,-1.3791485,-0.2873446,0.965961,-0.0675931,-1.3413367,0.32351017,-0.13263378,-0.41747916,0.4540298,-0.2171048
QualiSR-Set120/RealESRGAN/voc_emotic_ava___VOC2012__2012_004043.npy.gz,RealESRGAN,voc_emotic_ava___VOC2012__2012_004043.png,../../../mnt/ssd2/29o_rya/datasets/iqa/QualiSR-Set120/sr/RealESRGAN/voc_emotic_ava___VOC2012__2012_004043.png,QualiSR-Set120,voc_emotic_ava___VOC2012__2012_004043,RealESRGAN/voc_emotic_ava___VOC2012__2012_004043.png,../../../mnt/ssd2/29o_rya/datasets/iqa/QualiSR-Set120/hr/voc_emotic_ava___VOC2012__2012_004043.png,../../../mnt/ssd2/29o_rya/datasets/iqa/QualiSR-Set120/lr/voc_emotic_ava___VOC2012__2012_004043.png,train,13.791976,155.35019,21.581364,5.5249925,15.134272,-70.43136,-18.613192,11.082335,-16.680935,-6.5599957,4.38686,3.9054027,-4.6820407,6.7201414,-0.53076184,1.4965105,-3.9268653,-0.32651353,-2.8279905,0.8370664,-1.5580773,-0.5558993,-1.0065873,-5.456295,-2.4333715,-2.8031316,-2.6612673,-4.5740376,-10.7902355,-4.6605387,-56.43535,42.82465,16.109377,-0.15775025,-0.8768142,-1.974906,4.090767,-1.8137498,1.1607251,-1.746975,-1.2615242,-2.8795295,-1.0803251,-0.054155827,1.1736134,-0.06055689,1.4477558,0.5807092,0.13247383,-0.90849936,-0.6993702,-0.13704431,-0.28437716,0.3598014,0.4018726,-1.6025635,8.480025,4.6916876,4.4582205,-1.419863,-3.7464151,0.510134,0.7872975,0.21553797,1.6474032,-1.4869648,-0.2860258,0.9693053,-0.07955074,-1.384522,0.41215503,-0.12522045,-0.43158856,0.47069073,-0.17128038
QualiSR-Set120/SUPIR/voc_emotic_ava___VOC2012__2012_004043.npy.gz,SUPIR,voc_emotic_ava___VOC2012__2012_004043.png,../../../mnt/ssd2/29o_rya/datasets/iqa/QualiSR-Set120/sr/SUPIR/voc_emotic_ava___VOC2012__2012_004043.png,QualiSR-Set120,voc_emotic_ava___VOC2012__2012_004043,SUPIR/voc_emotic_ava___VOC2012__2012_004043.png,../../../mnt/ssd2/29o_rya/datasets/iqa/QualiSR-Set120/hr/voc_emotic_ava___VOC2012__2012_004043.png,../../../mnt/ssd2/29o_rya/datasets/iqa/QualiSR-Set120/lr/voc_emotic_ava___VOC2012__2012_004043.png,train,13.757092,155.46938,21.614914,5.648481,15.235481,-70.646736,-18.511665,11.0163965,-16.609001,-6.593477,4.494523,3.8959844,-4.7228084,6.678567,-0.5215236,1.5051343,-3.9127557,-0.4399596,-2.8568525,0.82591224,-1.560225,-0.5105928,-0.9317684,-5.4635954,-2.4096541,-2.7014942,-2.6299462,-4.631223,-10.803729,-4.7039003,-56.301537,42.808273,16.074911,-0.17048466,-0.8484382,-2.028623,4.1008115,-1.8262109,1.0898306,-1.6853527,-1.3135331,-2.8650913,-0.93151474,-0.0967257,1.1775237,-0.0030670166,1.471239,0.5652777,0.21960184,-0.9483298,-0.6783543,-0.040017962,-0.3175738,0.31398046,0.44670323,-1.6238122,8.481665,4.651246,4.4115047,-1.4082822,-3.8139377,0.46381116,0.7711069,0.22645563,1.5773916,-1.3791485,-0.2873446,0.965961,-0.0675931,-1.3413367,0.32351017,-0.13263378,-0.41747916,0.4540298,-0.2171048
