sample_id,sr_method,sr_filename,sr_path,dataset,test_case,rel_path,gt_path,lr_path,set_type,resnet_pca_000,resnet_pca_001,resnet_pca_002,resnet_pca_003,resnet_pca_004,resnet_pca_005,resnet_pca_006,resnet_pca_007,resnet_pca_008,resnet_pca_009,resnet_pca_010,resnet_pca_011,resnet_pca_012,resnet_pca_013,resnet_pca_014,resnet_pca_015,resnet_pca_016,resnet_pca_017,resnet_pca_018,resnet_pca_019,resnet_pca_020,resnet_pca_021,resnet_pca_022,resnet_pca_023,resnet_pca_024,resnet_pca_025,resnet_pca_026,resnet_pca_027,resnet_pca_028,resnet_pca_029,resnet_pca_030,resnet_pca_031,resnet_pca_032,resnet_pca_033,resnet_pca_034,resnet_pca_035,resnet_pca_036,resnet_pca_037,resnet_pca_038,resnet_pca_039,resnet_pca_040,resnet_pca_041,resnet_pca_042,resnet_pca_043,resnet_pca_044,resnet_pca_045,resnet_pca_046,resnet_pca_047,resnet_pca_048,resnet_pca_049,resnet_pca_050,resnet_pca_051,resnet_pca_052,resnet_pca_053,resnet_pca_054,resnet_pca_055,resnet_pca_056,resnet_pca_057,resnet_pca_058,resnet_pca_059,resnet_pca_060,resnet_pca_061,resnet_pca_062,resnet_pca_063,resnet_pca_064,resnet_pca_065,resnet_pca_066,resnet_pca_067,resnet_pca_068,resnet_pca_069,resnet_pca_070,resnet_pca_071,resnet_pca_072,resnet_pca_073,resnet_pca_074
QualiSR-Set120/PASD/1024x768___4962875195.npy.gz,PASD,1024x768___4962875195.png,../../../mnt/ssd2/29o_rya/datasets/iqa/QualiSR-Set120/sr/PASD/1024x768___4962875195.png,QualiSR-Set120,1024x768___4962875195,PASD/1024x768___4962875195.png,../../../mnt/ssd2/29o_rya/datasets/iqa/QualiSR-Set120/hr/1024x768___4962875195.png,../../../mnt/ssd2/29o_rya/datasets/iqa/QualiSR-Set120/lr/1024x768___4962875195.png,train,-0.4635557,1.2235806,0.7625835,0.50290585,1.2008253,-4.4396253,2.6983757,1.0948076,-4.891676,-1.9395708,1.3553919,-0.8719743,1.5415776,1.699965,7.076345,1.2133135,-2.8717904,-3.0700433,0.499404,-0.18360019,-0.0831458,0.2053507,-0.89774895,-0.2501055,0.23516884,-0.2580415,-0.32766086,-0.2456716,-0.6036761,-0.004680693,-0.14422715,0.028931335,0.084201515,-0.004272461,-0.28639466,0.015039742,-0.079080835,-0.030295704,-0.06505868,0.21753883,-0.036701232,0.22704573,0.002109632,0.011339799,0.015778776,0.096962005,-0.12678258,-0.13738123,0.030361973,0.0817547,-0.050922006,-0.024850026,-0.06358276,0.04639989,-0.049604908,-0.06793478,0.049457673,-0.020456612,0.0843053,-0.039236695,-0.17854021,-0.044813037,0.08488298,-0.016210642,0.018229127,-0.034503013,0.002800122,-0.034915507,-0.12885895,-0.06330715,-0.0075484514,-0.06979449,-0.013209522,-0.008672114,-0.03490012
QualiSR-Set120/RealESRGAN/1024x768___4962875195.npy.gz,RealESRGAN,1024x768___4962875195.png,../../../mnt/ssd2/29o_rya/datasets/iqa/QualiSR-Set120/sr/RealESRGAN/1024x768___4962875195.png,QualiSR-Set120,1024x768___4962875195,RealESRGAN/1024x768___4962875195.png,../../../mnt/ssd2/29o_rya/datasets/iqa/QualiSR-Set120/hr/1024x768___4962875195.png,../../../mnt/ssd2/29o_rya/datasets/iqa/QualiSR-Set120/lr/1024x768___4962875195.png,train,-0.59973454,1.388896,1.0330242,0.4013037,1.1933202,-4.076585,2.843406,1.2425934,-4.7673516,-1.9391038,1.4577854,-0.9921824,1.4994671,1.912045,6.6967645,1.1794072,-2.6487815,-3.0850177,0.27708316,-0.24254978,0.070991814,0.2160042,-0.6892911,-0.19723843,0.16741297,-0.2846486,-0.24027014,-0.254357,-0.5949472,-0.10255459,-0.113010675,0.053642325,0.020358816,0.108805,-0.086550236,0.029524446,-0.02968517,0.0015074126,-0.016614228,-0.13578701,0.014251828,-0.19873792,0.02511698,-0.020664841,-0.0034448318,-0.1968245,0.07283913,0.17900427,0.009674616,-0.20079263,-0.04571888,-0.040382504,0.018081993,0.0018592328,0.033232495,0.041747063,-0.0050408337,0.058626235,-0.18342736,0.01991634,0.16992588,-0.109662086,0.014283769,-0.052180596,0.047888577,0.056402475,-0.10664123,0.031615555,0.11751187,0.11771552,0.12048456,0.1727177,0.034517124,-0.021234851,0.09267248
QualiSR-Set120/SUPIR/1024x768___4962875195.npy.gz,SUPIR,1024x768___4962875195.png,../../../mnt/ssd2/29o_rya/datasets/iqa/QualiSR-Set120/sr/SUPIR/1024x768___4962875195.png,QualiSR-Set120,1024x768___4962875195,SUPIR/1024x768___4962875195.png,../../../mnt/ssd2/29o_rya/datasets/iqa/QualiSR-Set120/hr/1024x768___4962875195.png,../../../mnt/ssd2/29o_rya/datasets/iqa/QualiSR-Set120/lr/1024x768___4962875195.png,train,-0.6104256,1.297857,0.69989383,0.486508,1.2147409,-4.429441,2.8135018,1.1838653,-4.966007,-2.0875304,1.4821556,-0.84825504,1.5352042,1.7794518,7.2460747,1.2666719,-2.874784,-3.2850933,0.53767705,-0.136026,0.025408685,0.16096091,-0.95506823,-0.25509703,0.2605553,-0.29977912,-0.34828404,-0.2638646,-0.6326531,-0.0066921413,-0.17288554,-0.05017145,0.07595687,-0.0062751174,-0.30171132,0.043108642,0.015153587,-0.004201431,-0.16349399,0.2786379,-0.008795738,0.15102391,-0.053529687,-0.022932738,-0.029399287,0.18161425,-0.07445262,0.030155942,-0.012143854,0.08421643,-0.013062805,0.001011163,-0.0024422407,-0.08817279,0.03804086,-0.05678466,0.040732622,0.019580454,0.09788211,0.009457275,-0.036311448,0.05106297,-0.03313352,0.051392023,0.016407013,-0.0032419115,0.090633705,0.03558469,0.05221212,-0.032469686,-0.112401724,-0.0871253,-0.019408114,0.05147371,-0.061891332
QualiSR-Set120/PASD/ava_images___101816.npy.gz,PASD,ava_images___101816.png,../../../mnt/ssd2/29o_rya/datasets/iqa/QualiSR-Set120/sr/PASD/ava_images___101816.png,QualiSR-Set120,ava_images___101816,PASD/ava_images___101816.png,../../../mnt/ssd2/29o_rya/datasets/iqa/QualiSR-Set120/hr/ava_images___101816.png,../../../mnt/ssd2/29o_rya/datasets/iqa/QualiSR-Set120/lr/ava_images___101816.png,train,1.3407465,-1.9825732,-0.50057864,1.5196187,-1.0566549,-3.429873,-0.6949176,-1.1883012,-0.7804772,-0.018524919,0.45187128,-0.41598704,-1.077363,0.16226262,-0.8500818,-0.22967198,-0.10622263,1.3773696,0.97003853,0.27917,-1.3615365,-0.9823702,3.4167733,-1.0162164,2.223916,-1.132007,-0.73262787,-0.8739878,-0.51712894,-0.21881503,-1.7624778,0.36718655,-0.24522008,-0.11893332,0.1500939,-0.0013057292,-0.5345542,0.10422963,0.30968952,-0.104567096,-0.011512518,-0.375632,-0.118617035,0.33722746,0.1597282,0.17535841,0.17057613,0.117148325,0.008196212,0.17029586,0.45735258,-0.17376938,0.29021645,-0.33422843,0.62811047,0.0265764,1.522785,0.61276543,-1.1490914,-1.0699047,-0.20159741,-0.28166473,0.2645813,-0.4951178,0.23936807,0.10088736,0.29088056,0.2231986,0.095749855,-0.2560016,-0.4340028,0.097875476,-0.3463096,-0.21971963,-0.03125772
QualiSR-Set120/RealESRGAN/ava_images___101816.npy.gz,RealESRGAN,ava_images___101816.png,../../../mnt/ssd2/29o_rya/datasets/iqa/QualiSR-Set120/sr/RealESRGAN/ava_images___101816.png,QualiSR-Set120,ava_images___101816,RealESRGAN/ava_images___101816.png,../../../mnt/ssd2/29o_rya/datasets/iqa/QualiSR-Set120/hr/ava_images___101816.png,../../../mnt/ssd2/29o_rya/datasets/iqa/QualiSR-Set120/lr/ava_images___101816.png,train,1.53224,-1.5544802,-0.86667705,1.0786513,-1.5129954,-3.3365226,-0.7342615,-1.2165726,-0.85998046,-0.55260646,0.6214317,0.15776348,-0.8595157,-0.0759194,-1.1519701,-0.14668003,0.101270586,1.2857246,1.3122802,0.35271543,-1.0743929,-1.3565676,3.6798117,-1.13489,2.6310952,-1.3758518,-1.0902259,-1.2710202,-0.9953165,-0.52640903,-5.3166375,1.1044377,-0.17358957,0.13266832,-0.034125373,0.46891057,0.30957752,0.5809758,-0.47726074,0.0636909,0.018843204,0.19419013,0.112608835,-0.4295774,-0.10754728,-0.13830154,-0.21676739,-0.120536774,0.23945796,-0.20623033,-0.5416094,0.12153586,-0.29004455,0.46067715,-0.6056421,-0.2538549,-1.7859174,-0.5881145,1.3719863,1.1704587,0.08477353,0.42445582,-0.27870283,0.41254896,-0.23364803,-0.037524015,-0.21767446,-0.17666972,-0.060330123,0.18268207,0.23008046,-0.04479719,0.056986645,0.058330353,-0.041560307
QualiSR-Set120/SUPIR/ava_images___101816.npy.gz,SUPIR,ava_images___101816.png,../../../mnt/ssd2/29o_rya/datasets/iqa/QualiSR-Set120/sr/SUPIR/ava_images___101816.png,QualiSR-Set120,ava_images___101816,SUPIR/ava_images___101816.png,../../../mnt/ssd2/29o_rya/datasets/iqa/QualiSR-Set120/hr/ava_images___101816.png,../../../mnt/ssd2/29o_rya/datasets/iqa/QualiSR-Set120/lr/ava_images___101816.png,train,1.4292896,-1.8600478,-0.65151465,1.3360909,-1.2569827,-3.5191379,-0.6499917,-1.1747614,-0.8624973,-0.12319775,0.51783967,-0.23608439,-1.1530056,-0.02124416,-1.0735736,-0.14846782,-0.16473596,1.5161592,1.054094,0.3960062,-1.3300216,-1.2098646,3.8819957,-1.1404254,2.612399,-1.1484181,-0.808905,-1.0748647,-0.81050444,-0.5548505,-2.9915605,0.5691414,-0.12904681,-0.075240016,0.093091324,0.17028698,-0.369711,0.07331726,0.07406241,0.047366932,-0.041855693,-0.16350318,-0.059387505,0.36931401,0.061851837,0.22794548,0.13324034,0.07432632,-0.069721416,0.1258773,0.1561567,-0.11945282,0.22393134,-0.24894749,0.3103851,0.22459948,1.0935462,0.12893796,-0.8351702,-0.9355942,0.15229845,-0.22766346,0.40379697,-0.3001603,0.089407444,0.01625815,0.107054874,0.074542165,0.124399126,-0.11416778,-0.0052313805,0.033641454,0.14423645,0.0961061,0.14089566
QualiSR-Set120/PASD/ava_images___158174.npy.gz,PASD,ava_images___158174.png,../../../mnt/ssd2/29o_rya/datasets/iqa/QualiSR-Set120/sr/PASD/ava_images___158174.png,QualiSR-Set120,ava_images___158174,PASD/ava_images___158174.png,../../../mnt/ssd2/29o_rya/datasets/iqa/QualiSR-Set120/hr/ava_images___158174.png,../../../mnt/ssd2/29o_rya/datasets/iqa/QualiSR-Set120/lr/ava_images___158174.png,train,-3.9191093,0.533026,5.212478,-4.7892084,-1.3830065,2.7648118,-3.1061816,2.6549044,-0.36203015,3.6977246,3.22295,3.369614,-2.3662052,1.9829508,0.9846771,2.8549676,-2.9550211,2.976292,2.1349182,0.24525227,0.01926285,0.4830193,0.3568464,0.111327864,-0.7731782,-0.29394144,-0.069544345,0.054683506,0.2281912,0.2689638,-0.16515857,-0.37070966,-0.020448118,-0.10020161,0.098290846,-0.4556182,-0.5390589,-0.09179087,0.36259514,-0.41508812,-0.45263523,0.55138516,0.24661009,0.18603943,0.24550834,-0.38154107,0.22189946,0.0636086,0.49510023,0.3791486,0.17760012,-0.089861244,0.019247994,0.47618526,0.7756419,-0.11387506,0.493748,-0.8845626,-0.5881789,0.3338153,0.57966125,0.22925568,1.327605,2.3606422,-0.8795166,-0.15794717,-0.3090763,-0.0124082565,0.14681959,0.17082329,-0.2086547,-0.19588064,-0.07360843,0.022382285,-0.033124916
QualiSR-Set120/RealESRGAN/ava_images___158174.npy.gz,RealESRGAN,ava_images___158174.png,../../../mnt/ssd2/29o_rya/datasets/iqa/QualiSR-Set120/sr/RealESRGAN/ava_images___158174.png,QualiSR-Set120,ava_images___158174,RealESRGAN/ava_images___158174.png,../../../mnt/ssd2/29o_rya/datasets/iqa/QualiSR-Set120/hr/ava_images___158174.png,../../../mnt/ssd2/29o_rya/datasets/iqa/QualiSR-Set120/lr/ava_images___158174.png,train,-4.3856173,0.831527,5.087748,-4.7524204,-1.1392889,3.1596797,-3.1659117,2.9424517,-0.0031207204,4.16233,3.5698223,3.6041524,-2.7607007,1.5837263,1.1003544,3.0770304,-3.2464132,2.6581104,2.0985456,0.031413287,0.25644153,0.08348173,0.2685607,-0.013780713,-0.4574843,0.21867266,-0.37666434,-0.07914749,0.030305266,0.1332766,-0.20947042,0.38369852,0.28174543,0.24696058,0.8625072,-0.15905306,0.08984482,-0.5146959,0.89529383,-0.4123655,-1.1459593,1.329272,-0.31497127,0.12515526,-0.74216115,-0.82937247,1.612155,0.66390216,0.81119084,-0.4354819,0.3002406,0.51082504,-0.24476536,-0.21708588,-1.1656433,-0.3116788,-0.012055812,0.5521995,0.68876344,-0.25120807,0.03281063,-0.34171814,-0.6573429,-1.6390306,0.6135372,0.13031837,0.19457339,0.035685122,-0.23756719,-0.17914559,0.16809015,0.10843614,0.11540711,0.033171084,-0.03699474
QualiSR-Set120/SUPIR/ava_images___158174.npy.gz,SUPIR,ava_images___158174.png,../../../mnt/ssd2/29o_rya/datasets/iqa/QualiSR-Set120/sr/SUPIR/ava_images___158174.png,QualiSR-Set120,ava_images___158174,SUPIR/ava_images___158174.png,../../../mnt/ssd2/29o_rya/datasets/iqa/QualiSR-Set120/hr/ava_images___158174.png,../../../mnt/ssd2/29o_rya/datasets/iqa/QualiSR-Set120/lr/ava_images___158174.png,train,-4.162354,0.2048204,5.7460403,-5.2571898,-1.4272902,3.2759016,-2.9980497,2.6918416,-0.37118077,3.2863107,2.9885242,2.8378155,-2.3462524,1.4220839,0.6411302,2.4349809,-2.8278391,3.091527,2.2292223,1.0601346,-0.49699056,0.39876074,0.31090978,0.0043191016,-0.5499185,-0.29765034,0.036805823,0.110260636,0.10489476,0.27918658,0.28739792,-0.17728953,-0.3979869,-0.34188232,-1.2581927,0.32104647,0.22131151,0.62719774,-1.3887442,1.0251837,1.4735429,-2.0604098,0.20693077,-0.3325899,0.4693531,1.1070552,-2.0357301,-0.80676234,-1.2157387,-0.006190121,-0.44037887,-0.5338801,0.21329385,-0.15136999,0.41492087,0.41769516,-0.47106183,0.20867845,-0.072670475,-0.13174812,-0.5577123,0.094556496,-0.6635561,-0.73024136,0.27831817,-0.008758932,0.14080267,-0.026925206,0.055951536,0.0022118278,0.08054623,0.06837401,-0.055132113,-0.018404279,0.054678634
QualiSR-Set120/PASD/ava_images___18037.npy.gz,PASD,ava_images___18037.png,../../../mnt/ssd2/29o_rya/datasets/iqa/QualiSR-Set120/sr/PASD/ava_images___18037.png,QualiSR-Set120,ava_images___18037,PASD/ava_images___18037.png,../../../mnt/ssd2/29o_rya/datasets/iqa/QualiSR-Set120/hr/ava_images___18037.png,../../../mnt/ssd2/29o_rya/datasets/iqa/QualiSR-Set120/lr/ava_images___18037.png,train,8.764364,2.0688527,3.7285254,2.7697258,-0.016516434,2.9790242,-1.0191532,0.20797299,0.15076923,-0.3108573,-0.68335545,-0.0016874075,0.28632033,-0.8106548,0.44931057,-0.38785475,0.055983156,-1.498975,0.735618,0.6945606,-0.7675313,5.3544965,3.1581635,-0.6126828,-2.093608,1.5024034,-0.42263767,-0.33783838,-0.05378568,-0.18347383,-0.06090404,-0.12787066,0.12762038,-0.17454368,0.11708458,0.12108934,0.010177642,-0.0711692,-0.06594193,0.052181706,-0.019737765,0.0026058257,-0.1376558,0.029781774,0.17780599,-0.10246208,-0.026853606,-0.082321465,-0.0806385,-0.046863742,0.059845343,0.05848302,-0.039346293,-0.04032,-0.009675384,-0.08676264,0.00498973,-0.09942627,-0.020847723,-0.086381495,-0.02102296,-0.08573708,0.063142575,-0.07626997,-0.0565542,0.009591669,-0.086521156,-0.1149385,0.069211245,0.034240577,-0.0227997,-0.09231852,-0.032929383,-0.1378587,-0.027713075
QualiSR-Set120/RealESRGAN/ava_images___18037.npy.gz,RealESRGAN,ava_images___18037.png,../../../mnt/ssd2/29o_rya/datasets/iqa/QualiSR-Set120/sr/RealESRGAN/ava_images___18037.png,QualiSR-Set120,ava_images___18037,RealESRGAN/ava_images___18037.png,../../../mnt/ssd2/29o_rya/datasets/iqa/QualiSR-Set120/hr/ava_images___18037.png,../../../mnt/ssd2/29o_rya/datasets/iqa/QualiSR-Set120/lr/ava_images___18037.png,train,9.44915,2.4944825,4.401325,3.1402476,-0.21490589,3.3881752,-1.1162924,0.31893027,0.12081951,-0.24942261,-0.61402947,0.2530616,0.6055785,-0.66443187,0.48143485,-0.307122,0.12594861,-1.3543658,0.7066285,0.60707086,-0.73535,5.0175176,2.9243176,-0.6686809,-1.8312645,1.4781951,-0.4085907,-0.38873073,-0.123257875,-0.22669435,-0.09542182,0.02684252,-0.04003945,0.06169814,0.27133787,0.3784824,0.09442097,0.11360805,0.01243037,-0.13352622,-0.06638311,-0.042492434,0.078607515,-0.033465415,-0.069680065,-0.089378014,0.10795973,0.08128168,-0.045853496,-0.07686268,-0.04204279,0.1349389,-0.10691424,0.118358776,0.050306097,0.17537157,-0.051886432,0.3744091,-0.20390722,0.3203155,0.37886792,-0.0111184865,-0.13561822,0.23658666,-0.014166266,0.03136435,0.15483503,0.18457371,-0.15847,-0.08816038,0.058032185,0.24986286,-0.07857003,0.37646714,0.11330564
QualiSR-Set120/SUPIR/ava_images___18037.npy.gz,SUPIR,ava_images___18037.png,../../../mnt/ssd2/29o_rya/datasets/iqa/QualiSR-Set120/sr/SUPIR/ava_images___18037.png,QualiSR-Set120,ava_images___18037,SUPIR/ava_images___18037.png,../../../mnt/ssd2/29o_rya/datasets/iqa/QualiSR-Set120/hr/ava_images___18037.png,../../../mnt/ssd2/29o_rya/datasets/iqa/QualiSR-Set120/lr/ava_images___18037.png,train,8.772827,1.9972827,3.5692124,2.656075,0.15096787,2.8861659,-0.89542174,0.28914034,0.17031169,-0.4040525,-0.82974917,-0.052457392,0.26931965,-0.86688834,0.45277658,-0.39674103,0.0010252297,-1.5644288,0.7195517,0.69988817,-0.80267036,5.6889477,3.274853,-0.58974314,-2.2066917,1.6277317,-0.5765213,-0.3759149,-0.09538025,-0.21988529,0.015707254,-0.11036627,0.1630618,-0.14253551,0.10098161,0.041512847,-0.060189724,-0.08493592,-0.039582938,0.07752761,-0.03177631,0.03604573,-0.155188,0.006081596,0.16544598,0.048760552,-0.013047561,-0.09637399,-0.09052454,0.06832127,-0.002046898,0.020448625,0.011324242,-0.075443186,-0.110642195,-0.22024617,0.03070671,-0.20820059,0.19009496,-0.1962683,-0.22183935,0.0151963085,-0.03417045,-0.15971528,0.0068644583,-0.012673736,-0.07340146,-0.0019599795,0.10730016,0.107704714,0.005789727,-0.16411012,0.08835943,-0.29564512,-0.101384774
QualiSR-Set120/PASD/ava_images___217590.npy.gz,PASD,ava_images___217590.png,../../../mnt/ssd2/29o_rya/datasets/iqa/QualiSR-Set120/sr/PASD/ava_images___217590.png,QualiSR-Set120,ava_images___217590,PASD/ava_images___217590.png,../../../mnt/ssd2/29o_rya/datasets/iqa/QualiSR-Set120/hr/ava_images___217590.png,../../../mnt/ssd2/29o_rya/datasets/iqa/QualiSR-Set120/lr/ava_images___217590.png,test,4.1709166,0.5224571,1.7097226,1.990706,-0.07030901,0.16122961,-0.5996204,0.53069025,-0.56167316,0.07229309,-0.14502013,-0.10915816,0.08560282,-0.088769816,-0.40038145,-0.057991993,0.03476721,-0.04268521,0.17023526,0.35645905,-0.33561662,0.73262423,0.61621386,-0.14642997,-0.7151077,0.42719817,-0.14443475,0.09045842,0.21391118,0.18079156,-0.20871302,0.28131226,0.34706795,-0.57450694,-0.016879007,0.07562491,0.014594018,0.07272977,-0.27558264,-0.07601598,-0.17535871,-0.14854401,-0.21235083,-0.48183978,0.12471611,-0.059229385,0.005024828,-0.23826987,-0.16387832,-0.058762223,-0.02426289,0.21850301,0.12349888,-0.046999186,0.06087224,-0.22038147,-0.08927693,-0.5460969,0.15129702,-0.13363937,-0.3328216,-0.22524172,0.44021583,0.106379,0.028394401,-0.103064425,-0.28945583,-0.61186594,-0.2024507,0.052757967,-0.1687018,-0.43153495,0.15539949,-0.47944796,0.07777612
QualiSR-Set120/RealESRGAN/ava_images___217590.npy.gz,RealESRGAN,ava_images___217590.png,../../../mnt/ssd2/29o_rya/datasets/iqa/QualiSR-Set120/sr/RealESRGAN/ava_images___217590.png,QualiSR-Set120,ava_images___217590,RealESRGAN/ava_images___217590.png,../../../mnt/ssd2/29o_rya/datasets/iqa/QualiSR-Set120/hr/ava_images___217590.png,../../../mnt/ssd2/29o_rya/datasets/iqa/QualiSR-Set120/lr/ava_images___217590.png,test,4.3137383,0.64885306,2.038756,2.088342,-0.18308666,0.52034116,-0.5645523,0.6430573,-0.46751356,0.04544924,-0.20050287,-0.06149125,0.21669692,-0.103941105,-0.4679125,0.011246432,0.15013945,-0.15340114,0.11201675,0.38598934,-0.3058912,0.7063368,0.5638074,-0.25814438,-0.6020839,0.36915785,-0.07975252,0.021088481,0.17386591,0.23818651,-0.25290257,0.34945965,0.36872584,-0.3613102,-0.0015129149,0.10463187,0.08851528,0.17025606,-0.2999867,-0.06403422,-0.16504627,-0.23224379,-0.25448292,-0.30537185,0.025879845,0.031013858,0.15791872,-0.20682244,-0.16912384,-0.05519469,0.048513234,0.18287298,0.083488256,-0.0356419,-0.0781624,-0.02472213,-0.1554214,-0.44383273,0.14615484,0.02176693,-0.22765417,-0.2975834,0.3848946,0.13813545,-0.16633609,-0.14292637,-0.11269511,-0.35065907,-0.14303714,0.045557406,0.028453633,-0.41595477,0.057433084,-0.38829076,0.21634436
QualiSR-Set120/SUPIR/ava_images___217590.npy.gz,SUPIR,ava_images___217590.png,../../../mnt/ssd2/29o_rya/datasets/iqa/QualiSR-Set120/sr/SUPIR/ava_images___217590.png,QualiSR-Set120,ava_images___217590,SUPIR/ava_images___217590.png,../../../mnt/ssd2/29o_rya/datasets/iqa/QualiSR-Set120/hr/ava_images___217590.png,../../../mnt/ssd2/29o_rya/datasets/iqa/QualiSR-Set120/lr/ava_images___217590.png,test,4.252868,0.6174481,1.9225527,2.007348,-0.1230285,0.3369956,-0.62665516,0.5877551,-0.48710114,0.07971099,-0.17176205,-0.065297246,0.12170547,-0.07855224,-0.36026597,-0.0473773,0.088704586,-0.14869106,0.21238752,0.39420432,-0.39731947,0.97381467,0.729909,-0.20190914,-0.7770964,0.5496737,-0.17556652,0.06756982,0.17694485,0.20994161,-0.15405875,0.23883273,0.36466986,-0.5749115,0.009281263,0.08188847,0.014094979,0.051210295,-0.32637843,0.0035502613,-0.13905166,-0.20939943,-0.21545954,-0.43968144,0.15093756,0.012881231,0.04327012,-0.18627146,-0.13852611,-0.099976316,0.019644648,0.19942051,0.13980852,-0.048978344,-0.010252595,-0.28888956,-0.008350557,-0.6876768,0.17850839,-0.16507164,-0.45846844,-0.24488717,0.56803894,0.047934767,-0.036770493,-0.15931025,-0.23887993,-0.55608815,-0.18451837,0.017990518,-0.12418696,-0.4357202,0.15600078,-0.41218123,0.14655018
QualiSR-Set120/PASD/ava_images___251530.npy.gz,PASD,ava_images___251530.png,../../../mnt/ssd2/29o_rya/datasets/iqa/QualiSR-Set120/sr/PASD/ava_images___251530.png,QualiSR-Set120,ava_images___251530,PASD/ava_images___251530.png,../../../mnt/ssd2/29o_rya/datasets/iqa/QualiSR-Set120/hr/ava_images___251530.png,../../../mnt/ssd2/29o_rya/datasets/iqa/QualiSR-Set120/lr/ava_images___251530.png,train,8.4978285,2.8711028,-9.992068,-7.0773315,-0.82241213,1.5862672,-2.7908342,5.307422,-3.8761632,-0.045309152,-0.53118473,-0.19219208,-0.72313,0.90018076,-0.50923187,-0.47507915,-0.6291965,0.12090659,-0.6482395,-0.32460207,0.78913313,-1.0363164,-0.37775487,0.452698,0.7749125,-0.023440361,-0.67346704,0.5974647,0.25088096,-0.103135854,0.73660004,-0.3743624,-1.9765152,-3.589158,2.1844566,2.6105657,0.24412507,1.2122076,-0.16735837,0.2512883,0.3379397,0.4288438,-0.097254835,0.06970669,0.026987411,0.18946171,0.23690678,-0.3846977,0.24306458,0.019524768,0.24845342,0.40072146,0.29248616,-0.5982927,-0.02268362,-0.09275985,-0.05523338,0.022673994,0.06230162,0.15433964,0.01802127,-0.02693975,0.059452765,0.09863177,-0.00022059679,-0.022244215,0.004455343,0.15438288,0.09347916,0.079989836,-0.05116579,-0.04881118,-0.06464675,-0.22177033,0.1537996
QualiSR-Set120/RealESRGAN/ava_images___251530.npy.gz,RealESRGAN,ava_images___251530.png,../../../mnt/ssd2/29o_rya/datasets/iqa/QualiSR-Set120/sr/RealESRGAN/ava_images___251530.png,QualiSR-Set120,ava_images___251530,RealESRGAN/ava_images___251530.png,../../../mnt/ssd2/29o_rya/datasets/iqa/QualiSR-Set120/hr/ava_images___251530.png,../../../mnt/ssd2/29o_rya/datasets/iqa/QualiSR-Set120/lr/ava_images___251530.png,train,8.15441,2.798345,-8.152172,-5.919588,-0.14225799,1.6845009,-2.6793592,4.448158,-3.4242876,-0.112122476,-0.8958272,-0.8836896,-0.32601926,0.22117054,-0.9428884,-1.0297793,-0.37225562,0.34643683,-0.55514956,-0.296269,0.32842314,-0.3343055,-0.17873882,0.1428298,0.117987305,0.2826193,-0.90218425,0.4131629,0.16973722,-0.06000048,-0.0522843,0.14866908,1.1543205,1.222132,-0.8220017,-0.8921512,0.31594175,0.32446578,0.5059421,-0.6405872,0.077768564,-0.3265255,0.021447815,-1.4963331,-1.9835807,-0.9813162,-1.1369734,0.86560917,0.58727026,-0.27678424,-0.6614232,-1.7254632,-0.7199627,1.6022203,0.098578244,0.43841833,0.74403095,-0.081798375,-0.08890341,-0.29090288,-0.3264832,0.027045965,-0.1407669,-0.08180505,0.055551022,-0.08301966,-0.026991501,-0.081195086,-0.107492864,-0.053929556,0.00019809604,0.087423965,0.16559741,0.2968245,-0.14242858
QualiSR-Set120/SUPIR/ava_images___251530.npy.gz,SUPIR,ava_images___251530.png,../../../mnt/ssd2/29o_rya/datasets/iqa/QualiSR-Set120/sr/SUPIR/ava_images___251530.png,QualiSR-Set120,ava_images___251530,SUPIR/ava_images___251530.png,../../../mnt/ssd2/29o_rya/datasets/iqa/QualiSR-Set120/hr/ava_images___251530.png,../../../mnt/ssd2/29o_rya/datasets/iqa/QualiSR-Set120/lr/ava_images___251530.png,train,8.656204,2.497233,-9.289398,-7.420265,-0.48248404,2.4004447,-2.1734467,4.6871014,-3.085123,-0.0023733196,-0.5931358,-0.5523801,-0.19143528,0.46038738,-0.59505767,-1.10724,-0.550336,0.7512144,-0.8393583,-0.18200952,0.67448026,-0.3196258,-0.44287562,0.5298821,0.6469126,0.14660108,-1.1494094,0.32688174,-0.08318442,-0.13321984,-0.38707092,0.52837265,0.872213,2.5825086,-1.4716319,-1.9493773,-0.58580637,-1.3890085,-0.2475737,0.19453895,-0.5112057,-0.22116397,0.18486647,1.2073816,1.9091986,0.5409216,0.6722942,-0.4823615,-0.8163986,0.34403604,0.33031356,1.0913348,0.44310364,-0.94747984,-0.06765497,-0.2921429,-0.5455794,0.08985385,-0.02723281,0.07307845,0.32729134,0.01767528,0.05890829,-0.030494709,-0.01753366,0.069143265,0.026062563,-0.15401533,-0.03694588,-0.058098633,0.07429689,0.024761278,-0.07298793,0.10339512,-0.10561505
QualiSR-Set120/PASD/ava_images___253900.npy.gz,PASD,ava_images___253900.png,../../../mnt/ssd2/29o_rya/datasets/iqa/QualiSR-Set120/sr/PASD/ava_images___253900.png,QualiSR-Set120,ava_images___253900,PASD/ava_images___253900.png,../../../mnt/ssd2/29o_rya/datasets/iqa/QualiSR-Set120/hr/ava_images___253900.png,../../../mnt/ssd2/29o_rya/datasets/iqa/QualiSR-Set120/lr/ava_images___253900.png,train,0.5259155,7.0644946,0.3111583,-1.3273957,3.5581882,0.17744684,-2.3177564,-4.0443726,4.9160156,-0.29209507,1.6718285,-3.5225143,-3.8048074,-3.016407,0.3615544,-0.52333975,-2.9098587,-2.447669,-0.5049375,0.7769319,0.8193014,-1.5110424,-0.50042486,0.9617423,0.7411939,-2.0193043,-0.47909304,0.46600786,0.314862,-0.07591951,-0.30327922,-0.20772366,-0.27438533,-1.2103896,0.4701537,-0.050335467,-1.3519816,-1.3657498,-0.6643795,-0.10152285,-0.06700155,0.27427804,-0.5768707,-1.0429285,1.9619428,-1.9450966,-0.6990958,0.10357554,-1.3061275,-0.9923348,0.2407835,0.21590562,-1.1784598,0.84896743,-0.11286521,-0.6103209,0.36987564,-0.09373091,-0.37060893,0.15181461,0.1296749,-0.03468001,-0.28526866,-0.23720439,-0.0979763,-0.08576085,-0.103395134,0.016349614,0.08615476,-0.019865435,0.030597255,0.0562871,-0.009642586,0.07216789,-0.014080845
QualiSR-Set120/RealESRGAN/ava_images___253900.npy.gz,RealESRGAN,ava_images___253900.png,../../../mnt/ssd2/29o_rya/datasets/iqa/QualiSR-Set120/sr/RealESRGAN/ava_images___253900.png,QualiSR-Set120,ava_images___253900,RealESRGAN/ava_images___253900.png,../../../mnt/ssd2/29o_rya/datasets/iqa/QualiSR-Set120/hr/ava_images___253900.png,../../../mnt/ssd2/29o_rya/datasets/iqa/QualiSR-Set120/lr/ava_images___253900.png,train,0.60950106,7.5552335,1.3188539,-1.5889373,3.893018,1.6232669,-2.03662,-3.3669517,4.8459916,-0.7522335,1.6021233,-3.4256115,-2.938174,-3.028406,0.5184308,-0.05731472,-2.6832073,-2.5323524,-0.20779532,0.35065734,1.0109789,-0.55461407,-0.4232598,-0.35962158,1.1143413,-2.4117599,-0.53524435,0.91771173,0.392183,0.15610403,0.15802468,0.5004815,0.22834761,0.9059759,-0.37684074,0.36562878,1.2561183,2.5440063,2.909626,-0.39707842,-0.60776913,-0.43270135,2.2271545,0.85119414,-0.3822923,0.7967002,-0.086408794,-0.7116057,-0.29308906,0.05609058,-0.1539942,0.3514514,-0.08811666,-0.3708557,-0.061872452,0.20174566,0.015423679,-0.17899096,0.2616465,-0.2759969,-0.19419838,-0.25199676,0.003383182,0.12117779,-0.15340528,0.07902813,-0.03265363,-0.046565056,0.02944243,0.045589726,-0.006057769,-0.060118843,0.045097895,-0.11923745,-0.054347903
QualiSR-Set120/SUPIR/ava_images___253900.npy.gz,SUPIR,ava_images___253900.png,../../../mnt/ssd2/29o_rya/datasets/iqa/QualiSR-Set120/sr/SUPIR/ava_images___253900.png,QualiSR-Set120,ava_images___253900,SUPIR/ava_images___253900.png,../../../mnt/ssd2/29o_rya/datasets/iqa/QualiSR-Set120/hr/ava_images___253900.png,../../../mnt/ssd2/29o_rya/datasets/iqa/QualiSR-Set120/lr/ava_images___253900.png,train,1.2409616,7.4042544,0.51778203,-1.7786386,3.7913,1.3313813,-1.8851125,-3.626629,4.624664,-0.66910547,1.242239,-2.7186928,-3.5859258,-3.0566,0.6096374,-0.54905343,-2.7232752,-1.9150498,-0.7751669,0.7493711,0.79636186,-0.104562104,0.038666606,0.44548512,1.0002695,-2.729001,0.0058695674,0.70165235,0.64490366,-0.07669172,-0.049928844,-0.20444353,-0.031051636,0.14140141,0.0138025135,-0.5061111,0.045410037,-1.3063211,-2.1309376,0.43404022,0.880898,0.30043483,-1.5315924,0.22513153,-1.6010394,1.0601195,0.71669286,0.44557643,1.5562434,1.013956,-0.06256029,-0.67709094,1.5241926,-0.50231785,0.22252756,0.5324985,-0.41036183,0.24524763,0.13369133,0.081386656,0.0007657409,0.3032624,0.333532,0.15139595,0.19345278,0.012112409,0.096370235,-0.0044121146,-0.12290543,-0.010475222,-0.048071742,-0.016663257,0.018398754,0.022916798,0.040363967
QualiSR-Set120/PASD/ava_images___273810.npy.gz,PASD,ava_images___273810.png,../../../mnt/ssd2/29o_rya/datasets/iqa/QualiSR-Set120/sr/PASD/ava_images___273810.png,QualiSR-Set120,ava_images___273810,PASD/ava_images___273810.png,../../../mnt/ssd2/29o_rya/datasets/iqa/QualiSR-Set120/hr/ava_images___273810.png,../../../mnt/ssd2/29o_rya/datasets/iqa/QualiSR-Set120/lr/ava_images___273810.png,train,-2.1964955,-3.2656026,4.2890754,-2.8822255,-1.5921732,-0.6121726,-1.1991,2.6396523,-1.9692283,0.7866607,-1.7836332,1.3796268,-3.3010917,-3.647179,1.7959423,-3.5074947,4.0092835,-2.9654932,-0.67258006,-0.9767793,0.287632,-1.1897955,0.525903,0.27465227,-0.68858254,-0.9948033,0.2838015,-0.31591043,-0.040324807,-0.17077506,0.15804256,-0.19668843,-0.0723767,-0.18819883,0.09629266,-0.20179491,-0.49158144,-0.08845672,0.3907129,-0.5272397,-0.27295092,0.07797648,0.24860708,-0.24549088,0.42058054,-0.019799013,-0.6011693,-0.2367087,1.195622,0.17453764,0.26498434,0.56259984,1.3317564,1.0633328,0.7168453,-0.86333716,-0.5659678,-0.38068992,-0.1860431,-0.9938122,0.11889255,-0.021940812,-1.5178914,0.44881108,0.43663552,1.639075,-0.17714518,0.05736643,0.38404638,0.1998113,-0.051656455,-0.0048067346,0.017693624,0.055816013,-0.08407329
QualiSR-Set120/RealESRGAN/ava_images___273810.npy.gz,RealESRGAN,ava_images___273810.png,../../../mnt/ssd2/29o_rya/datasets/iqa/QualiSR-Set120/sr/RealESRGAN/ava_images___273810.png,QualiSR-Set120,ava_images___273810,RealESRGAN/ava_images___273810.png,../../../mnt/ssd2/29o_rya/datasets/iqa/QualiSR-Set120/hr/ava_images___273810.png,../../../mnt/ssd2/29o_rya/datasets/iqa/QualiSR-Set120/lr/ava_images___273810.png,train,-2.6587653,-3.2298973,4.445241,-3.2803981,-1.806341,0.078160524,-1.2315805,3.0858707,-1.7546561,1.1547338,-1.4195739,1.4996221,-2.9801521,-4.360028,1.879956,-3.5133028,3.8801415,-2.8616369,-0.733418,-1.5208149,0.45244753,-1.1119903,0.54862213,0.13855176,-0.6538013,-1.198907,0.017950743,-0.4858053,-0.11398733,-0.35616338,-0.11817542,-0.26265246,0.16438992,0.32294285,0.3307138,-0.0083425045,0.44254905,0.22270387,-0.2081852,0.01646635,0.31345174,0.04270804,-0.1364632,0.26021248,-0.23954898,-0.14552487,0.40383583,0.028436407,-1.0354792,-0.107516035,-0.7247907,-0.019268453,-0.85605943,-0.6283209,-0.47955725,0.55665743,0.8263709,0.9947121,-0.18550505,1.3976805,-0.61215484,1.1476073,1.4451585,-0.23271334,0.04884556,1.2822299,-0.16714343,-0.0061460137,-0.47822443,0.15704618,0.30569026,-0.018950416,-0.026739497,-0.101541325,0.008821651
QualiSR-Set120/SUPIR/ava_images___273810.npy.gz,SUPIR,ava_images___273810.png,../../../mnt/ssd2/29o_rya/datasets/iqa/QualiSR-Set120/sr/SUPIR/ava_images___273810.png,QualiSR-Set120,ava_images___273810,SUPIR/ava_images___273810.png,../../../mnt/ssd2/29o_rya/datasets/iqa/QualiSR-Set120/hr/ava_images___273810.png,../../../mnt/ssd2/29o_rya/datasets/iqa/QualiSR-Set120/lr/ava_images___273810.png,train,-2.650611,-3.4928675,4.5495224,-3.3092759,-1.8846248,0.048434258,-1.2985723,3.0746355,-1.7712457,0.92583215,-1.724671,1.8498406,-3.5503476,-4.383377,2.1240659,-4.0107694,4.480259,-3.4335148,-1.1140753,-1.4760208,0.4344961,-1.2170055,0.79760647,0.33512723,-0.7841624,-1.3451927,0.23733738,-0.38030985,-0.44725585,-0.6096149,0.18302417,0.31055343,-0.112004146,-0.13041896,-0.4463693,0.015576422,0.09493947,0.026487589,-0.08194077,0.3366599,-0.20944813,-0.01440379,-0.19687116,0.065819785,-0.12706313,0.1827378,0.17545792,0.14843844,-0.17551616,-0.019883856,0.3384031,-0.45875013,-0.31345046,-0.35250437,-0.16774276,0.12996627,-0.2514119,-0.5575468,0.2616297,-0.3686394,0.48010278,-0.98261935,0.021385282,-0.17716748,-0.44134465,-2.6365817,0.29095536,-0.054492533,0.093439996,-0.33259228,-0.20343289,-0.017439794,-0.03064857,0.016746804,0.07541336
QualiSR-Set120/PASD/ava_images___295451.npy.gz,PASD,ava_images___295451.png,../../../mnt/ssd2/29o_rya/datasets/iqa/QualiSR-Set120/sr/PASD/ava_images___295451.png,QualiSR-Set120,ava_images___295451,PASD/ava_images___295451.png,../../../mnt/ssd2/29o_rya/datasets/iqa/QualiSR-Set120/hr/ava_images___295451.png,../../../mnt/ssd2/29o_rya/datasets/iqa/QualiSR-Set120/lr/ava_images___295451.png,train,-1.4055355,-2.0032456,1.9583199,-1.957711,0.2189853,-0.7251904,-0.6208554,0.18058617,-0.69224983,0.696003,-1.7405856,-0.38517106,1.9094603,0.32945216,-1.2361912,-2.8221102,-1.3206686,0.45431808,-1.5015303,4.632775,-3.3294885,2.5698056,-2.4974105,3.1414063,2.0242605,-0.98494923,1.4035416,-0.36095622,-1.1153142,0.21243753,-0.5323001,-0.33189368,0.31428325,-1.6152799,0.0879084,-2.2906008,1.0958087,0.9292267,0.39964187,-0.029153787,-0.20082462,0.4887774,-1.0890623,0.8837664,0.2550392,-0.31315356,-0.29251337,-0.055356205,-0.40791002,0.14923017,-0.51957786,-0.08909595,0.056520283,-0.060869254,-0.24897406,-0.016533464,-0.06103859,0.23563117,0.24476565,-0.06379199,-0.021790132,-0.058206588,-0.0051979274,0.0126017,-0.099707216,-0.009758249,0.38366884,0.850714,0.27186996,0.9951496,-0.899644,0.48175853,0.90994406,0.39056015,0.24687278
QualiSR-Set120/RealESRGAN/ava_images___295451.npy.gz,RealESRGAN,ava_images___295451.png,../../../mnt/ssd2/29o_rya/datasets/iqa/QualiSR-Set120/sr/RealESRGAN/ava_images___295451.png,QualiSR-Set120,ava_images___295451,RealESRGAN/ava_images___295451.png,../../../mnt/ssd2/29o_rya/datasets/iqa/QualiSR-Set120/hr/ava_images___295451.png,../../../mnt/ssd2/29o_rya/datasets/iqa/QualiSR-Set120/lr/ava_images___295451.png,train,-2.3572345,-1.8202592,2.4820418,-2.839289,0.17708276,0.6467366,-0.7575061,0.29804802,-0.6360535,0.88708997,-1.6793637,-0.7299422,2.405465,0.1649554,-0.986683,-3.260624,-1.1664358,0.4569527,-1.6750214,4.5732846,-3.4018478,2.7754076,-2.9471846,3.3165092,2.365492,-1.5810621,1.0038376,-0.85853374,-1.1130792,-0.39405292,0.21220008,0.8684101,0.22392349,2.262196,0.32031083,3.5403101,-1.5462039,-1.3227258,-0.33947924,-0.39163718,0.22951189,-0.4013229,1.4513882,-0.75437784,-0.2921913,0.5321143,0.3742795,0.24342127,0.4304302,-0.3440078,0.41808137,0.17324732,-0.4426189,-0.10844489,0.108635366,0.090573385,0.08021693,-0.16122209,-0.07527934,0.1453458,0.008660093,-0.078914165,0.070667006,0.017732065,0.0215123,0.053018242,0.10196526,0.018354177,-0.073702514,0.12110786,-0.09718338,0.055621136,0.16357754,-0.0010522269,0.0773108
QualiSR-Set120/SUPIR/ava_images___295451.npy.gz,SUPIR,ava_images___295451.png,../../../mnt/ssd2/29o_rya/datasets/iqa/QualiSR-Set120/sr/SUPIR/ava_images___295451.png,QualiSR-Set120,ava_images___295451,SUPIR/ava_images___295451.png,../../../mnt/ssd2/29o_rya/datasets/iqa/QualiSR-Set120/hr/ava_images___295451.png,../../../mnt/ssd2/29o_rya/datasets/iqa/QualiSR-Set120/lr/ava_images___295451.png,train,-0.9077282,-1.9550399,1.6499702,-1.3028123,0.27991372,-1.0937303,-0.35080907,-0.026187286,-0.65746325,0.6354202,-1.3890431,-0.62074697,1.7238598,0.44463843,-1.1827189,-2.3616872,-1.3882406,0.49409848,-1.3488051,3.7196684,-2.854284,2.1484923,-2.0598147,2.8526773,1.5680354,-0.9437156,1.2353694,-0.40430394,-0.8485981,-0.04558128,-0.20231324,0.002352357,0.07941316,-1.2439157,0.10709275,-1.4752235,0.56961304,0.6885673,0.53784895,0.19032916,-0.22179149,0.32583308,-0.64669603,0.058944926,0.0025716946,-0.34679973,-0.025222525,-0.12525865,-0.0042219907,0.1698075,-0.01370053,-0.069239914,0.269327,0.04737267,0.14690615,0.190932,0.06309642,-0.15062818,-0.021242425,-0.11396472,-0.03785628,0.15090318,-0.16192505,0.012408521,0.077946275,-0.03298506,-0.52739406,-0.97588766,-0.19512254,-1.3455116,1.160704,-0.6918122,-1.2947862,-0.51949483,-0.3491798
QualiSR-Set120/PASD/ava_images___308473.npy.gz,PASD,ava_images___308473.png,../../../mnt/ssd2/29o_rya/datasets/iqa/QualiSR-Set120/sr/PASD/ava_images___308473.png,QualiSR-Set120,ava_images___308473,PASD/ava_images___308473.png,../../../mnt/ssd2/29o_rya/datasets/iqa/QualiSR-Set120/hr/ava_images___308473.png,../../../mnt/ssd2/29o_rya/datasets/iqa/QualiSR-Set120/lr/ava_images___308473.png,train,-2.4429495,7.1581264,-0.5279945,-0.7300681,4.8549843,-1.6931999,1.010882,-2.7380438,-0.011127412,2.4693923,-3.50483,1.9260135,-0.18580723,0.9217656,2.91051,-1.3922783,2.0247307,4.73361,-2.0593078,-3.6903572,-1.43478,1.3092754,0.09928574,-0.21518148,0.8179573,0.7817831,0.56250143,-0.43365625,-0.20783854,0.08312252,-0.007678896,-0.23337604,-0.47666,-0.17427441,0.23383428,0.20721227,0.28824812,-0.44541174,0.037290975,0.09733915,-0.10346544,-0.044485062,0.577105,-0.5731365,0.5222188,-0.25428325,0.40977556,-0.2670943,0.14183912,2.6135917,-0.9280175,-0.81037176,-0.62516755,-0.24922486,-0.09759185,-0.55031526,-0.040681124,0.058526784,-0.25482124,-0.10921443,0.12673709,-0.2993695,-0.4041625,-0.83195084,-1.5120865,0.31944993,-0.4685766,-0.31480283,0.024994135,0.17792623,0.013151616,-0.04280578,0.08370084,0.07966435,0.022185788
QualiSR-Set120/RealESRGAN/ava_images___308473.npy.gz,RealESRGAN,ava_images___308473.png,../../../mnt/ssd2/29o_rya/datasets/iqa/QualiSR-Set120/sr/RealESRGAN/ava_images___308473.png,QualiSR-Set120,ava_images___308473,RealESRGAN/ava_images___308473.png,../../../mnt/ssd2/29o_rya/datasets/iqa/QualiSR-Set120/hr/ava_images___308473.png,../../../mnt/ssd2/29o_rya/datasets/iqa/QualiSR-Set120/lr/ava_images___308473.png,train,-1.571058,5.9916177,0.06551477,-0.7373277,4.6413565,-2.104503,0.66898537,-2.7138882,0.2741329,2.2550776,-3.1351066,1.6234643,-0.034745455,0.9019096,2.3648794,-1.3828825,1.660979,4.1120205,-1.9321826,-3.5300796,-1.08621,1.2693257,0.19293743,-0.47242826,0.78590345,0.60086566,0.04494229,-0.015196651,0.05517727,-0.14089215,0.25500116,-0.078917906,-0.0338915,-0.005081594,0.19212262,0.072568536,-0.32993853,0.5019736,0.3541078,-0.07392968,-0.6711019,-0.41006362,0.009477079,-0.0463019,0.5675705,-0.17653675,0.23360562,0.19652484,-0.12705937,0.16985218,0.017056793,-0.32193148,-0.19274418,0.006513588,0.105804116,0.2470284,-0.25198182,-0.48574847,-0.11267573,0.4224719,-0.08732326,0.88980466,0.038704038,0.75325656,2.7064753,-0.5774162,0.56415766,0.66252023,0.07344049,-0.3009999,0.007818699,0.094507664,-0.18133895,0.16000712,0.007242888
QualiSR-Set120/SUPIR/ava_images___308473.npy.gz,SUPIR,ava_images___308473.png,../../../mnt/ssd2/29o_rya/datasets/iqa/QualiSR-Set120/sr/SUPIR/ava_images___308473.png,QualiSR-Set120,ava_images___308473,SUPIR/ava_images___308473.png,../../../mnt/ssd2/29o_rya/datasets/iqa/QualiSR-Set120/hr/ava_images___308473.png,../../../mnt/ssd2/29o_rya/datasets/iqa/QualiSR-Set120/lr/ava_images___308473.png,train,-2.2572355,7.06535,-0.40404436,-1.6187513,4.6914506,-2.0518327,0.7650604,-2.4762294,0.43349737,1.8315284,-3.683745,2.1246135,0.18844992,0.9318053,2.4569445,-1.9716655,1.7964766,4.4508047,-1.6450809,-3.0614693,-0.93457633,0.96787256,0.12911868,-0.40056056,0.5178592,1.1168827,-0.3042698,-0.1481894,-0.34006572,-0.5040777,-0.061783373,-0.1895143,0.39156073,-0.11627197,-0.45759752,-0.14992642,0.3251403,0.051333543,-0.50125575,0.10953651,0.32523325,0.0972877,-0.46391737,0.4298315,-0.99327165,0.46289542,-0.69730324,0.061737254,-0.12255188,-2.983982,0.85830843,1.4238012,0.80012727,0.4295979,-0.051759735,0.26578125,0.2420042,0.43789127,0.3823108,-0.28398407,-0.084637806,-0.5336757,0.37041515,0.16969782,-0.97384167,0.17898151,-0.054604888,-0.30138248,-0.16924489,0.120151356,0.013441533,0.01792321,0.07404364,-0.16242354,-0.007462725
QualiSR-Set120/PASD/ava_images___321917.npy.gz,PASD,ava_images___321917.png,../../../mnt/ssd2/29o_rya/datasets/iqa/QualiSR-Set120/sr/PASD/ava_images___321917.png,QualiSR-Set120,ava_images___321917,PASD/ava_images___321917.png,../../../mnt/ssd2/29o_rya/datasets/iqa/QualiSR-Set120/hr/ava_images___321917.png,../../../mnt/ssd2/29o_rya/datasets/iqa/QualiSR-Set120/lr/ava_images___321917.png,train,2.2897496,-1.2642971,-1.9733158,0.050117075,3.2703424,-1.8219819,0.3067972,1.8981174,2.569962,-0.30463037,0.5867193,0.09221572,-0.28299934,0.25446594,0.13273492,1.4772568,1.3737805,-0.12763137,1.8774762,0.07940502,-1.0817373,-0.4031566,-0.15770535,-1.1045856,-1.377501,-1.1272247,6.196824,-1.3186523,0.16069525,0.5140183,-0.07337721,-0.23976861,-0.15483505,-0.44210926,0.30352634,0.36716413,-0.084324464,-0.013161872,0.14251359,-0.002456233,-0.032839417,0.06152977,0.18990664,-0.088753566,0.056542642,-0.11007324,0.0114965215,0.007857427,-0.3046867,-0.0689327,-0.073563516,0.1458816,0.10770679,-0.1946601,0.1484406,-0.020485967,0.13033266,-0.16486321,-0.1074775,-0.2385174,0.19033639,0.07961665,0.044838965,-0.05460871,-0.12244961,-0.04080063,0.06913872,-0.3896625,-0.51384336,0.070094556,0.245313,0.15199548,-0.015930306,0.61287135,-0.5371227
QualiSR-Set120/RealESRGAN/ava_images___321917.npy.gz,RealESRGAN,ava_images___321917.png,../../../mnt/ssd2/29o_rya/datasets/iqa/QualiSR-Set120/sr/RealESRGAN/ava_images___321917.png,QualiSR-Set120,ava_images___321917,RealESRGAN/ava_images___321917.png,../../../mnt/ssd2/29o_rya/datasets/iqa/QualiSR-Set120/hr/ava_images___321917.png,../../../mnt/ssd2/29o_rya/datasets/iqa/QualiSR-Set120/lr/ava_images___321917.png,train,2.8344607,-0.3603027,-2.7576718,-0.9267981,3.7407677,-0.89719737,-0.0008800812,2.5381074,2.60795,-0.671606,0.69682276,0.2572878,-0.020721257,0.33376318,0.18412998,1.4486291,1.5543382,0.1414913,1.8080468,-0.15919106,-0.81570756,-0.57228124,-0.36162537,-1.2918293,-1.2126478,-0.97302735,5.7587013,-1.3588469,-0.029142022,0.26096785,-0.37077406,0.10188886,0.58525205,0.8252043,-0.252285,-0.2893016,0.22267109,-0.12270327,-0.087047815,0.062086105,0.15472862,-0.048650637,-0.21076255,-0.0688611,-0.21504098,-0.21680564,-0.0020825118,0.14584942,0.093569435,-0.019495204,0.10136111,-0.062060416,-0.5223445,0.107481524,-0.08567378,-0.19634071,-0.068152,0.25342682,0.093279585,0.23805752,-0.13709845,-0.12542802,-0.15525915,0.053648476,0.24237975,0.0016652197,-0.14635833,0.4429615,0.66168165,0.31158024,-0.45629677,-0.7300181,-0.20691003,-1.9955566,0.79789937
QualiSR-Set120/SUPIR/ava_images___321917.npy.gz,SUPIR,ava_images___321917.png,../../../mnt/ssd2/29o_rya/datasets/iqa/QualiSR-Set120/sr/SUPIR/ava_images___321917.png,QualiSR-Set120,ava_images___321917,SUPIR/ava_images___321917.png,../../../mnt/ssd2/29o_rya/datasets/iqa/QualiSR-Set120/hr/ava_images___321917.png,../../../mnt/ssd2/29o_rya/datasets/iqa/QualiSR-Set120/lr/ava_images___321917.png,train,2.8005805,-1.2579788,-2.7908733,-0.38703513,3.9022658,-1.3840128,0.3158921,2.54938,2.7845879,-0.47038698,0.67307854,0.07836193,-0.13132092,0.10898509,0.1934534,1.7639909,1.635896,-0.27127546,2.146552,0.117778525,-1.0690374,-0.26108637,-0.24447487,-1.3525524,-1.3359139,-1.2192119,6.6245317,-1.493081,-0.03698343,0.4370831,-0.17118996,-0.16343014,-0.041489527,0.11521739,0.046722606,0.09499127,-0.082203835,0.031814862,0.037402675,-0.11520633,0.08245841,0.2605186,0.018432952,-0.02439101,0.1195622,0.43404374,-0.0011944175,0.110199675,-0.102563746,-0.19927056,0.0077939034,0.13315906,0.28226817,-0.046713896,-0.12044445,0.16405225,-0.05393164,-0.21903393,0.011658683,-0.06533152,-0.09026684,-0.019510254,0.1455004,-0.0060275756,-0.035187244,0.060673326,0.1336536,-0.011045814,-0.15463981,-0.32028514,0.18614207,0.46019685,0.19144875,1.2499287,-0.22911513
QualiSR-Set120/PASD/ava_images___360165.npy.gz,PASD,ava_images___360165.png,../../../mnt/ssd2/29o_rya/datasets/iqa/QualiSR-Set120/sr/PASD/ava_images___360165.png,QualiSR-Set120,ava_images___360165,PASD/ava_images___360165.png,../../../mnt/ssd2/29o_rya/datasets/iqa/QualiSR-Set120/hr/ava_images___360165.png,../../../mnt/ssd2/29o_rya/datasets/iqa/QualiSR-Set120/lr/ava_images___360165.png,train,0.7554101,-1.8232921,0.50476927,0.8694241,-0.18751012,-2.553852,0.080761045,-0.30955285,-0.7496522,0.15630037,-0.15846977,-0.6284313,-0.52876544,0.043508492,-0.37477002,-0.106984586,-0.39738837,0.3252248,0.18040635,0.4797329,-1.2319007,-0.3894447,-0.21678792,0.19073917,-0.28813475,0.979445,0.13054094,0.9196887,5.0793037,-2.6313136,0.0022364408,-0.16632812,0.055645615,-0.12149459,-0.07775052,-0.25400302,0.056301326,0.016744655,0.07493399,0.14167666,-0.051452577,0.15233903,0.16206643,0.07061325,0.06937133,0.12630422,-0.092705816,-0.13173544,-0.00513345,0.013844319,0.1468232,0.06896172,0.0015494972,0.0470891,-0.06766266,0.09444,-0.009372311,-0.0854751,0.09536837,-0.07835662,-0.072514504,-0.018600821,0.04037252,-0.080007225,0.12517443,-0.12780261,0.087217435,-0.05227387,-0.24708313,0.019959103,0.21657246,-0.2517586,-0.077470765,0.38406336,-0.02724497
QualiSR-Set120/RealESRGAN/ava_images___360165.npy.gz,RealESRGAN,ava_images___360165.png,../../../mnt/ssd2/29o_rya/datasets/iqa/QualiSR-Set120/sr/RealESRGAN/ava_images___360165.png,QualiSR-Set120,ava_images___360165,RealESRGAN/ava_images___360165.png,../../../mnt/ssd2/29o_rya/datasets/iqa/QualiSR-Set120/hr/ava_images___360165.png,../../../mnt/ssd2/29o_rya/datasets/iqa/QualiSR-Set120/lr/ava_images___360165.png,train,0.34986132,-1.4797179,1.0287989,0.6483722,-0.11114675,-1.936459,0.12945613,-0.26336595,-0.8160343,0.18517105,0.066616654,-0.46334702,-0.37304157,0.18897206,-0.2044971,-0.05379642,-0.38281515,0.3974978,0.19493198,0.5657325,-1.3358612,-0.717441,-0.8068198,0.29862228,0.10016975,1.2408979,0.34612077,1.0135754,5.7694035,-3.5365646,-0.07066347,-0.066330835,0.10131157,0.42087644,0.35778195,0.19977099,0.38011616,-0.1281141,-0.040331155,0.029371202,-0.020443588,0.09153716,0.09731278,0.14253075,-0.06443454,-0.050011665,0.12295315,0.15817915,-0.102339976,0.03294329,-0.12316647,-0.10229309,-0.11515333,0.015120823,0.09841646,-0.2787049,-0.024735214,0.12271279,-0.046646953,0.19693431,0.1465343,-0.14282268,-0.10014281,0.0001309663,-0.20117888,-0.043177933,-0.060648456,0.28441274,0.28887492,0.11546053,-0.45597616,0.36074722,0.12962015,-0.557979,-0.028574541
QualiSR-Set120/SUPIR/ava_images___360165.npy.gz,SUPIR,ava_images___360165.png,../../../mnt/ssd2/29o_rya/datasets/iqa/QualiSR-Set120/sr/SUPIR/ava_images___360165.png,QualiSR-Set120,ava_images___360165,SUPIR/ava_images___360165.png,../../../mnt/ssd2/29o_rya/datasets/iqa/QualiSR-Set120/hr/ava_images___360165.png,../../../mnt/ssd2/29o_rya/datasets/iqa/QualiSR-Set120/lr/ava_images___360165.png,train,0.7020852,-1.8599346,0.5245622,0.82809865,-0.2120934,-2.5634825,0.14944734,-0.38780016,-0.7068552,0.2115736,-0.028690308,-0.6185527,-0.4811384,0.0905213,-0.27169764,-0.11672655,-0.42807606,0.3149541,0.16068883,0.5826993,-1.3642756,-0.4263994,-0.37743574,0.34371084,-0.18603432,1.1721418,0.19258669,1.0245146,5.841673,-3.2960215,-0.08225264,-0.24944209,0.035723306,0.09314293,0.08680917,-0.059683263,0.23248583,-0.11708552,-0.09452313,0.12324414,0.07323766,0.0071232766,0.21926124,-0.0046425164,0.09442579,0.23082411,-0.06756781,-0.08689238,-0.00054808706,-0.008428849,0.18911412,-0.07974571,0.05265045,0.08818673,-0.22959808,-0.049258888,0.034850128,-0.097684875,0.036341056,0.028785124,-0.09937991,0.12235184,-0.01699125,0.019976687,-0.03741595,0.07400322,-0.004363537,-0.08534947,-0.061647415,-0.11410184,0.24261618,-0.12047359,-0.10340556,0.26473483,0.041205138
QualiSR-Set120/PASD/ava_images___426629.npy.gz,PASD,ava_images___426629.png,../../../mnt/ssd2/29o_rya/datasets/iqa/QualiSR-Set120/sr/PASD/ava_images___426629.png,QualiSR-Set120,ava_images___426629,PASD/ava_images___426629.png,../../../mnt/ssd2/29o_rya/datasets/iqa/QualiSR-Set120/hr/ava_images___426629.png,../../../mnt/ssd2/29o_rya/datasets/iqa/QualiSR-Set120/lr/ava_images___426629.png,test,3.5384805,2.0153508,-2.1147397,-1.4027593,-0.16885263,1.7293866,-1.8793943,1.4691637,-0.9884752,0.30752316,0.1032424,0.6072741,-0.73257554,-0.09419557,-0.24752177,0.5019951,-0.8348552,-0.010614216,-0.010459276,0.948042,-0.4745072,1.3851676,0.49180895,-1.1839615,-0.33267027,0.38082695,0.5519215,-0.46193507,-0.18903315,0.08564654,-0.06852484,0.18113653,-0.49097848,-0.60091716,0.9432063,0.25049412,0.17204192,-0.49003926,-0.5990621,0.026177108,-0.032421768,0.2307247,0.061351374,0.29222083,0.9948404,0.7843511,1.3000478,-0.21239053,0.47382692,0.1362745,0.2349909,0.59663546,-0.16588147,-0.28973755,-0.5129181,-0.49407592,-0.13265885,-0.30657744,-0.24780992,0.15274957,-0.32381392,-0.046613216,0.050654158,-0.31117603,-0.1620954,0.20876595,-0.3659131,-0.011767745,0.6050813,0.25103784,0.032004565,0.2549883,-0.613122,-0.42473742,0.50894964
QualiSR-Set120/RealESRGAN/ava_images___426629.npy.gz,RealESRGAN,ava_images___426629.png,../../../mnt/ssd2/29o_rya/datasets/iqa/QualiSR-Set120/sr/RealESRGAN/ava_images___426629.png,QualiSR-Set120,ava_images___426629,RealESRGAN/ava_images___426629.png,../../../mnt/ssd2/29o_rya/datasets/iqa/QualiSR-Set120/hr/ava_images___426629.png,../../../mnt/ssd2/29o_rya/datasets/iqa/QualiSR-Set120/lr/ava_images___426629.png,test,3.8407288,2.308383,-1.9223799,-1.2210796,-0.0046910066,1.558984,-1.6636227,1.4643476,-0.8855432,0.4707324,0.327034,0.32111412,-0.6769256,-0.17219868,0.030711055,0.16681796,-0.7917439,0.26175663,-0.20477779,0.7123795,-0.47412097,1.1109254,0.34417972,-0.87261325,-0.113248646,-0.014405429,0.24292634,-0.361401,-0.11407733,-0.09023476,-0.13415357,0.23072757,-0.19790839,0.3077249,0.470124,-0.021750033,0.20951557,-0.5017768,-0.59533143,-0.046609715,-0.1422081,0.05290927,0.16270891,0.030976102,0.81536114,0.6431233,1.3442059,-0.034355998,0.510522,0.20625705,0.18633857,0.2901467,0.02462323,-0.27540314,-0.42991784,-0.38020322,-0.058056712,-0.49121934,-0.24230483,0.20147812,-0.43610948,0.28576404,0.011049688,-0.17521885,-0.16256699,0.3202043,-0.15857276,0.14347273,0.6796193,0.19866551,0.18907224,0.09105447,-0.60390615,-0.5210602,0.60797346
QualiSR-Set120/SUPIR/ava_images___426629.npy.gz,SUPIR,ava_images___426629.png,../../../mnt/ssd2/29o_rya/datasets/iqa/QualiSR-Set120/sr/SUPIR/ava_images___426629.png,QualiSR-Set120,ava_images___426629,SUPIR/ava_images___426629.png,../../../mnt/ssd2/29o_rya/datasets/iqa/QualiSR-Set120/hr/ava_images___426629.png,../../../mnt/ssd2/29o_rya/datasets/iqa/QualiSR-Set120/lr/ava_images___426629.png,test,3.4574904,1.6411049,-2.191628,-1.4794018,-0.25033212,1.4795845,-1.862704,1.3317596,-0.8900897,0.27376592,0.00022947788,0.31597203,-0.68157244,-0.014256351,-0.17496523,0.49847937,-0.8269734,0.10477549,0.09224594,0.92372006,-0.5996118,1.337692,0.33791304,-0.91853446,-0.48359543,0.39707157,0.42339304,-0.35150805,-0.22667003,0.065464765,0.009014502,0.23647138,-0.18317138,0.054202497,0.58151186,-0.34066197,-0.11412686,-0.6399201,-0.6818944,0.08728027,-0.2806751,0.027523786,-0.08513044,0.36839277,0.96075374,0.7171718,1.2034844,-0.26070014,0.33483168,-0.1523256,0.37787992,0.41615304,-0.15692784,-0.16053668,-0.6096215,-0.35096171,-0.17430629,-0.47219396,-0.30957186,0.13044712,-0.4334966,-0.06117049,-0.04000935,-0.33851817,-0.22184286,0.3659514,-0.14621568,-0.04669684,0.6930561,0.16751806,0.14936985,0.022262823,-0.590536,-0.70035845,0.71334934
QualiSR-Set120/PASD/ava_images___436880.npy.gz,PASD,ava_images___436880.png,../../../mnt/ssd2/29o_rya/datasets/iqa/QualiSR-Set120/sr/PASD/ava_images___436880.png,QualiSR-Set120,ava_images___436880,PASD/ava_images___436880.png,../../../mnt/ssd2/29o_rya/datasets/iqa/QualiSR-Set120/hr/ava_images___436880.png,../../../mnt/ssd2/29o_rya/datasets/iqa/QualiSR-Set120/lr/ava_images___436880.png,train,-2.8870325,3.4630618,-1.6254297,0.3306796,-0.5904753,-1.8093663,-0.89676106,-0.80329794,-0.16968805,-5.982143,-2.0684376,6.8202972,3.0693414,-2.4595737,-1.1400285,-0.04307052,-0.9507849,0.44490653,2.7709136,0.7345207,2.0765612,-0.06574133,0.6006726,2.1159055,-1.2225776,-0.78594315,-0.2432284,0.43373653,0.13658267,-0.046200722,-0.3014146,-0.2388524,-0.6269372,-0.6810917,0.14483781,0.08392662,0.21615586,-1.5127735,1.5229514,-0.30154467,-0.9180633,-0.19186193,0.50184655,-0.33009422,0.2919643,0.24955827,0.2614211,1.1149292,-1.3757453,-0.60369605,0.6009052,-2.088922,1.4454318,-0.33447978,0.7798197,0.16799445,-0.5337731,-0.15263346,0.41155386,0.44184747,0.07239487,-0.14762318,0.25530538,-0.38285005,-0.09225926,0.3585948,-0.05907412,0.04492867,0.031998515,0.026605677,-0.086912066,-0.16243233,0.08751986,-0.116176456,0.027662858
QualiSR-Set120/RealESRGAN/ava_images___436880.npy.gz,RealESRGAN,ava_images___436880.png,../../../mnt/ssd2/29o_rya/datasets/iqa/QualiSR-Set120/sr/RealESRGAN/ava_images___436880.png,QualiSR-Set120,ava_images___436880,RealESRGAN/ava_images___436880.png,../../../mnt/ssd2/29o_rya/datasets/iqa/QualiSR-Set120/hr/ava_images___436880.png,../../../mnt/ssd2/29o_rya/datasets/iqa/QualiSR-Set120/lr/ava_images___436880.png,train,-3.0006728,4.2933273,-1.1248444,-0.25548792,0.31726873,-2.0688233,-0.7095845,-1.3128779,0.28557485,-5.193834,-2.6039784,5.9282923,2.932105,-1.8216628,-1.2528765,-0.11892618,-0.21286538,0.42569053,3.560152,1.0474029,1.6546631,-0.37727123,0.32179445,1.9462824,-1.6826041,-1.0890795,-0.614462,0.34690887,0.76523894,-0.04555714,0.99701667,1.3121804,0.7343008,1.3487432,-0.041510552,0.098742545,-2.272929,3.585043,-1.346613,-0.09015625,0.70908237,0.806968,-0.9814231,0.5931721,0.44168493,-0.5595569,-0.08787294,-0.046843097,0.6607455,0.36806208,0.2434715,0.124551535,-0.4834757,-0.21667665,-0.20977941,-0.14196762,0.20251673,-0.016432926,-0.07675086,-0.088233635,0.07936777,0.13158745,-0.13971712,-0.20780838,-0.14131966,-0.0033031106,-0.010023519,-0.1780293,0.119577706,0.08520578,0.031858087,0.006911427,0.03074272,0.082845435,-0.14523102
QualiSR-Set120/SUPIR/ava_images___436880.npy.gz,SUPIR,ava_images___436880.png,../../../mnt/ssd2/29o_rya/datasets/iqa/QualiSR-Set120/sr/SUPIR/ava_images___436880.png,QualiSR-Set120,ava_images___436880,SUPIR/ava_images___436880.png,../../../mnt/ssd2/29o_rya/datasets/iqa/QualiSR-Set120/hr/ava_images___436880.png,../../../mnt/ssd2/29o_rya/datasets/iqa/QualiSR-Set120/lr/ava_images___436880.png,train,-2.5264876,2.9956412,-1.4146656,-0.6278627,-1.2288383,-1.5962437,-1.0294619,-1.0132368,0.28502572,-5.9111395,-1.5762489,5.791889,2.9275842,-2.040069,-1.237082,-0.40501574,-0.73621047,0.22746487,2.9251723,1.3447621,1.9026394,-0.46122044,0.6855572,1.6760811,-0.87119627,-1.1700943,-0.3354771,0.24878386,-0.014180958,-0.00812456,-0.24112526,-0.8235859,-0.14618005,-0.56133914,-0.19463283,-0.08648546,2.2462454,-2.1304731,-0.051415116,0.45557526,0.24875098,-0.7511272,0.53703654,-0.28956288,-0.52159715,0.13610886,0.0041781217,-1.1611166,0.8322339,0.45187688,-0.95896745,1.9810212,-1.0838624,0.59037215,-0.6208534,-0.035479426,0.4643902,0.16520885,-0.5584006,-0.40407938,-0.14679243,-0.04506585,-0.1191296,0.52758473,0.38989133,-0.36499494,0.13687871,0.12672418,-0.18166813,-0.14514294,0.08181767,0.17420901,-0.06977326,0.056620874,0.063106045
QualiSR-Set120/PASD/ava_images___46021.npy.gz,PASD,ava_images___46021.png,../../../mnt/ssd2/29o_rya/datasets/iqa/QualiSR-Set120/sr/PASD/ava_images___46021.png,QualiSR-Set120,ava_images___46021,PASD/ava_images___46021.png,../../../mnt/ssd2/29o_rya/datasets/iqa/QualiSR-Set120/hr/ava_images___46021.png,../../../mnt/ssd2/29o_rya/datasets/iqa/QualiSR-Set120/lr/ava_images___46021.png,train,-0.7600987,-2.1241453,0.5912974,-1.0671394,2.0642679,-0.94976485,3.3144896,3.3001115,3.2943347,3.5155506,1.5007014,-0.934605,5.723703,-1.645403,-0.72782886,-4.1237936,-2.628989,0.1844582,0.45445803,-0.34951425,1.1673183,-0.9928449,1.4028671,-1.6642461,-0.54805386,0.39965555,-0.5690069,0.65514505,-0.07646638,0.08252671,0.04601839,-0.60100454,0.25239885,-0.70853865,-0.06393446,-0.6115958,-0.12039176,0.37072083,-0.21353623,0.25173876,0.41006872,0.09580168,0.9799592,-0.4864524,0.45096418,0.0067853592,0.16668743,0.82814884,0.31561774,0.21966486,0.30089843,-0.012057528,0.18947166,-0.05429989,0.118111566,-0.026956111,-0.13258155,-0.052170187,-0.1790325,-0.14886531,0.17607555,0.2866667,0.077913135,0.16543427,0.117753506,-0.16015363,-0.003580466,-0.7019187,-0.39452943,-0.18791336,0.63464534,1.8791155,0.8074707,-1.0040143,0.042751133
QualiSR-Set120/RealESRGAN/ava_images___46021.npy.gz,RealESRGAN,ava_images___46021.png,../../../mnt/ssd2/29o_rya/datasets/iqa/QualiSR-Set120/sr/RealESRGAN/ava_images___46021.png,QualiSR-Set120,ava_images___46021,RealESRGAN/ava_images___46021.png,../../../mnt/ssd2/29o_rya/datasets/iqa/QualiSR-Set120/hr/ava_images___46021.png,../../../mnt/ssd2/29o_rya/datasets/iqa/QualiSR-Set120/lr/ava_images___46021.png,train,-1.2179017,-1.4577608,0.5846693,-1.3015046,1.9096148,-0.4112327,3.8341477,3.2191923,3.4882486,3.4129672,1.8439331,-0.68502045,6.273549,-1.6488644,-0.61810607,-3.6460166,-2.9242907,0.3733138,-0.074349955,-0.93048173,1.373714,-1.4322627,1.5205195,-1.4703795,-0.62826276,0.47594437,-0.3118389,0.4681847,0.015824914,-0.2794001,0.17759511,0.7257969,-0.6687451,0.74794203,0.297086,1.2713726,-0.4843334,-0.86050993,0.38761902,-1.167177,-1.379369,0.085902885,-2.1520498,1.3927026,-1.3646388,-0.21268721,-0.86805683,-2.1955905,-1.027772,0.32752866,-0.30804738,-0.4794941,0.04454504,0.083312504,-0.15822783,-0.17337146,0.03575868,-0.1330636,-0.060998484,0.022940412,0.009905025,-0.034965366,-0.38382986,0.20059505,-0.05277741,0.030177236,0.04505749,-0.0070856214,0.05524963,0.05166856,-0.036369473,-0.27517912,-0.14270364,0.16749465,0.010994121
QualiSR-Set120/SUPIR/ava_images___46021.npy.gz,SUPIR,ava_images___46021.png,../../../mnt/ssd2/29o_rya/datasets/iqa/QualiSR-Set120/sr/SUPIR/ava_images___46021.png,QualiSR-Set120,ava_images___46021,SUPIR/ava_images___46021.png,../../../mnt/ssd2/29o_rya/datasets/iqa/QualiSR-Set120/hr/ava_images___46021.png,../../../mnt/ssd2/29o_rya/datasets/iqa/QualiSR-Set120/lr/ava_images___46021.png,train,-1.0737691,-2.139082,0.58183837,-1.6336715,2.2887325,-0.40577054,3.3993545,3.4211586,3.7864616,3.585205,1.6196544,-0.95982873,6.330089,-1.9300339,-0.9334469,-4.406232,-2.8613036,0.118264616,0.19091089,-0.70251673,1.4104443,-1.0114155,1.4793807,-1.585612,-0.61045414,0.42199183,-1.0039163,0.4589644,-0.13793194,0.19539653,-0.1223726,-0.9144651,0.45838857,-0.480891,-0.12606561,-0.59181345,0.21743384,0.47973445,-0.49358687,0.9176192,0.7546321,0.017178655,1.3168707,-0.8241498,0.74988854,0.16174008,0.5342434,1.2634866,0.6933533,-0.22720458,0.039371267,0.29000816,-0.17629822,-0.0011225715,-0.037450194,0.18373254,-0.025876863,0.1310792,0.22818853,0.056806177,-0.10230641,-0.34387356,0.24372575,-0.32529548,-0.068389565,0.1465837,-0.07566256,0.6586512,0.32058132,0.17373545,-0.58732307,-1.4527147,-0.631886,0.7920583,-0.05157336
QualiSR-Set120/PASD/ava_images___472713.npy.gz,PASD,ava_images___472713.png,../../../mnt/ssd2/29o_rya/datasets/iqa/QualiSR-Set120/sr/PASD/ava_images___472713.png,QualiSR-Set120,ava_images___472713,PASD/ava_images___472713.png,../../../mnt/ssd2/29o_rya/datasets/iqa/QualiSR-Set120/hr/ava_images___472713.png,../../../mnt/ssd2/29o_rya/datasets/iqa/QualiSR-Set120/lr/ava_images___472713.png,test,-1.4296901,-1.8318077,1.4522938,0.08893764,-0.92821413,-0.45577478,0.56003225,1.893659,0.3148989,-0.752838,-0.9885694,-0.44621205,-0.5155904,-0.3205412,0.21935382,-0.36705795,0.6337572,-0.6834887,0.05282455,-1.302916,-0.15655386,0.6102769,-0.77273864,1.0764868,1.6765474,0.32278782,-0.82949996,0.1233224,0.28176737,0.08695969,-0.16886288,-0.6469126,-0.4783367,0.3414927,-0.02856569,0.6158299,-0.43533117,-0.072014585,0.011697307,-0.7677338,1.1337525,-0.02641657,-0.45681393,-0.5276411,0.26413453,0.14047964,-0.4090191,-0.18217418,-0.45739445,-0.22023536,-0.049316347,0.011518717,-0.28626764,0.17817722,-0.41012105,-0.029331446,0.6224445,-0.34599817,0.440908,0.51883316,-0.58298385,0.8772084,0.50206363,0.016031299,-0.23690149,0.99572265,0.68831676,0.32352018,0.22049177,0.044250455,1.1531898,0.09104742,-0.2184604,0.44084042,-0.2931378
QualiSR-Set120/RealESRGAN/ava_images___472713.npy.gz,RealESRGAN,ava_images___472713.png,../../../mnt/ssd2/29o_rya/datasets/iqa/QualiSR-Set120/sr/RealESRGAN/ava_images___472713.png,QualiSR-Set120,ava_images___472713,RealESRGAN/ava_images___472713.png,../../../mnt/ssd2/29o_rya/datasets/iqa/QualiSR-Set120/hr/ava_images___472713.png,../../../mnt/ssd2/29o_rya/datasets/iqa/QualiSR-Set120/lr/ava_images___472713.png,test,-0.79746926,-1.9188304,1.468894,0.61008,-1.173108,-0.5170677,0.2685513,1.7643518,0.63393515,-0.7193938,-0.8388783,-0.28944573,-0.3808264,-0.30227482,-0.41024855,-0.48280874,0.4591928,-0.7297884,-0.27820945,-1.7071681,0.23044604,0.18124229,-0.7969813,1.0835794,1.4610728,0.19489639,-0.8051524,0.1759099,0.35944176,0.302203,-0.14015558,-0.28373927,-0.0593908,0.7577726,0.05572565,1.0698884,-0.0030080974,-0.20852198,-0.05268246,0.12627009,0.75458443,0.065567896,-0.7484352,-0.40344608,0.10073743,0.39721072,0.30117244,0.110151306,-0.77512014,-0.18427359,-0.08394259,-0.31513643,-0.47397858,-0.16425696,-0.8177067,0.17102674,1.2404171,-0.7804102,0.5061805,0.5137211,-0.88065195,0.78676015,0.5522539,-0.17732203,-0.3355433,0.4334539,0.5208351,0.56423837,0.56562805,0.34383005,1.4557543,0.2865547,-0.43623257,0.31662124,-0.3921105
QualiSR-Set120/SUPIR/ava_images___472713.npy.gz,SUPIR,ava_images___472713.png,../../../mnt/ssd2/29o_rya/datasets/iqa/QualiSR-Set120/sr/SUPIR/ava_images___472713.png,QualiSR-Set120,ava_images___472713,SUPIR/ava_images___472713.png,../../../mnt/ssd2/29o_rya/datasets/iqa/QualiSR-Set120/hr/ava_images___472713.png,../../../mnt/ssd2/29o_rya/datasets/iqa/QualiSR-Set120/lr/ava_images___472713.png,test,-1.0444379,-2.0711322,1.4965796,0.1204865,-0.822594,-0.56455886,0.41365927,1.6573215,0.36586314,-0.5415021,-0.7848543,-0.27222657,-0.52209437,-0.31827337,-0.114986956,-0.48261008,0.6080383,-0.77466536,-0.24867065,-1.4236784,0.20349795,0.43424034,-0.5531686,1.2802657,1.4125181,0.30724823,-0.7304082,0.22111018,0.31730795,-0.043834835,-0.21484372,-0.38672137,-0.14160849,0.3880635,-0.25859547,0.71818644,-0.0721896,-0.02070472,-0.18728217,-0.048522495,0.8006427,-0.012785763,-0.45951355,-0.5603289,0.20520225,0.2730904,0.161739,0.048326835,-0.78972554,-0.21983148,0.08684605,-0.21830335,-0.56646764,-0.042897366,-0.842379,0.052639753,1.0662503,-0.53455913,0.44315016,0.49479225,-0.5699862,0.73563725,0.54227275,-0.046449047,-0.3147857,0.8014581,0.62927926,0.3530249,0.433034,0.23132406,1.2156036,-0.13231273,-0.50740016,0.474355,-0.35915017
QualiSR-Set120/PASD/ava_images___501777.npy.gz,PASD,ava_images___501777.png,../../../mnt/ssd2/29o_rya/datasets/iqa/QualiSR-Set120/sr/PASD/ava_images___501777.png,QualiSR-Set120,ava_images___501777,PASD/ava_images___501777.png,../../../mnt/ssd2/29o_rya/datasets/iqa/QualiSR-Set120/hr/ava_images___501777.png,../../../mnt/ssd2/29o_rya/datasets/iqa/QualiSR-Set120/lr/ava_images___501777.png,test,-2.7779317,1.0839758,0.5486183,-1.7389152,-0.28465343,0.5820544,-0.17095448,-0.19545287,0.078603566,1.3415822,-1.637798,-0.5076049,2.353443,0.105379164,-0.09788668,-1.3316962,0.5222682,0.2910792,-0.35564527,1.6667981,-1.1106105,1.1013508,-1.5825409,-0.016031042,0.8579855,0.6591768,0.08293229,-0.3710927,-1.2236147,-0.29548192,-0.16329989,0.7562708,2.4369035,-0.1495724,0.9839971,-0.14266878,1.3450198,0.4810339,0.32360506,-0.191155,0.9974953,0.79961044,1.8424802,-0.71032995,-0.009224437,0.4534941,0.08441576,-0.5969703,-0.29102424,-0.4041608,0.7088948,0.5351406,0.67001265,-0.3019088,-1.0128491,-0.16829365,-0.22672637,0.08325517,-0.80971915,0.3301678,-0.8048439,-0.6399742,-0.04393573,-1.5698296,-0.8997772,1.2323245,-0.11901064,-0.08331549,0.01723069,0.5893247,-0.4736329,0.29798794,-0.75868464,1.0220003,0.82321155
QualiSR-Set120/RealESRGAN/ava_images___501777.npy.gz,RealESRGAN,ava_images___501777.png,../../../mnt/ssd2/29o_rya/datasets/iqa/QualiSR-Set120/sr/RealESRGAN/ava_images___501777.png,QualiSR-Set120,ava_images___501777,RealESRGAN/ava_images___501777.png,../../../mnt/ssd2/29o_rya/datasets/iqa/QualiSR-Set120/hr/ava_images___501777.png,../../../mnt/ssd2/29o_rya/datasets/iqa/QualiSR-Set120/lr/ava_images___501777.png,test,-2.387881,1.4780138,0.19858721,-0.40205657,-0.39999858,0.7111356,-0.15758869,-0.2941605,-0.2503171,0.6787163,-0.3054988,-0.49638563,1.5351672,-0.37617522,0.2658191,-1.2381629,0.91811913,0.910512,-0.07991023,0.6513598,0.62356085,0.8869485,-1.0381577,-0.8846621,0.5737351,0.5190842,-0.21042296,-0.4983175,-0.69427156,-0.38958442,-0.022328854,1.592728,1.6646785,0.68854755,1.5832182,0.49630463,1.7833517,-0.06995238,-0.09790251,-0.83642817,0.73661053,1.2952328,1.178483,-0.32303676,0.09274573,0.30120394,0.56192625,-0.14267549,0.26810405,-0.19576676,0.74967635,0.50608826,-0.08450349,-0.27837774,-0.7576809,-0.4387153,-0.12469531,-0.055795044,-0.21706645,0.24549928,-0.63159454,-0.6491363,-0.21811986,-0.9247179,-0.32844695,0.39996096,-0.34397477,0.28409582,0.14398456,-0.23287721,-0.7536539,-0.49736506,-0.47329628,0.48200655,0.5235294
QualiSR-Set120/SUPIR/ava_images___501777.npy.gz,SUPIR,ava_images___501777.png,../../../mnt/ssd2/29o_rya/datasets/iqa/QualiSR-Set120/sr/SUPIR/ava_images___501777.png,QualiSR-Set120,ava_images___501777,SUPIR/ava_images___501777.png,../../../mnt/ssd2/29o_rya/datasets/iqa/QualiSR-Set120/hr/ava_images___501777.png,../../../mnt/ssd2/29o_rya/datasets/iqa/QualiSR-Set120/lr/ava_images___501777.png,test,-2.5888712,0.34261084,0.63863933,-1.5230186,-0.34009904,1.2761974,-0.30610403,-0.15392298,0.37156695,0.017897237,-0.3767004,-0.9326453,1.6103399,-0.24487379,-0.49799544,-1.4810772,0.476017,0.7746787,-0.30281666,1.7204611,0.50832725,0.99201685,-1.8526349,-0.7214442,0.66923046,0.5125977,0.16420227,-0.40556386,-1.1837261,-0.303118,-0.26219088,0.5441066,2.0807683,0.80854315,0.9268577,0.67421955,2.000728,0.23712431,-0.35802528,0.23543268,0.76064765,0.6824188,1.2915509,-0.29071206,0.17958727,0.86763465,-0.05790782,-0.05160685,0.18201783,-0.04673835,0.96652734,0.4861833,0.44345117,-0.5280631,-1.11267,-0.60791814,-0.21511894,-0.42440817,-0.5656855,0.32479253,-0.6810483,-0.51476365,-0.24498942,-1.183185,-0.51970005,0.70865977,-0.3625148,0.2844777,0.13400501,0.13307744,-0.6566119,-0.1124206,-0.06849181,0.82482505,0.35301334
QualiSR-Set120/PASD/ava_images___564572.npy.gz,PASD,ava_images___564572.png,../../../mnt/ssd2/29o_rya/datasets/iqa/QualiSR-Set120/sr/PASD/ava_images___564572.png,QualiSR-Set120,ava_images___564572,PASD/ava_images___564572.png,../../../mnt/ssd2/29o_rya/datasets/iqa/QualiSR-Set120/hr/ava_images___564572.png,../../../mnt/ssd2/29o_rya/datasets/iqa/QualiSR-Set120/lr/ava_images___564572.png,train,1.2915337,-3.2379856,-0.44675454,0.4972348,1.262905,-2.0940137,1.282765,1.1955625,1.3684297,-0.9090445,-0.6716993,0.22282916,-0.40835604,-1.0768127,-1.6488295,2.427377,-0.48742405,1.019955,-1.3179965,-0.66977346,-2.2806544,0.68928045,-2.845831,-2.3042145,-3.5458927,-2.9462414,-2.5771098,-1.5016105,-0.5308535,-0.5431901,0.06729499,0.047219522,-0.19430886,-0.16892195,0.035142496,-0.124339595,0.07090506,-0.014306325,0.0031514019,0.046418414,-0.054330826,-0.15034589,0.09786461,-0.13741946,0.19151321,-0.21523285,-0.14025903,-0.29481378,0.15793335,0.07153237,0.1362356,0.26632982,0.115654305,0.024432406,0.114480324,0.09598738,-0.19263509,0.34975508,0.02725099,0.06661424,0.34308746,-0.08631778,-0.0016637519,-0.050658867,0.42351896,-0.1071281,-0.55504453,-0.7853618,-0.06312391,-0.21991996,-0.8051932,-0.26318127,0.3360483,0.044951465,0.42721862
QualiSR-Set120/RealESRGAN/ava_images___564572.npy.gz,RealESRGAN,ava_images___564572.png,../../../mnt/ssd2/29o_rya/datasets/iqa/QualiSR-Set120/sr/RealESRGAN/ava_images___564572.png,QualiSR-Set120,ava_images___564572,RealESRGAN/ava_images___564572.png,../../../mnt/ssd2/29o_rya/datasets/iqa/QualiSR-Set120/hr/ava_images___564572.png,../../../mnt/ssd2/29o_rya/datasets/iqa/QualiSR-Set120/lr/ava_images___564572.png,train,1.0206646,-2.4197237,0.1410394,0.33398384,-0.10353969,-2.037055,0.7000506,0.13482977,0.2220186,-0.9671132,-0.98762786,-0.049660593,-0.65054595,-0.88286734,-1.7267028,1.9600669,-0.88219815,1.1495707,-1.7120767,-0.7812186,-2.1487904,0.41559988,-2.9245007,-2.4429076,-3.4583478,-2.7507324,-3.1428776,-1.3042216,-0.2558756,-0.33027774,0.013970643,0.06638732,-0.25794262,-0.07931286,0.24550892,0.03722745,0.075292766,0.058740556,0.0004249215,-0.054712966,-0.16245134,0.12252031,0.022695534,-0.06891312,-0.33732295,-0.2523342,-0.038352013,0.10118498,-0.2738496,0.098144546,-0.022756591,0.121711105,-0.05214934,-0.13686699,0.0985593,0.37405258,-0.2565816,0.24558076,-0.37693542,0.06263879,0.12213106,0.06259401,0.010962747,0.008242775,0.34323764,0.03091985,-0.46160197,-1.0372758,-0.3996426,-0.17861983,-0.80781305,-0.19377218,0.4520254,0.15428491,-0.0132187605
QualiSR-Set120/SUPIR/ava_images___564572.npy.gz,SUPIR,ava_images___564572.png,../../../mnt/ssd2/29o_rya/datasets/iqa/QualiSR-Set120/sr/SUPIR/ava_images___564572.png,QualiSR-Set120,ava_images___564572,SUPIR/ava_images___564572.png,../../../mnt/ssd2/29o_rya/datasets/iqa/QualiSR-Set120/hr/ava_images___564572.png,../../../mnt/ssd2/29o_rya/datasets/iqa/QualiSR-Set120/lr/ava_images___564572.png,train,1.5424424,-2.7598405,-0.011530161,0.030151367,0.60662216,-1.5115833,1.4295399,0.8486191,1.1662798,-1.2676845,-0.96731776,0.2042892,-0.27164182,-0.8475818,-2.055762,2.4842947,-0.67912877,1.182714,-2.012222,-1.2524338,-2.1930897,0.47945797,-3.413986,-2.5396805,-3.7913635,-3.7337208,-3.4208632,-1.5988828,-0.68320143,-0.41155708,-0.040311873,-0.17099135,-0.1889141,0.2557686,-0.08045882,0.09562659,0.035836965,-0.15213118,0.11352743,0.20021445,0.16765073,0.0019658804,-0.28620714,-0.057593897,0.111541905,0.2568079,0.09446585,0.17728986,0.06296211,-0.084446564,-0.097147346,-0.3038311,0.13333517,-0.09632335,-0.3921912,-0.434781,0.3951433,-0.47031718,0.27229154,-0.17005208,-0.29424024,-0.093247205,-0.06720556,0.11487688,-0.7046262,0.111515164,0.90897244,1.6037531,0.40704715,0.36830804,1.364534,0.45343542,-0.6443675,-0.1800055,-0.3519583
QualiSR-Set120/PASD/ava_images___588008.npy.gz,PASD,ava_images___588008.png,../../../mnt/ssd2/29o_rya/datasets/iqa/QualiSR-Set120/sr/PASD/ava_images___588008.png,QualiSR-Set120,ava_images___588008,PASD/ava_images___588008.png,../../../mnt/ssd2/29o_rya/datasets/iqa/QualiSR-Set120/hr/ava_images___588008.png,../../../mnt/ssd2/29o_rya/datasets/iqa/QualiSR-Set120/lr/ava_images___588008.png,train,9.951128,2.5136786,7.6117897,5.346204,-1.0767599,3.587837,0.5592743,0.7881299,-0.7041297,-0.46893358,-0.11710191,1.4821517,1.9210553,1.21741,-0.276038,0.08747179,1.0862558,1.3141743,-0.6035097,-0.6300953,0.6791,-4.4353004,-2.5340426,0.5248904,1.7564763,-0.7581363,0.20093477,0.3173079,-0.38298333,0.10225144,0.12208226,-0.112076655,0.08675997,-0.2104769,0.0930597,-0.032004535,-0.18530054,-0.12897857,-0.04146132,0.0059993267,0.036464363,0.04902044,-0.045290545,0.08402942,0.112062894,0.20911142,0.023963809,-0.096552655,0.12845689,0.070884675,-0.12946442,-0.041855484,0.10309638,-0.032011304,-0.15531829,-0.42170992,0.3255879,-0.45239738,0.4258427,-0.34168997,-0.77089953,-0.13299862,0.52582496,-0.16311306,0.270403,-0.010694057,-0.17111056,-0.15024307,-0.008587956,0.11595248,-0.34110156,-0.09231894,0.17642327,0.1111179,-0.19111298
QualiSR-Set120/RealESRGAN/ava_images___588008.npy.gz,RealESRGAN,ava_images___588008.png,../../../mnt/ssd2/29o_rya/datasets/iqa/QualiSR-Set120/sr/RealESRGAN/ava_images___588008.png,QualiSR-Set120,ava_images___588008,RealESRGAN/ava_images___588008.png,../../../mnt/ssd2/29o_rya/datasets/iqa/QualiSR-Set120/hr/ava_images___588008.png,../../../mnt/ssd2/29o_rya/datasets/iqa/QualiSR-Set120/lr/ava_images___588008.png,train,9.29583,2.414497,7.0867777,4.8077507,-0.9224673,3.1532876,0.60124,0.64811814,-0.5965937,-0.3395304,-0.04042694,1.3674638,1.7304559,1.1502821,-0.04908794,0.10409325,0.85080296,1.1631168,-0.47967434,-0.42362547,0.7976044,-4.039556,-2.478232,0.31493846,1.7038378,-0.8516332,0.51531637,0.25561416,-0.17135358,0.1371747,-0.21638766,0.026492387,-0.10682732,0.013197124,-0.22692512,-0.033278644,0.19889086,0.3410868,0.055886373,-0.14512095,-0.06302312,-0.13271853,0.19628577,0.03693126,-0.3853943,-0.38588056,0.048001654,0.2733202,-0.08558677,-0.10074048,0.28351733,0.031999648,-0.1859292,0.007965624,0.33594126,1.0361581,-0.8040633,1.5802293,-1.1851903,0.65942585,1.9147578,0.03386043,-0.96393126,0.21021864,-0.33866975,-0.049381927,0.21867765,0.37988675,-0.018270552,0.054134917,0.18881169,0.13914125,-0.42453128,0.042226724,-0.10496729
QualiSR-Set120/SUPIR/ava_images___588008.npy.gz,SUPIR,ava_images___588008.png,../../../mnt/ssd2/29o_rya/datasets/iqa/QualiSR-Set120/sr/SUPIR/ava_images___588008.png,QualiSR-Set120,ava_images___588008,SUPIR/ava_images___588008.png,../../../mnt/ssd2/29o_rya/datasets/iqa/QualiSR-Set120/hr/ava_images___588008.png,../../../mnt/ssd2/29o_rya/datasets/iqa/QualiSR-Set120/lr/ava_images___588008.png,train,9.043068,2.2173083,6.7444606,4.6897974,-1.0080591,3.0392897,0.3179229,0.81304216,-0.57938445,-0.4284393,-0.082547516,1.2265177,1.6302476,1.0644888,-0.3076767,0.00051609427,0.92184573,1.3061326,-0.5831782,-0.49254888,0.50574255,-3.629733,-2.0421736,0.38272178,1.3429371,-0.6681173,0.16740766,0.27073038,-0.29996395,0.10844478,0.19286765,-0.05939631,0.31989586,-0.06222731,0.013648674,-0.1296923,-0.25905135,-0.3401238,-0.13130203,0.17209753,0.10686982,0.17508687,-0.042683862,-0.07555209,0.2822617,0.22678629,-0.16246168,-0.13990547,0.031075507,0.02578459,-0.10463667,-0.01818937,0.12619984,-0.0062628537,-0.19556418,-0.61269474,0.47974235,-1.1040012,0.78552544,-0.3598573,-1.20378,0.13192672,0.49633148,-0.106980786,0.05749902,0.034740478,-0.07848014,-0.35746652,0.0140064955,-0.2208022,0.10630944,-0.069709405,0.25593823,-0.1045064,0.3200313
QualiSR-Set120/PASD/ava_images___645845.npy.gz,PASD,ava_images___645845.png,../../../mnt/ssd2/29o_rya/datasets/iqa/QualiSR-Set120/sr/PASD/ava_images___645845.png,QualiSR-Set120,ava_images___645845,PASD/ava_images___645845.png,../../../mnt/ssd2/29o_rya/datasets/iqa/QualiSR-Set120/hr/ava_images___645845.png,../../../mnt/ssd2/29o_rya/datasets/iqa/QualiSR-Set120/lr/ava_images___645845.png,test,1.6937591,-0.23620641,-0.52265716,1.1921314,-0.5683075,-1.3025945,-1.1436324,0.30082166,-0.5174827,0.58598495,0.18930387,0.075565994,-0.2549183,0.047566637,-0.35868636,0.50307715,-0.04991761,0.065730095,-0.73113215,0.13587385,-0.7235481,0.1662716,-0.09525125,-0.104663566,-0.18680432,0.9256123,1.3515642,-0.37278953,0.5135025,0.067034334,0.0937814,0.41612864,-0.21342589,-1.0376954,0.50440675,0.49097002,-0.5366204,0.1966864,0.24572004,-0.45592603,-0.19604202,-0.13545406,0.4688251,-0.41457117,-0.41181973,-0.43768105,0.55819255,0.04016088,-0.041295215,-0.1658198,0.28199434,0.018631235,0.25861722,0.40833008,0.46904352,0.36899585,-0.33257645,-0.38646895,-0.48665488,0.29704484,0.15815689,0.27647266,0.5320671,0.07149722,0.21819358,-0.3158207,0.16126592,-0.2306653,-0.2977548,0.21109898,0.07388553,0.9339342,-0.47183657,1.3037558,-0.4499929
QualiSR-Set120/RealESRGAN/ava_images___645845.npy.gz,RealESRGAN,ava_images___645845.png,../../../mnt/ssd2/29o_rya/datasets/iqa/QualiSR-Set120/sr/RealESRGAN/ava_images___645845.png,QualiSR-Set120,ava_images___645845,RealESRGAN/ava_images___645845.png,../../../mnt/ssd2/29o_rya/datasets/iqa/QualiSR-Set120/hr/ava_images___645845.png,../../../mnt/ssd2/29o_rya/datasets/iqa/QualiSR-Set120/lr/ava_images___645845.png,test,1.3921136,-0.3911959,-0.38861486,1.5017856,-0.67748076,-1.2771746,-1.1644468,-0.13399862,-0.1713196,0.5122164,0.25521606,0.09343618,-0.23346695,0.048490763,-0.18889225,0.34493667,-0.16788895,-0.02871564,-0.7382251,0.23996599,-0.5587109,0.24957424,-0.22919048,-0.2710352,-0.13599268,1.0038896,1.3245268,-0.3187243,0.3603472,0.05487886,-0.05629912,0.5251713,-0.022744492,-0.8193576,0.56773,0.30024958,-0.45853877,0.13892595,0.12650114,-0.59242296,-0.1721501,0.024741426,0.44593275,-0.66435593,-0.25565264,-0.41755146,0.6512406,-0.19558926,-0.19156894,-0.30017215,0.26798958,0.080001086,0.19227712,0.08855115,0.5939361,0.35778445,-0.1463619,-0.2463304,-0.64265776,0.48466364,0.15672323,0.021333337,0.22201061,0.17444661,0.25011384,-0.18276826,0.15011342,-0.15159398,-0.18319139,0.2269326,-0.05452928,1.0727347,-0.69412553,1.2970996,-0.2323451
QualiSR-Set120/SUPIR/ava_images___645845.npy.gz,SUPIR,ava_images___645845.png,../../../mnt/ssd2/29o_rya/datasets/iqa/QualiSR-Set120/sr/SUPIR/ava_images___645845.png,QualiSR-Set120,ava_images___645845,SUPIR/ava_images___645845.png,../../../mnt/ssd2/29o_rya/datasets/iqa/QualiSR-Set120/hr/ava_images___645845.png,../../../mnt/ssd2/29o_rya/datasets/iqa/QualiSR-Set120/lr/ava_images___645845.png,test,1.2201138,-0.43508804,-0.43333218,1.2248365,-0.9114054,-1.2776619,-1.1910338,-0.16384675,-0.20000222,0.5419595,0.31832874,0.123589516,-0.24755937,0.18411776,-0.27094507,0.32095978,-0.13384154,0.1354217,-0.78213865,0.203174,-0.46944928,0.32759643,-0.3419215,-0.33426178,0.03163871,1.0553312,1.1322945,-0.39665857,0.39923975,0.13312651,0.101718366,0.52124757,-0.12557253,-0.7822486,0.6734483,0.4358796,-0.55302924,0.19234984,0.07173987,-0.4521508,-0.20131695,-0.09612697,0.69670916,-0.4776268,-0.31318635,-0.5769808,0.7588755,-0.085578635,-0.042551316,-0.18687631,0.25257903,0.047154263,0.36190245,0.34046242,0.54482067,0.36886775,-0.10608057,-0.43211308,-0.62293637,0.6021886,0.10783057,0.049427614,0.3886473,0.33512124,0.41724503,-0.28363603,0.109560266,-0.17776015,-0.23567992,0.39526433,-0.059318334,1.0536813,-0.6109697,1.211085,-0.11645988
QualiSR-Set120/PASD/ava_images___699615.npy.gz,PASD,ava_images___699615.png,../../../mnt/ssd2/29o_rya/datasets/iqa/QualiSR-Set120/sr/PASD/ava_images___699615.png,QualiSR-Set120,ava_images___699615,PASD/ava_images___699615.png,../../../mnt/ssd2/29o_rya/datasets/iqa/QualiSR-Set120/hr/ava_images___699615.png,../../../mnt/ssd2/29o_rya/datasets/iqa/QualiSR-Set120/lr/ava_images___699615.png,train,0.17751199,-3.8832316,-0.20274666,0.84027773,2.399379,-1.2725968,1.3825895,4.154084,4.5048413,-0.9940688,-0.3972177,-0.6906858,-1.1657948,-0.41491002,-0.2581441,2.4232137,2.0777586,-0.54538715,2.948598,-2.37051,0.929318,2.2426767,-1.8254516,2.0262597,3.4710531,1.2454193,-1.8371521,0.48156196,-0.67553747,-0.4635272,0.09920602,-0.0481859,-0.3838703,-0.26511678,-0.24996129,-0.13089754,-0.07660511,-0.08345483,-0.44010273,-0.054531798,-0.0181963,-0.2051653,0.17348371,0.19581072,-0.033380046,0.13057363,-0.35554737,-0.16322471,-0.040313818,0.45486206,0.35718083,0.17093462,-0.1814216,0.41156432,0.061320677,0.633746,0.7083007,-0.51823986,0.8729733,0.10795912,1.0215025,-0.38901097,-0.023953661,-0.23242037,0.40296605,0.4799423,0.0051539987,-0.03848231,-0.17648962,0.07361679,-0.2584853,-0.03426001,-0.14326872,-0.030058663,0.021528423
QualiSR-Set120/RealESRGAN/ava_images___699615.npy.gz,RealESRGAN,ava_images___699615.png,../../../mnt/ssd2/29o_rya/datasets/iqa/QualiSR-Set120/sr/RealESRGAN/ava_images___699615.png,QualiSR-Set120,ava_images___699615,RealESRGAN/ava_images___699615.png,../../../mnt/ssd2/29o_rya/datasets/iqa/QualiSR-Set120/hr/ava_images___699615.png,../../../mnt/ssd2/29o_rya/datasets/iqa/QualiSR-Set120/lr/ava_images___699615.png,train,-0.100926876,-3.6274824,0.17008749,0.40533134,2.578206,-0.9846828,1.4494683,4.1231017,4.389301,-0.80774206,-0.18056124,-0.8365227,-0.69968444,-0.08132615,-0.4330876,2.5036514,1.6931982,-0.5051025,2.837609,-2.4719436,0.9762452,2.1755939,-1.5007896,2.066587,3.3210058,1.1588528,-1.81212,0.45415986,-0.6772548,-0.8345436,0.14372724,0.66543955,0.12877738,0.18621826,0.2442979,0.060065508,-0.0079602,0.041147023,0.5795953,0.31470564,0.031890124,0.12379004,-0.2573228,-0.21967846,-0.070818804,-0.45292965,0.484631,0.2257535,0.2511744,-0.82518744,-0.58524776,-0.30413353,0.13387537,-0.60429716,0.15942435,-0.8960967,-1.4622706,0.7329006,-1.6655431,-0.4994661,-1.8685669,0.7218568,-0.26867923,0.4710649,-0.47894225,-0.54309475,0.071889445,0.008154452,-0.29995555,0.050371286,-0.065409124,-0.15294972,0.003681846,0.09165928,0.029259682
QualiSR-Set120/SUPIR/ava_images___699615.npy.gz,SUPIR,ava_images___699615.png,../../../mnt/ssd2/29o_rya/datasets/iqa/QualiSR-Set120/sr/SUPIR/ava_images___699615.png,QualiSR-Set120,ava_images___699615,SUPIR/ava_images___699615.png,../../../mnt/ssd2/29o_rya/datasets/iqa/QualiSR-Set120/hr/ava_images___699615.png,../../../mnt/ssd2/29o_rya/datasets/iqa/QualiSR-Set120/lr/ava_images___699615.png,train,0.1450156,-3.6517062,-0.07982114,0.84538496,2.5441618,-1.2943771,1.2881976,3.8513603,4.523816,-0.96164095,-0.29263815,-0.68801236,-1.1105216,-0.26363245,-0.41333804,2.5145638,1.9348598,-0.66579103,2.811939,-2.4479384,1.0399692,2.2617226,-1.8384705,2.1832085,3.388036,1.2188078,-1.7263983,0.49054706,-0.67895436,-0.7679044,0.17325366,0.067836285,-0.09952755,-0.3446235,-0.36348692,-0.07365842,0.038947433,-0.040192697,-0.5190352,-0.08546546,-0.18004625,-0.13090467,0.056792215,-0.02391453,-0.06815951,0.21745184,0.08969033,-0.28351444,-0.15852019,0.28399384,0.08810815,-0.06609294,-0.040539697,0.28184623,-0.119303554,0.45154512,0.7109368,-0.32525206,0.6372954,0.272145,0.7524881,-0.27095166,0.22748414,-0.15744384,-0.03234145,0.14233387,-0.078698814,-0.0038893223,0.43460262,-0.0990023,0.26661122,0.22854914,0.12354644,-0.034103196,-0.09786845
QualiSR-Set120/PASD/ava_images___710191.npy.gz,PASD,ava_images___710191.png,../../../mnt/ssd2/29o_rya/datasets/iqa/QualiSR-Set120/sr/PASD/ava_images___710191.png,QualiSR-Set120,ava_images___710191,PASD/ava_images___710191.png,../../../mnt/ssd2/29o_rya/datasets/iqa/QualiSR-Set120/hr/ava_images___710191.png,../../../mnt/ssd2/29o_rya/datasets/iqa/QualiSR-Set120/lr/ava_images___710191.png,train,-2.1377804,-1.1372617,1.5728701,-2.6297224,-0.29607147,1.9383166,-1.953862,-1.165881,-2.2126489,-0.8687254,-1.7949393,-4.9571905,3.7344904,-3.5792317,0.8100997,4.4947357,1.813622,2.2166092,-0.58712494,0.5215726,0.8194904,-0.68441147,1.148498,-0.00485532,-0.32234073,0.23782423,0.12209294,-0.05895099,0.5267284,-0.029051661,-0.15927884,-1.3911874,-0.2976386,-0.48782244,-1.8280587,0.6567931,-0.093860954,-0.20382263,0.10699822,-0.8444699,-0.22585887,0.40955096,-0.5589259,0.41252065,0.15798572,-1.0445585,0.7255365,0.031498626,0.43738106,-0.11489986,-0.41107127,0.73665917,-0.90554285,-0.5354751,2.2747707,1.5492021,-0.48917037,-0.44459495,0.7113886,-0.5124308,-0.6284176,0.36660022,-0.12166262,-0.45192376,-0.23981789,0.008857653,-0.09566651,0.20698267,0.07447797,0.07122387,0.0858988,0.13955943,0.0008684546,-0.043694194,0.034763694
QualiSR-Set120/RealESRGAN/ava_images___710191.npy.gz,RealESRGAN,ava_images___710191.png,../../../mnt/ssd2/29o_rya/datasets/iqa/QualiSR-Set120/sr/RealESRGAN/ava_images___710191.png,QualiSR-Set120,ava_images___710191,RealESRGAN/ava_images___710191.png,../../../mnt/ssd2/29o_rya/datasets/iqa/QualiSR-Set120/hr/ava_images___710191.png,../../../mnt/ssd2/29o_rya/datasets/iqa/QualiSR-Set120/lr/ava_images___710191.png,train,-3.3891377,-0.6976559,1.6215655,-2.8810606,-0.61017877,2.833526,-2.012423,-1.1037034,-2.5978575,-0.47918415,-2.1175056,-5.6105437,5.2826815,-4.9512205,1.7861309,6.2964177,2.3864667,2.2350922,-0.98855793,0.54984057,1.0991678,-0.6567431,1.5467377,0.5032013,0.18344095,0.3089429,0.42421743,-0.37884882,-0.18329775,0.16318817,0.2845279,1.5409333,-0.10904506,0.68367046,3.9527364,-1.774149,-0.44846597,-0.31444106,-0.3197284,1.2224586,0.09326124,-0.6079168,0.95134646,0.057529345,-0.5681061,0.06530668,-0.57847726,-0.27231127,-0.24337307,-0.09664218,0.33956796,-0.1979188,0.1725592,0.022522427,-0.54334474,-0.09865746,0.07219199,-0.13487056,-0.06512864,0.029157758,0.22716084,-0.0543077,-0.103535354,0.17992294,-0.04323718,-0.036664605,0.12922896,-0.024692178,0.020116687,0.025128063,0.0006507933,-0.022997053,-0.0068860278,0.0030499287,-0.017375544
QualiSR-Set120/SUPIR/ava_images___710191.npy.gz,SUPIR,ava_images___710191.png,../../../mnt/ssd2/29o_rya/datasets/iqa/QualiSR-Set120/sr/SUPIR/ava_images___710191.png,QualiSR-Set120,ava_images___710191,SUPIR/ava_images___710191.png,../../../mnt/ssd2/29o_rya/datasets/iqa/QualiSR-Set120/hr/ava_images___710191.png,../../../mnt/ssd2/29o_rya/datasets/iqa/QualiSR-Set120/lr/ava_images___710191.png,train,-2.626357,-1.1417494,1.7665753,-3.1642392,-0.22786412,2.4518387,-1.9818685,-1.541603,-1.7337778,-0.87871665,-1.697354,-5.165603,3.5398426,-3.0595298,0.04904309,4.1816044,1.8166068,1.8146874,-0.24247995,0.69059145,0.654766,-0.36837804,0.80785173,0.27639613,0.3004695,0.40183622,0.24516502,0.10823192,-0.07914901,0.21918982,-0.07498345,-1.3887279,0.09544915,-0.60568357,-3.227625,1.4570353,0.5560042,0.6036913,0.18722458,-0.6310029,-0.071971595,0.41615862,-0.75053436,-0.37261367,0.5468685,0.81895727,0.085229665,0.47251487,0.03579881,0.108369045,0.09803555,-0.4729973,0.75980085,0.50672174,-1.747665,-1.5674363,0.38465986,0.53788066,-0.6147063,0.5101054,0.49434948,-0.2885645,0.24766317,0.19835329,0.2864918,-0.010908678,-0.04005453,-0.21250182,-0.06666982,-0.14959675,-0.1213747,-0.06720629,-0.0026989542,0.009753857,-0.039823532
QualiSR-Set120/PASD/ava_images___737450.npy.gz,PASD,ava_images___737450.png,../../../mnt/ssd2/29o_rya/datasets/iqa/QualiSR-Set120/sr/PASD/ava_images___737450.png,QualiSR-Set120,ava_images___737450,PASD/ava_images___737450.png,../../../mnt/ssd2/29o_rya/datasets/iqa/QualiSR-Set120/hr/ava_images___737450.png,../../../mnt/ssd2/29o_rya/datasets/iqa/QualiSR-Set120/lr/ava_images___737450.png,train,0.71862596,-2.1451724,0.69659424,0.9732272,-0.17207932,-2.8536315,-0.017754622,0.3293128,-0.40544754,0.018040543,-0.9590441,-0.5678752,-0.9461461,-0.020821743,-0.65044343,-0.2684072,-0.3804622,0.22132431,-0.34747392,-0.5571169,-0.18173182,0.3581316,0.009347692,0.6485988,-0.025254011,0.33981577,-0.5518322,0.75363266,2.8326945,5.785,-0.20003152,0.13436541,0.0415305,0.16816938,0.089234546,0.17758521,0.16798279,-0.18364696,-0.17062876,-0.07509717,-0.01900807,0.101634085,0.12447886,0.19286756,0.019928116,0.0052227713,-0.02287718,-0.06290598,0.05078268,-0.109798625,0.009939894,-0.10109675,-0.013460413,0.017751593,-0.03741549,-0.013023376,0.020308143,0.055350393,0.08844049,0.04635474,-0.037231818,-0.047839314,0.004934609,0.023612697,-0.08054352,-0.0062988102,0.07129373,0.09486151,0.046536863,-0.02433991,-0.08424285,-0.09276095,-0.038711723,-0.04319601,0.01162295
QualiSR-Set120/RealESRGAN/ava_images___737450.npy.gz,RealESRGAN,ava_images___737450.png,../../../mnt/ssd2/29o_rya/datasets/iqa/QualiSR-Set120/sr/RealESRGAN/ava_images___737450.png,QualiSR-Set120,ava_images___737450,RealESRGAN/ava_images___737450.png,../../../mnt/ssd2/29o_rya/datasets/iqa/QualiSR-Set120/hr/ava_images___737450.png,../../../mnt/ssd2/29o_rya/datasets/iqa/QualiSR-Set120/lr/ava_images___737450.png,train,0.6645433,-2.065539,0.70751905,0.9230086,-0.20555702,-2.7318513,-0.057020877,0.3878209,-0.3778571,0.02863543,-0.9404291,-0.58357114,-1.011337,-0.07411603,-0.56485677,-0.12952882,-0.31838447,0.2027654,-0.30021933,-0.5623769,-0.25776488,0.29156828,-0.025541574,0.59754544,0.110528976,0.34467232,-0.5260366,0.71219957,2.5327494,5.0106745,-0.1602574,0.1429974,0.049563758,0.15627033,0.09059779,0.15309975,0.027718306,-0.116061896,-0.16149077,-0.09982143,-0.030227512,0.05133988,0.038368717,0.06981291,-0.060662832,0.019467678,-0.12775362,0.07063873,-0.077740274,-0.115397885,0.019588575,0.046368435,-0.10225363,-0.002885826,-0.005787909,-0.06462526,-0.1375753,0.022730261,-0.11189003,-0.008045673,-0.10335292,-0.028078541,0.04033731,-0.039180275,0.05575189,-0.20236509,-0.036817446,-0.10228208,-0.02165711,-0.08361591,0.044523597,0.12461521,0.03243759,-0.0647158,-0.02485127
QualiSR-Set120/SUPIR/ava_images___737450.npy.gz,SUPIR,ava_images___737450.png,../../../mnt/ssd2/29o_rya/datasets/iqa/QualiSR-Set120/sr/SUPIR/ava_images___737450.png,QualiSR-Set120,ava_images___737450,SUPIR/ava_images___737450.png,../../../mnt/ssd2/29o_rya/datasets/iqa/QualiSR-Set120/hr/ava_images___737450.png,../../../mnt/ssd2/29o_rya/datasets/iqa/QualiSR-Set120/lr/ava_images___737450.png,train,0.7870438,-2.1387398,0.71793395,0.96982235,-0.1391431,-2.8952613,-0.022697702,0.26315486,-0.44015643,0.024992201,-0.937225,-0.5740464,-1.0240977,-0.04278303,-0.6326605,-0.15127502,-0.44450638,0.20550779,-0.35860455,-0.49126393,-0.22462398,0.34182447,-0.008446664,0.6612408,0.041330367,0.3417296,-0.54069686,0.7673427,2.7754881,5.630246,-0.13180992,0.24291997,0.042155858,0.12949002,0.09418817,0.14734802,0.1528773,-0.16261645,-0.15003368,-0.050575055,-0.05152662,0.06780398,0.108016565,0.15782516,-0.00076844543,0.053199504,-0.03947805,-0.05973056,0.035603434,-0.1299441,0.005864531,-0.032262668,-0.0080521405,-0.054463033,-0.07392746,-0.0015271902,-0.02899917,0.058923274,0.10161032,0.006339997,0.034389213,-0.051603377,-0.0043538213,0.0380645,-0.10227218,0.01165463,-0.0057024807,0.06488192,0.04546112,-0.021188706,0.01319778,0.016445797,-0.010537831,-0.007994585,0.016867489
QualiSR-Set120/PASD/ava_images___74410.npy.gz,PASD,ava_images___74410.png,../../../mnt/ssd2/29o_rya/datasets/iqa/QualiSR-Set120/sr/PASD/ava_images___74410.png,QualiSR-Set120,ava_images___74410,PASD/ava_images___74410.png,../../../mnt/ssd2/29o_rya/datasets/iqa/QualiSR-Set120/hr/ava_images___74410.png,../../../mnt/ssd2/29o_rya/datasets/iqa/QualiSR-Set120/lr/ava_images___74410.png,train,4.2211323,-1.3691831,-2.1722183,-6.2418985,-6.656372,1.9926894,8.969229,-6.0029755,2.0618405,1.344451,0.6288632,1.8271954,-0.5346729,-0.8279144,1.1346016,1.205507,0.41536957,-0.46359044,0.2934267,0.06212689,0.03905815,0.3895033,-0.6091644,0.10680346,0.25754473,-0.037442476,0.33855525,-0.38904384,-0.11916149,0.1698051,0.3089344,0.093070015,-0.834327,-0.25284016,0.5084795,0.123164594,-0.3374625,-0.07860559,-0.056618184,0.19625229,-0.016351879,-0.030104227,-0.24310596,2.050739,0.45389944,1.9075041,0.81536967,1.2087412,-0.28688127,-0.18736653,-0.36470106,-0.5310156,-1.3339669,2.0404012,0.18878505,0.012047231,-0.2897077,0.36074618,0.124772325,-0.5033431,-0.16361256,0.19734077,-0.19359165,0.06452575,-0.052026033,0.037467584,-0.23118412,-0.14855996,-0.013946772,-0.1258218,0.033984452,-6.6872686e-05,0.027100116,-0.023162242,-0.011970982
QualiSR-Set120/RealESRGAN/ava_images___74410.npy.gz,RealESRGAN,ava_images___74410.png,../../../mnt/ssd2/29o_rya/datasets/iqa/QualiSR-Set120/sr/RealESRGAN/ava_images___74410.png,QualiSR-Set120,ava_images___74410,RealESRGAN/ava_images___74410.png,../../../mnt/ssd2/29o_rya/datasets/iqa/QualiSR-Set120/hr/ava_images___74410.png,../../../mnt/ssd2/29o_rya/datasets/iqa/QualiSR-Set120/lr/ava_images___74410.png,train,2.9802167,-1.8070513,-1.8345743,-5.435627,-6.0641007,0.5225141,7.562386,-5.8089046,1.5827899,1.0439652,0.3912983,1.3441367,-1.1500229,-0.6199288,0.65036154,1.3883597,0.76404613,-0.31535327,0.8025246,-0.05611235,0.18574995,-0.06775454,-0.5773768,-0.00056123734,0.28762826,0.6201561,-0.029291153,0.023370475,-0.26232874,0.14765538,-0.33283123,-1.2937319,5.629883,-1.2328482,0.5990459,0.8094261,-0.1342317,-0.039643172,0.03743206,-0.0885734,-0.39595863,-0.47720325,0.06573917,-0.62521297,-0.28105915,-0.7136348,-0.43194187,-0.8159676,0.030352943,0.3044974,0.38091147,0.025048383,0.53128684,-1.0051374,0.06457865,0.024808139,-0.047959894,-0.10215394,0.0029120743,0.21165988,0.124197826,-0.08836639,0.03726667,-0.037638962,-0.045584798,-0.015926778,0.11091103,0.04673612,-0.00871855,0.0397583,0.004430026,0.003259156,-0.05555954,0.04842666,0.02105841
QualiSR-Set120/SUPIR/ava_images___74410.npy.gz,SUPIR,ava_images___74410.png,../../../mnt/ssd2/29o_rya/datasets/iqa/QualiSR-Set120/sr/SUPIR/ava_images___74410.png,QualiSR-Set120,ava_images___74410,SUPIR/ava_images___74410.png,../../../mnt/ssd2/29o_rya/datasets/iqa/QualiSR-Set120/hr/ava_images___74410.png,../../../mnt/ssd2/29o_rya/datasets/iqa/QualiSR-Set120/lr/ava_images___74410.png,train,4.1402326,-1.7832159,-0.98569894,-5.5215874,-6.3835607,2.0211027,8.802492,-6.0974283,1.9337566,1.5938131,0.6308634,1.8891673,0.12745601,-0.3788852,1.1082778,0.52113557,0.3936029,-0.6965337,0.12837036,0.18098919,0.011134982,0.59414023,-0.010382295,0.5313581,0.9940355,0.47817776,0.70059156,-1.0451972,0.5858315,0.30389804,0.4491439,0.9206931,-4.0992875,1.3588164,-0.9739236,-0.87502116,0.46862322,0.33305398,0.2656147,-0.26444867,0.49263975,0.40434295,0.11637187,-1.7344451,-0.21753314,-1.3370812,-0.4738539,-0.38724625,0.3411477,-0.21982698,0.01631023,0.4268839,0.8377117,-1.1178384,-0.15753564,0.00012430549,0.3774401,-0.33985654,-0.09678963,0.29054728,0.03782183,-0.06321168,0.18482846,-0.09971738,0.10471034,-0.03455469,0.08434595,0.08919555,0.023660064,0.10547258,-0.07262424,-0.010246795,0.058037654,-0.05264314,0.00682047
QualiSR-Set120/PASD/ava_images___751927.npy.gz,PASD,ava_images___751927.png,../../../mnt/ssd2/29o_rya/datasets/iqa/QualiSR-Set120/sr/PASD/ava_images___751927.png,QualiSR-Set120,ava_images___751927,PASD/ava_images___751927.png,../../../mnt/ssd2/29o_rya/datasets/iqa/QualiSR-Set120/hr/ava_images___751927.png,../../../mnt/ssd2/29o_rya/datasets/iqa/QualiSR-Set120/lr/ava_images___751927.png,train,0.9405705,-2.2879364,0.044434845,0.9981129,-0.943871,-2.7177737,0.21456496,-1.2869046,-0.92705476,0.47880456,-0.950325,-0.8392043,-1.5358862,0.1295257,-0.6763958,0.22141244,-0.53734994,1.0029268,0.25140536,0.13370064,-0.037357718,0.03351216,0.21540733,-0.23882933,-1.3090345,-0.020776898,1.0467894,6.019713,-2.0268376,-0.4119383,-0.09281781,0.16207343,-0.23373218,0.16767937,0.05084817,0.023400426,-0.089342594,-0.13086663,0.07354924,0.0064219385,0.018236697,0.0044317693,0.016504802,-0.017366827,-0.021161951,0.040100727,0.13685933,0.052836552,-0.0039801076,-0.018622011,-0.0554547,0.08528305,-0.011210069,-0.16396569,-0.10047668,0.06670755,0.003825754,0.024450034,0.043194637,0.06651312,0.014753461,-0.00995557,0.03082718,-0.017271686,0.001995951,0.120067716,-0.16243023,0.14808178,-0.09386662,-0.0810307,-0.052738428,0.05557702,0.18341096,-0.0033678412,-0.044863477
QualiSR-Set120/RealESRGAN/ava_images___751927.npy.gz,RealESRGAN,ava_images___751927.png,../../../mnt/ssd2/29o_rya/datasets/iqa/QualiSR-Set120/sr/RealESRGAN/ava_images___751927.png,QualiSR-Set120,ava_images___751927,RealESRGAN/ava_images___751927.png,../../../mnt/ssd2/29o_rya/datasets/iqa/QualiSR-Set120/hr/ava_images___751927.png,../../../mnt/ssd2/29o_rya/datasets/iqa/QualiSR-Set120/lr/ava_images___751927.png,train,0.8582146,-2.5084953,0.11696318,0.9029271,-1.1615685,-2.5895422,0.34630153,-1.4130986,-1.0319443,0.5745338,-1.0898685,-0.9577017,-1.8226249,0.1007289,-0.68208945,0.19416377,-0.52881145,1.0129871,0.18094362,0.01671514,0.03645301,0.066408664,0.016514346,-0.32670003,-1.6788309,-0.024928063,1.2954706,6.9891543,-2.5441136,-0.60557926,0.1621552,0.09139645,-0.189227,0.29475558,0.050591633,0.08410731,-0.055614367,0.012698077,-0.006808296,0.06935386,0.16853517,-0.090275854,0.041810095,-0.060769305,-0.15149525,-0.043639608,-0.050424203,0.050106928,-0.045251545,0.08181375,0.073862225,0.017234907,-0.06616612,0.16063176,0.073938064,-0.13610601,-0.026354669,0.059269994,0.038067237,0.09530246,-0.037448972,0.0046294183,0.0026140586,-0.031921078,-0.06574708,-0.0397816,0.19886692,-0.08100295,0.19310814,0.09331341,-0.011910021,-0.020356052,-0.2576123,0.020661768,0.09481391
QualiSR-Set120/SUPIR/ava_images___751927.npy.gz,SUPIR,ava_images___751927.png,../../../mnt/ssd2/29o_rya/datasets/iqa/QualiSR-Set120/sr/SUPIR/ava_images___751927.png,QualiSR-Set120,ava_images___751927,SUPIR/ava_images___751927.png,../../../mnt/ssd2/29o_rya/datasets/iqa/QualiSR-Set120/hr/ava_images___751927.png,../../../mnt/ssd2/29o_rya/datasets/iqa/QualiSR-Set120/lr/ava_images___751927.png,train,0.97896194,-2.3536248,0.14265758,1.0794603,-0.7931638,-2.7592537,0.1645359,-1.1583,-1.0300773,0.5331366,-1.0979788,-0.931442,-1.6399145,0.16921276,-0.6789999,0.15239155,-0.57724226,0.93213415,0.19982249,0.122081384,-0.05427906,0.0053541213,0.06845263,-0.21751298,-1.5705993,0.049614668,1.2078642,6.506861,-2.1124763,-0.4024756,0.15695454,0.20883527,-0.4360742,0.23097396,-0.026156604,-0.08455841,-0.10925722,-0.02772374,0.081906766,0.07805346,0.08092487,0.009738669,-0.001570046,-0.13803552,-0.05076749,-0.12368308,0.1182313,-0.026587874,0.014585629,-0.010814056,-0.07644987,0.18552351,0.02396816,-0.085671574,-0.07786563,0.000112980604,-0.019210545,-0.09345099,0.024143264,0.0029384196,0.052765355,0.04700221,-0.019318834,-0.0027949214,-0.04064983,-0.022698998,-0.08938737,0.0883404,-0.08761838,0.015960135,0.042569384,-0.078219995,0.10242188,-0.002249904,0.004065886
QualiSR-Set120/PASD/ava_images___773899.npy.gz,PASD,ava_images___773899.png,../../../mnt/ssd2/29o_rya/datasets/iqa/QualiSR-Set120/sr/PASD/ava_images___773899.png,QualiSR-Set120,ava_images___773899,PASD/ava_images___773899.png,../../../mnt/ssd2/29o_rya/datasets/iqa/QualiSR-Set120/hr/ava_images___773899.png,../../../mnt/ssd2/29o_rya/datasets/iqa/QualiSR-Set120/lr/ava_images___773899.png,train,-2.3061724,1.3100488,2.040036,-4.5324163,1.1965307,0.23437333,-1.7703102,-1.8153765,1.377852,-3.2911146,0.06342226,-0.94328994,0.26989,3.7451324,-0.97142744,-1.4790043,3.478668,-1.8871803,1.9512131,2.8681507,-1.0655453,-1.2255578,-1.3496877,-4.103507,0.0059669614,2.9405303,-0.98899627,0.49407315,-0.106678665,0.38183734,0.28788233,0.034328505,-0.6126401,-0.3252455,0.06008084,0.24165392,-1.4219098,-0.31911355,0.06945729,0.7718172,-2.6183717,-0.32372648,0.11381732,-0.0056130737,0.92165077,-0.02787183,-1.2199901,0.5332016,0.9595064,0.20135279,-1.1640203,0.11816075,0.7605761,0.093467176,-1.0901382,1.457559,-0.0054260176,0.4798291,0.1396753,-0.21600237,-0.31521416,0.20665483,0.29710057,0.03393581,-0.33722094,-0.15364912,0.086290404,0.014485121,-0.049443662,0.0707428,-0.015009224,-0.030712655,-0.07797991,-0.2010677,0.035034433
QualiSR-Set120/RealESRGAN/ava_images___773899.npy.gz,RealESRGAN,ava_images___773899.png,../../../mnt/ssd2/29o_rya/datasets/iqa/QualiSR-Set120/sr/RealESRGAN/ava_images___773899.png,QualiSR-Set120,ava_images___773899,RealESRGAN/ava_images___773899.png,../../../mnt/ssd2/29o_rya/datasets/iqa/QualiSR-Set120/hr/ava_images___773899.png,../../../mnt/ssd2/29o_rya/datasets/iqa/QualiSR-Set120/lr/ava_images___773899.png,train,-3.2029037,1.3570769,2.3779325,-4.1593714,1.0979404,0.641243,-1.3476962,-0.723434,0.6217595,-2.5585063,-0.3928041,-0.762426,0.7018793,3.2234807,-0.067350656,-1.2898884,2.7744348,-0.94496167,1.8250542,2.0417805,-0.4058346,-0.67148143,-1.4387708,-4.342872,0.65477765,2.456294,-1.3999465,0.41209394,-0.24651062,0.3882403,-0.17180225,0.3183134,0.3353057,0.50354844,1.1659003,-0.04721898,0.808564,-0.34159023,0.70384866,-2.3203676,3.372144,0.19344746,-0.48831952,-0.29307622,0.6178016,-0.34226426,1.1150707,-0.5476282,-0.88219035,0.43178308,0.6908454,-0.23413345,0.38299584,0.5546785,-0.46309164,0.6127689,-0.3314245,0.077172786,0.21545489,-0.55392635,-0.10474785,-0.05193475,0.07972935,0.23545596,0.06959504,-0.154791,-0.09023045,0.0385828,0.09723979,-0.08820838,-0.01685226,-0.035546836,-0.063565314,0.040257413,-0.073393635
QualiSR-Set120/SUPIR/ava_images___773899.npy.gz,SUPIR,ava_images___773899.png,../../../mnt/ssd2/29o_rya/datasets/iqa/QualiSR-Set120/sr/SUPIR/ava_images___773899.png,QualiSR-Set120,ava_images___773899,SUPIR/ava_images___773899.png,../../../mnt/ssd2/29o_rya/datasets/iqa/QualiSR-Set120/hr/ava_images___773899.png,../../../mnt/ssd2/29o_rya/datasets/iqa/QualiSR-Set120/lr/ava_images___773899.png,train,-2.410026,1.5764868,2.278402,-5.094452,1.1658069,0.80470514,-1.7633452,-1.7206265,1.4253592,-3.5006003,0.040326297,-0.9513921,0.642438,3.8531218,-1.4127527,-1.8237895,3.0775661,-1.6299632,1.3676287,2.4626043,-0.75557095,-0.7321639,-1.3680043,-4.1867623,0.42787704,2.195366,-1.2003778,0.39755884,-0.35120523,0.57938516,-0.034570843,0.113819234,-0.25812805,-0.20024383,-0.41012633,-0.49149436,0.5727693,0.1378628,-0.674235,1.3829627,-0.48776945,0.017788902,0.075233504,0.28341585,-1.4579008,0.30704647,0.5226591,0.05493693,-0.2109656,-0.4890669,0.4062121,-0.22812033,-1.070553,-0.81049293,1.6513017,-2.005946,0.41555172,-0.6236248,-0.25674653,0.77900445,0.5004438,-0.03307621,-0.39906397,-0.23562072,0.23590529,0.23740509,-0.039970964,-0.07988548,0.0024094582,-0.042354386,0.09546645,0.020172063,0.09407437,0.24618484,-0.010376021
QualiSR-Set120/PASD/ava_images___827653.npy.gz,PASD,ava_images___827653.png,../../../mnt/ssd2/29o_rya/datasets/iqa/QualiSR-Set120/sr/PASD/ava_images___827653.png,QualiSR-Set120,ava_images___827653,PASD/ava_images___827653.png,../../../mnt/ssd2/29o_rya/datasets/iqa/QualiSR-Set120/hr/ava_images___827653.png,../../../mnt/ssd2/29o_rya/datasets/iqa/QualiSR-Set120/lr/ava_images___827653.png,test,-1.5512066,2.4669337,1.0360894,-1.7098148,0.65484476,1.2172256,-0.14742342,-0.5207556,1.2395008,-0.34307545,-1.0583813,0.8649258,-0.46746147,-1.6585178,-0.3150969,0.021773439,-2.1077576,0.8909618,-2.2596874,-0.56336,-0.48295623,0.8654755,-0.93794656,0.11698862,0.2905999,-2.0040445,-0.23024043,-0.112200946,-0.35578084,-0.6981658,-0.1422266,0.34217742,-0.33792347,0.21062863,0.2339619,-0.57220787,-0.095666826,-0.7700043,-0.7056197,0.6557919,-0.4104468,-0.09690761,-0.17840354,1.0188875,-0.92482096,1.0783113,0.49730676,0.7517477,0.3583006,0.6683988,-0.50305104,-0.8106467,0.26146415,-0.6768632,-0.2997669,0.02580434,-0.114309125,-0.20390601,-0.35531804,0.46169356,-0.23431338,-0.10295987,-0.7314287,0.018374857,0.027135223,-0.788458,1.0611511,0.24447119,0.63147616,-0.07566947,-0.34881184,-0.072831094,0.06645276,0.16266389,-0.30443442
QualiSR-Set120/RealESRGAN/ava_images___827653.npy.gz,RealESRGAN,ava_images___827653.png,../../../mnt/ssd2/29o_rya/datasets/iqa/QualiSR-Set120/sr/RealESRGAN/ava_images___827653.png,QualiSR-Set120,ava_images___827653,RealESRGAN/ava_images___827653.png,../../../mnt/ssd2/29o_rya/datasets/iqa/QualiSR-Set120/hr/ava_images___827653.png,../../../mnt/ssd2/29o_rya/datasets/iqa/QualiSR-Set120/lr/ava_images___827653.png,test,-1.7970986,2.516018,0.6254499,-1.8000803,1.3896837,1.1072476,-0.27772343,-0.52426344,1.8021979,-0.04781164,-0.93556124,0.43063682,-0.7014874,-1.3534079,-0.53624487,-0.5970044,-2.1534522,0.6479039,-2.086074,-0.5327126,-0.6420762,0.678942,-1.1213509,-0.15747447,0.8834306,-1.0924913,-0.24910673,0.19671983,0.06909907,-0.7921741,0.028100282,0.33246526,0.20094603,0.73543435,0.31408513,-0.037073135,-0.25832874,-0.34005332,0.011214346,0.44893834,-0.36773115,-0.09331057,-0.6591387,0.82266665,-0.64982533,0.98457485,0.38710082,0.50492084,0.47112164,0.43428028,-0.81943345,-0.70757306,0.5854718,-0.64019656,0.12968987,-0.22367886,-0.41803563,-0.0388754,-0.5110214,0.70184624,-0.59686863,-0.21765828,-0.29078,-0.3972021,-0.25734803,-0.6761633,1.104926,0.21802634,0.5122503,0.121182725,-0.09436911,0.22643633,0.21122552,0.07107477,-0.4813745
QualiSR-Set120/SUPIR/ava_images___827653.npy.gz,SUPIR,ava_images___827653.png,../../../mnt/ssd2/29o_rya/datasets/iqa/QualiSR-Set120/sr/SUPIR/ava_images___827653.png,QualiSR-Set120,ava_images___827653,SUPIR/ava_images___827653.png,../../../mnt/ssd2/29o_rya/datasets/iqa/QualiSR-Set120/hr/ava_images___827653.png,../../../mnt/ssd2/29o_rya/datasets/iqa/QualiSR-Set120/lr/ava_images___827653.png,test,-0.6632527,2.0462584,0.57949126,-1.0495534,1.2209781,0.87316704,0.058177684,-0.6545885,1.3200736,-0.100574054,-0.9957723,0.23850131,-1.1092975,-1.6086075,-0.6135459,-0.20240915,-2.0362701,0.8328514,-2.7757864,-0.64448446,-0.7675085,0.8308822,-1.0091348,-0.5063365,-0.061639875,-2.124712,-0.86615884,-0.10205454,-0.068761826,-0.55693364,0.070033506,0.38936463,0.09759715,0.45571333,-0.27261794,-0.5812313,0.143848,-0.5341483,-0.4238384,0.8149302,-0.47098798,-0.05033201,-0.34803528,0.79869854,-0.92604166,0.90261483,0.8211366,0.59086883,0.25034714,0.81158197,-0.5081192,-0.76155293,0.25466835,-0.7569377,-0.028239101,-0.20532939,-0.3875823,-0.19677047,-0.22330664,0.23360464,-0.2738198,-0.25251,-0.64050883,-0.13671297,0.2642426,-0.6792854,1.0921686,0.26603907,0.6438372,0.13652463,-0.31497136,-0.10498363,-0.04617912,0.042410295,-0.4507052
QualiSR-Set120/PASD/ava_images___842206.npy.gz,PASD,ava_images___842206.png,../../../mnt/ssd2/29o_rya/datasets/iqa/QualiSR-Set120/sr/PASD/ava_images___842206.png,QualiSR-Set120,ava_images___842206,PASD/ava_images___842206.png,../../../mnt/ssd2/29o_rya/datasets/iqa/QualiSR-Set120/hr/ava_images___842206.png,../../../mnt/ssd2/29o_rya/datasets/iqa/QualiSR-Set120/lr/ava_images___842206.png,test,-1.6670372,-1.5616524,-1.7283484,2.5384574,0.64979285,1.3168788,0.34821704,-0.4265998,-0.75704074,-0.75234234,0.63579154,0.67782944,-0.40832305,-0.02992984,1.9064109,0.41896856,0.17396253,0.24586172,-1.8888972,1.288223,0.5204448,-0.7562273,1.0263753,-0.12122311,0.0008149445,0.5662021,-0.19363874,0.5277011,0.278888,0.73277897,-0.105888724,-0.43848675,-0.25922894,0.29032922,0.17979525,-0.50501335,0.6052567,0.1599755,-0.077991545,-0.8401922,0.23828986,-0.54944324,0.0505644,-0.53299254,0.698639,-0.51225686,0.34749824,-0.58083576,0.8341416,0.2561624,0.042149305,0.121351436,0.34148684,1.0196643,0.63689584,-0.6753559,0.4198207,0.87658846,0.9030278,-0.19558904,0.12510857,1.4484289,0.4357807,-0.25893363,-0.46913305,-0.6524763,0.56788194,-0.17506665,-1.9173846,-0.18084486,0.47404462,-0.34925452,-0.46431243,0.20454839,-0.28561234
QualiSR-Set120/RealESRGAN/ava_images___842206.npy.gz,RealESRGAN,ava_images___842206.png,../../../mnt/ssd2/29o_rya/datasets/iqa/QualiSR-Set120/sr/RealESRGAN/ava_images___842206.png,QualiSR-Set120,ava_images___842206,RealESRGAN/ava_images___842206.png,../../../mnt/ssd2/29o_rya/datasets/iqa/QualiSR-Set120/hr/ava_images___842206.png,../../../mnt/ssd2/29o_rya/datasets/iqa/QualiSR-Set120/lr/ava_images___842206.png,test,-1.8408716,-1.973345,-1.4522502,2.2566442,0.47647807,1.9090927,0.6300717,-0.17639329,-0.59954613,-1.0949159,0.390078,0.5875599,-0.2746238,-0.38313228,1.5134058,0.4971289,0.14390385,0.1614809,-2.1099908,0.85243374,1.1317334,-0.542944,0.9709588,0.09659905,0.5955143,0.6565547,-0.17527589,0.62706137,-0.02587086,0.76394343,-0.34350315,-0.5994067,-0.45705217,0.9429118,0.60839117,0.09461969,1.1916335,0.17158046,-0.58639944,-0.35485524,0.38960472,-0.55756855,0.03369253,-0.3997022,0.41787392,-0.62833333,0.25779969,-0.23062389,0.3926781,0.14382814,0.003760159,0.01034715,0.11572973,1.019372,0.34057188,-0.8019875,0.71810305,1.1563151,1.169212,-0.10974195,0.10826591,1.0566393,0.25971642,-0.116568476,-0.37306842,-0.5879581,0.9645296,-0.33792543,-1.6956704,-0.045164127,0.49948153,-0.81255424,-0.062893525,0.2179222,-0.23849677
QualiSR-Set120/SUPIR/ava_images___842206.npy.gz,SUPIR,ava_images___842206.png,../../../mnt/ssd2/29o_rya/datasets/iqa/QualiSR-Set120/sr/SUPIR/ava_images___842206.png,QualiSR-Set120,ava_images___842206,SUPIR/ava_images___842206.png,../../../mnt/ssd2/29o_rya/datasets/iqa/QualiSR-Set120/hr/ava_images___842206.png,../../../mnt/ssd2/29o_rya/datasets/iqa/QualiSR-Set120/lr/ava_images___842206.png,test,-1.5506592,-2.193554,-1.6594709,2.5017908,0.75195515,1.4831212,0.53300774,-0.36229873,-0.79020786,-0.882118,0.3429861,0.4899996,-0.67099106,0.08068844,1.6920424,0.29194525,0.18811071,0.27569237,-2.0139368,1.2423172,0.79795116,-0.66530323,1.1386268,0.0028487593,0.24370453,0.66817933,-0.43942556,0.58954865,0.2824242,0.8615029,-0.035681292,-0.45044833,-0.3131475,0.48480827,0.05784662,-0.40446484,0.8238912,0.36432904,-0.4359102,-0.56345505,0.32156768,-0.3121081,-0.05060029,-0.39010122,0.552203,-0.48617992,0.18915711,-0.44515312,0.5519152,0.023830421,0.06406286,0.15308204,0.3488652,0.9900542,0.25872365,-0.5169151,0.46905392,0.7716243,0.6076959,-0.12445493,0.17255308,1.0556753,0.3335038,-0.1086496,-0.31896666,-0.34057832,0.74084973,-0.24589524,-1.8259425,-0.1769559,0.47274157,-0.68740624,-0.18485098,0.01446243,-0.21474957
QualiSR-Set120/PASD/ava_images___846773.npy.gz,PASD,ava_images___846773.png,../../../mnt/ssd2/29o_rya/datasets/iqa/QualiSR-Set120/sr/PASD/ava_images___846773.png,QualiSR-Set120,ava_images___846773,PASD/ava_images___846773.png,../../../mnt/ssd2/29o_rya/datasets/iqa/QualiSR-Set120/hr/ava_images___846773.png,../../../mnt/ssd2/29o_rya/datasets/iqa/QualiSR-Set120/lr/ava_images___846773.png,train,-1.0420904,-5.3773484,-3.8373346,2.587114,7.178143,5.6650343,1.8302917,-0.9514286,0.49387187,-0.471233,1.345574,2.6766603,-1.1943955,1.344378,2.4434817,0.64587426,1.6751652,0.24745521,-2.6446083,3.3995695,-0.0107935965,-1.5427384,1.9259171,1.1562421,-0.6308774,0.045431852,-1.5138766,0.75973904,0.15657878,0.16577618,0.04008186,0.004011318,0.12532032,-0.18114942,-0.20444125,0.08677825,-0.020383283,0.041900586,-0.006356865,0.104058236,0.068624526,0.32352972,-0.10885657,0.12643261,-0.42927337,0.17058645,0.0045963824,0.2941044,-0.23267433,-0.14048819,0.03358397,0.043839104,-0.24104102,-0.00032816827,-0.46265343,0.47256026,-0.31159854,-0.7918695,-0.7580255,0.13011125,0.015006706,-0.18368042,0.101447016,-0.21982804,0.07474488,0.25150475,-0.08461669,0.068921804,-0.17344123,0.15019368,-0.04515156,-0.0002159737,-0.20450966,-0.015226524,-0.14980757
QualiSR-Set120/RealESRGAN/ava_images___846773.npy.gz,RealESRGAN,ava_images___846773.png,../../../mnt/ssd2/29o_rya/datasets/iqa/QualiSR-Set120/sr/RealESRGAN/ava_images___846773.png,QualiSR-Set120,ava_images___846773,RealESRGAN/ava_images___846773.png,../../../mnt/ssd2/29o_rya/datasets/iqa/QualiSR-Set120/hr/ava_images___846773.png,../../../mnt/ssd2/29o_rya/datasets/iqa/QualiSR-Set120/lr/ava_images___846773.png,train,-1.09694,-5.588749,-3.3492837,2.5305362,6.624659,4.763464,2.0325084,-0.001032874,1.272969,-0.73442966,1.1985326,2.5618236,-0.9357912,0.91447407,2.2938194,0.9971183,1.2621067,0.33921877,-2.525344,3.0515077,0.1917702,-1.1439364,1.9014724,0.969706,-0.3324322,-0.14545012,-1.0283823,0.5073695,-0.013882637,0.026714832,0.08634062,-0.063933745,-0.08515555,0.36744195,0.41463876,0.13331413,0.10371381,0.056954827,0.09220974,-0.4598206,-0.005908668,-0.55401176,0.38337326,-0.010767654,0.6523265,-0.43792182,-0.18108438,-0.46951315,0.5616436,0.1409597,-0.19532081,-0.16875553,0.5269198,0.25760958,1.1107937,-1.0864149,0.9378792,2.1866074,1.681964,0.18461809,-0.07415743,0.61208946,-0.0968553,0.3907667,-0.08469373,-0.7267747,0.14633496,-0.1003938,0.119779825,-0.17889856,0.23481697,-0.09630687,0.19951658,0.18361332,0.0021897107
QualiSR-Set120/SUPIR/ava_images___846773.npy.gz,SUPIR,ava_images___846773.png,../../../mnt/ssd2/29o_rya/datasets/iqa/QualiSR-Set120/sr/SUPIR/ava_images___846773.png,QualiSR-Set120,ava_images___846773,SUPIR/ava_images___846773.png,../../../mnt/ssd2/29o_rya/datasets/iqa/QualiSR-Set120/hr/ava_images___846773.png,../../../mnt/ssd2/29o_rya/datasets/iqa/QualiSR-Set120/lr/ava_images___846773.png,train,-0.8270085,-5.2964716,-3.5609083,2.390085,7.149681,5.0662813,2.0065148,-0.3399039,0.8009396,-0.5138347,1.2826631,2.797488,-1.1790986,1.0339377,2.3521116,0.8517775,1.6707695,0.15746278,-2.697603,3.1934528,0.122508764,-1.311029,1.9452051,1.0362843,-0.5974252,0.05567181,-1.434178,0.7043593,0.10972154,0.25608367,-0.062450945,-0.08353464,0.14010748,-0.12815458,-0.20050827,-0.09558728,0.14231676,0.0073413216,0.13816758,0.17820862,0.078832716,0.22655861,-0.19006173,0.019292876,-0.06366648,0.20411834,-0.0843281,-0.020006806,-0.007941984,-0.06040384,0.3059498,-0.036018282,-0.3898285,-0.16399688,-0.52517855,0.5161154,-0.56319535,-1.2223511,-0.93891287,-0.06832279,-0.004148215,-0.41351163,0.08914277,-0.21641499,0.053290397,0.44434813,-0.17314288,0.034672797,0.057251215,0.012116116,-0.11011982,0.15437667,0.01793059,-0.10749911,0.11211079
QualiSR-Set120/PASD/ava_images___857447.npy.gz,PASD,ava_images___857447.png,../../../mnt/ssd2/29o_rya/datasets/iqa/QualiSR-Set120/sr/PASD/ava_images___857447.png,QualiSR-Set120,ava_images___857447,PASD/ava_images___857447.png,../../../mnt/ssd2/29o_rya/datasets/iqa/QualiSR-Set120/hr/ava_images___857447.png,../../../mnt/ssd2/29o_rya/datasets/iqa/QualiSR-Set120/lr/ava_images___857447.png,train,-2.2322502,-4.0191164,-2.5541155,2.7658925,1.9399418,6.0660906,-1.592686,-4.763388,-4.221616,0.9282793,-0.22048587,-1.7552166,0.107132494,0.48322675,-0.64946026,-2.9671621,-1.1412487,-0.20596659,4.508632,-3.1052418,0.34267092,0.5729831,-1.6902726,0.06520165,-0.4567903,-1.0723912,0.35414732,-0.7922069,-0.15511894,-0.01986131,-0.23555306,-0.24300836,-0.2393545,0.011271656,0.16757758,-0.29858753,-0.047720507,-0.24296062,0.14122556,-0.20007792,-0.028859898,-0.5757628,-0.2401107,0.30370837,0.32356933,0.3129591,-0.5475461,-0.39645126,0.9114313,-0.43113256,0.8517089,-0.6257824,-0.47505808,-0.7406197,-0.34351656,-0.048006147,0.1599376,0.16873637,0.30137104,-0.026979342,-0.14031722,0.057937354,-0.26289463,0.12730815,0.0017980933,-0.14841111,-2.038044,1.1190944,-0.6134796,-0.29985297,-0.28234187,0.5178317,-0.24767762,0.06453115,-0.21853864
QualiSR-Set120/RealESRGAN/ava_images___857447.npy.gz,RealESRGAN,ava_images___857447.png,../../../mnt/ssd2/29o_rya/datasets/iqa/QualiSR-Set120/sr/RealESRGAN/ava_images___857447.png,QualiSR-Set120,ava_images___857447,RealESRGAN/ava_images___857447.png,../../../mnt/ssd2/29o_rya/datasets/iqa/QualiSR-Set120/hr/ava_images___857447.png,../../../mnt/ssd2/29o_rya/datasets/iqa/QualiSR-Set120/lr/ava_images___857447.png,train,-2.573198,-4.2235117,-2.6693766,2.5823512,2.5050416,7.051648,-1.0527953,-4.448105,-3.8761864,1.0427185,-0.31014323,-1.2497585,0.31948853,0.726114,-0.6275768,-2.1505725,-1.1504552,-0.7248335,3.845363,-2.6104867,-0.2725498,-0.06385985,-1.3624611,0.45077497,-0.41965663,-0.7638024,-0.19270515,-0.49571666,0.36580026,0.2287214,-0.044768333,0.479419,0.37902212,0.100118935,0.019158497,0.3992126,-0.27556613,0.6292008,-0.8409561,0.50430274,-0.38204965,0.47252142,0.2682405,-0.74631083,-1.0755662,-0.36477134,1.0148784,0.8612021,-2.3251083,0.6264364,-1.5857271,1.2984109,1.2941339,0.74742115,0.31977314,-0.15304145,0.14704569,-0.20303361,0.12644695,-0.6598886,0.27291074,0.18140724,-0.1520052,0.17188317,-0.0011079013,-0.16451217,0.30479753,0.11375129,-0.16357398,-0.019278463,-0.03906524,-0.21904951,0.060435593,-0.17894351,0.09892404
QualiSR-Set120/SUPIR/ava_images___857447.npy.gz,SUPIR,ava_images___857447.png,../../../mnt/ssd2/29o_rya/datasets/iqa/QualiSR-Set120/sr/SUPIR/ava_images___857447.png,QualiSR-Set120,ava_images___857447,SUPIR/ava_images___857447.png,../../../mnt/ssd2/29o_rya/datasets/iqa/QualiSR-Set120/hr/ava_images___857447.png,../../../mnt/ssd2/29o_rya/datasets/iqa/QualiSR-Set120/lr/ava_images___857447.png,train,-2.3168776,-3.7965841,-2.3783014,2.541724,2.089892,6.2941685,-1.0019038,-4.3964076,-4.001047,0.9635623,-0.619926,-1.9115715,0.08863652,0.6577384,-0.6476876,-2.7569478,-1.2652361,-0.4619401,4.3808265,-3.3420486,-0.39027244,0.30914885,-1.4409032,0.062489636,-0.5471346,-0.87651753,0.22565901,-0.46103182,-0.01074177,-0.027105033,-0.20855924,-0.110395685,-0.2707854,-0.3358268,0.15486468,-0.3350059,0.2759977,-0.45399013,0.6112622,-0.19609068,0.20519462,0.0021152496,-0.17394789,0.3326772,0.6469949,0.16841848,-0.42341942,-0.5665689,1.285022,-0.23805691,0.7116718,-0.5347312,-0.73703414,-0.013607003,0.107541755,0.22838376,-0.30600443,0.10589421,-0.30097166,0.54876506,-0.11208071,-0.23578799,0.39726862,-0.23404235,-0.035526276,0.293938,1.8533711,-1.227689,0.7867098,0.27438778,0.29339802,-0.3147947,0.23482062,0.075322196,0.16542819
QualiSR-Set120/PASD/ava_images___864250.npy.gz,PASD,ava_images___864250.png,../../../mnt/ssd2/29o_rya/datasets/iqa/QualiSR-Set120/sr/PASD/ava_images___864250.png,QualiSR-Set120,ava_images___864250,PASD/ava_images___864250.png,../../../mnt/ssd2/29o_rya/datasets/iqa/QualiSR-Set120/hr/ava_images___864250.png,../../../mnt/ssd2/29o_rya/datasets/iqa/QualiSR-Set120/lr/ava_images___864250.png,train,-2.6744757,-1.5878448,-0.34081927,1.2909453,0.12423108,1.9175241,-0.29873088,0.120820686,-1.6532619,-2.778342,-0.17427474,2.752049,-0.7566736,-2.658444,-2.4356728,1.2893045,-3.6503868,-1.6136827,-3.4710646,-1.7123585,-0.54247296,0.43612212,-0.49750775,-2.5730076,2.5150185,2.7388687,1.5573175,-0.18170807,-0.51173294,0.0054742396,0.080128044,-0.3141737,-0.01621893,0.031173289,-0.02240999,-0.17500307,-0.23582351,0.20953362,0.13829958,-0.28117,0.2956207,-0.06213166,-0.0016644001,0.33544397,0.49971303,-0.047252264,-0.46334738,-0.15360281,0.47876605,0.26540378,0.4137038,0.0005761087,0.08843304,0.5476677,0.33635595,-0.30573264,0.046172753,-0.4805574,0.029825166,0.080147564,0.25671303,0.25258625,-0.043538302,-0.32404462,-0.2565888,-0.10339293,0.85295075,0.30669516,-2.410966,0.40431002,-0.19832313,-0.38964045,-0.18019427,-0.37196636,0.27855918
QualiSR-Set120/RealESRGAN/ava_images___864250.npy.gz,RealESRGAN,ava_images___864250.png,../../../mnt/ssd2/29o_rya/datasets/iqa/QualiSR-Set120/sr/RealESRGAN/ava_images___864250.png,QualiSR-Set120,ava_images___864250,RealESRGAN/ava_images___864250.png,../../../mnt/ssd2/29o_rya/datasets/iqa/QualiSR-Set120/hr/ava_images___864250.png,../../../mnt/ssd2/29o_rya/datasets/iqa/QualiSR-Set120/lr/ava_images___864250.png,train,-2.8243809,-1.5982488,-0.13744137,1.0261023,-0.045478806,2.0476983,-0.5418775,0.19102089,-1.4817877,-2.5807817,-0.32807323,2.804204,-0.6490821,-2.7160163,-2.7032,1.3871602,-3.9337218,-1.6202998,-3.3181114,-1.9525616,-0.6659053,0.5434319,-0.6442485,-2.6260653,2.4835386,2.7470794,1.7142338,-0.3760105,-0.57220936,-0.111038804,0.4289099,0.22846267,0.24939327,0.2707759,0.37777185,0.04753828,-0.06580734,0.16409706,0.0025027692,-0.19826512,-0.1126713,0.20285206,0.15563615,0.17159472,-0.14506859,-0.029184375,-0.35817158,-0.3261844,0.30029103,0.106139794,-0.27302876,0.8115233,0.7114636,1.1309936,0.58748627,-0.18117732,-0.53320384,0.06990242,-0.7420977,0.9336636,-0.2002768,-0.086168796,1.099966,-1.1880523,0.15911478,-0.43759966,-0.8397901,0.25243258,1.4935045,-0.32524532,0.20595348,0.3949937,0.023959458,0.19260186,-0.20033851
QualiSR-Set120/SUPIR/ava_images___864250.npy.gz,SUPIR,ava_images___864250.png,../../../mnt/ssd2/29o_rya/datasets/iqa/QualiSR-Set120/sr/SUPIR/ava_images___864250.png,QualiSR-Set120,ava_images___864250,SUPIR/ava_images___864250.png,../../../mnt/ssd2/29o_rya/datasets/iqa/QualiSR-Set120/hr/ava_images___864250.png,../../../mnt/ssd2/29o_rya/datasets/iqa/QualiSR-Set120/lr/ava_images___864250.png,train,-2.8237822,-1.9754887,-0.5113524,1.5045636,-0.16485122,2.3698094,-0.6944291,-0.23537236,-1.4457769,-2.6189706,-0.16202271,3.3996418,-1.051445,-2.9668474,-2.1023548,1.2718021,-3.8800032,-1.3859549,-3.9367874,-1.703532,-0.2883823,0.18791196,-0.04184328,-2.5220852,2.5890121,2.847414,1.7277517,-0.064790696,-0.25975525,-0.15725893,0.10557237,0.028826773,0.005439386,-0.24506944,-0.49722832,0.031054795,-0.09001337,-0.050605867,-0.58556294,0.28420275,-0.15105012,-0.13393289,-0.18672845,-0.50784916,-0.1639157,0.123608395,0.6122037,0.5599021,-0.59966135,-0.38671184,-0.056884885,-0.58402574,-0.9569373,-1.5890703,-0.9181086,0.5016364,0.44946566,0.29281583,0.6058809,-1.0015153,-0.11384477,-0.091977626,-1.0571089,1.5461193,-0.0033753812,0.52480674,-0.036569074,-0.57230616,0.8488529,-0.01463224,0.021043241,0.024025444,0.09358093,0.1706009,-0.0799181
QualiSR-Set120/PASD/ava_images___865616.npy.gz,PASD,ava_images___865616.png,../../../mnt/ssd2/29o_rya/datasets/iqa/QualiSR-Set120/sr/PASD/ava_images___865616.png,QualiSR-Set120,ava_images___865616,PASD/ava_images___865616.png,../../../mnt/ssd2/29o_rya/datasets/iqa/QualiSR-Set120/hr/ava_images___865616.png,../../../mnt/ssd2/29o_rya/datasets/iqa/QualiSR-Set120/lr/ava_images___865616.png,train,-1.4804947,1.9123545,-2.5951707,3.1150508,-0.65563464,-1.4332856,-2.6442945,-1.1416062,0.2988609,7.642738,-4.1439967,1.8699956,1.4037681,1.5886922,-1.2299525,3.0808663,0.36330277,-4.546914,0.10555372,1.3621616,1.081481,-0.63747835,-0.25233763,-0.44922358,0.26987144,-0.18486089,-0.36815783,-0.47481683,-0.17564094,-0.13652891,-0.017724603,-0.11393209,0.01724948,0.06958479,0.008094013,-0.07694182,0.14090425,-0.13021329,0.06796235,0.019508347,0.13781616,0.06491031,0.20516635,0.041482583,-0.07263509,0.07701792,-0.09591727,-0.1031219,0.037557118,0.19249102,-0.071863055,-0.12475836,-0.07749559,0.113826215,-0.041834787,-0.05498007,-0.10630458,-0.13676059,-0.09861706,0.04050851,-0.10090025,0.051651165,-0.009875752,-0.16487452,-0.10368535,0.09316304,0.13840209,0.082532465,0.07068944,-0.034757946,-0.12942722,0.09704971,0.0043662563,0.09709154,-0.27576518
QualiSR-Set120/RealESRGAN/ava_images___865616.npy.gz,RealESRGAN,ava_images___865616.png,../../../mnt/ssd2/29o_rya/datasets/iqa/QualiSR-Set120/sr/RealESRGAN/ava_images___865616.png,QualiSR-Set120,ava_images___865616,RealESRGAN/ava_images___865616.png,../../../mnt/ssd2/29o_rya/datasets/iqa/QualiSR-Set120/hr/ava_images___865616.png,../../../mnt/ssd2/29o_rya/datasets/iqa/QualiSR-Set120/lr/ava_images___865616.png,train,-1.1426415,2.0005784,-2.346404,2.810776,-0.61327404,-1.7289636,-2.576652,-1.1115601,0.31268764,7.252589,-4.069046,1.8142259,1.4099636,1.4561697,-1.2716407,2.9511933,0.3030203,-4.359335,0.058920264,1.4120891,1.2367506,-0.5802108,-0.30671197,-0.36946917,0.12111518,-0.06773794,-0.4448178,-0.42966667,-0.085166454,-0.025544614,0.10739553,0.08402534,0.015250348,0.22541314,-0.27077124,0.027437001,0.15464851,0.035455253,-0.022358626,0.020448998,-0.06863853,-0.05394204,0.011157244,0.13367645,0.057158582,-0.03986464,0.1915476,0.07770096,-0.017351009,-0.20205085,0.071505964,-0.12196699,0.2443647,-0.0023273528,0.0062077492,-0.0016802549,0.20961976,-0.021428317,0.060747936,-0.117440194,0.006681636,0.15031458,-0.029267952,0.018868517,0.067283124,-0.13696408,-0.4051165,-0.36132333,0.029109359,0.5497214,0.35974222,0.4487942,-0.8585935,0.4936771,1.8492907
QualiSR-Set120/SUPIR/ava_images___865616.npy.gz,SUPIR,ava_images___865616.png,../../../mnt/ssd2/29o_rya/datasets/iqa/QualiSR-Set120/sr/SUPIR/ava_images___865616.png,QualiSR-Set120,ava_images___865616,SUPIR/ava_images___865616.png,../../../mnt/ssd2/29o_rya/datasets/iqa/QualiSR-Set120/hr/ava_images___865616.png,../../../mnt/ssd2/29o_rya/datasets/iqa/QualiSR-Set120/lr/ava_images___865616.png,train,-1.1876948,1.9750924,-2.3937998,2.796909,-0.6259661,-1.8622985,-2.4174483,-0.9489205,0.2927341,7.420311,-3.9863396,1.9442542,1.3309867,1.5703187,-1.292944,2.9312513,0.47965884,-4.2175617,-0.17796753,1.2964711,1.1277044,-0.6303345,-0.17078353,-0.51908547,0.22017124,0.0037233233,-0.36228344,-0.34998783,-0.24710345,-0.20510918,-0.09189889,-0.23868598,-0.070925534,-0.037995458,-0.19429624,0.07457632,-0.024185091,-0.22289257,-0.16293126,0.03806013,0.05483827,-0.051695824,-0.14664316,-0.046995923,0.047248743,0.18608098,-0.17864911,-0.115471244,0.019568697,-0.019944012,-0.025392473,0.0937493,-0.20279159,-0.17929521,0.17090356,0.04923308,-0.11512556,0.18977788,0.066103145,0.07407597,0.024251968,-0.13913086,0.054738924,0.16669945,0.03460923,0.03564599,0.2754979,0.28925854,-0.09530297,-0.5080952,-0.2633299,-0.5555814,0.8015905,-0.63534296,-1.5553284
QualiSR-Set120/PASD/ava_images___953752.npy.gz,PASD,ava_images___953752.png,../../../mnt/ssd2/29o_rya/datasets/iqa/QualiSR-Set120/sr/PASD/ava_images___953752.png,QualiSR-Set120,ava_images___953752,PASD/ava_images___953752.png,../../../mnt/ssd2/29o_rya/datasets/iqa/QualiSR-Set120/hr/ava_images___953752.png,../../../mnt/ssd2/29o_rya/datasets/iqa/QualiSR-Set120/lr/ava_images___953752.png,train,0.9920347,-0.32065964,0.29624036,0.64687306,0.28604084,-2.8384433,-0.6121737,-1.0280777,0.6398682,0.062027138,0.0627988,-1.7800348,-2.1094778,-0.49261522,-0.68073595,-0.49877402,-1.5669446,0.4903547,0.16848065,0.0996767,-0.59217554,-2.7901304,-0.22662507,3.0766919,-2.958451,4.650035,-0.15899265,-2.357649,-1.6346748,-0.111484975,-0.03100282,-0.097886875,-0.22098084,0.08538449,-0.022565097,0.028768867,-0.13992107,-0.01825114,-0.04298243,0.0688595,0.29921356,0.095033035,0.08727804,0.103894785,-0.08064203,0.21852174,0.13103513,-0.10404685,0.016643502,0.05549459,-0.07326585,-0.04582277,-0.027532652,-0.08948144,0.19541302,0.0009967387,-0.036242634,-0.0409856,-0.062104166,0.040320516,0.06432307,0.067683876,0.052501533,0.090764984,0.041084617,-0.08030188,0.07695608,0.043942988,-0.0416272,0.07838602,0.019713849,-0.13946013,-0.0063884985,0.020565141,-0.027997144
QualiSR-Set120/RealESRGAN/ava_images___953752.npy.gz,RealESRGAN,ava_images___953752.png,../../../mnt/ssd2/29o_rya/datasets/iqa/QualiSR-Set120/sr/RealESRGAN/ava_images___953752.png,QualiSR-Set120,ava_images___953752,RealESRGAN/ava_images___953752.png,../../../mnt/ssd2/29o_rya/datasets/iqa/QualiSR-Set120/hr/ava_images___953752.png,../../../mnt/ssd2/29o_rya/datasets/iqa/QualiSR-Set120/lr/ava_images___953752.png,train,0.8685403,0.05658388,0.22112656,0.5111071,0.33905762,-2.7583318,-0.64889944,-1.0221409,0.7123262,0.10659027,-0.018636584,-1.7255671,-2.1888897,-0.2639363,-0.7145082,-0.3982413,-1.5370147,0.36793226,0.2593391,0.07597597,-0.39919582,-2.8081143,-0.26034856,3.1422572,-2.9450943,4.754864,-0.29829854,-2.3724387,-1.6771843,-0.20233703,0.058359206,0.080884635,-0.053543568,0.32112843,0.06829186,0.015625358,0.29481554,0.20863456,0.19102079,-0.12918468,0.031898677,-0.08605331,0.07921834,0.02089791,-0.13494718,0.13752173,0.08684247,0.05412911,0.030669771,0.116640955,-0.009481385,-0.09861402,0.039706096,0.002204612,-0.020675063,-0.0012246966,-0.05402758,0.023155868,0.04278259,-0.06360957,0.06756262,0.09917863,0.0065532103,-0.04519603,-0.0032038987,0.08531168,0.031684905,-0.02867949,-0.01846546,-0.03467384,0.028695509,0.22952627,-0.04624439,-0.04203595,0.029677719
QualiSR-Set120/SUPIR/ava_images___953752.npy.gz,SUPIR,ava_images___953752.png,../../../mnt/ssd2/29o_rya/datasets/iqa/QualiSR-Set120/sr/SUPIR/ava_images___953752.png,QualiSR-Set120,ava_images___953752,SUPIR/ava_images___953752.png,../../../mnt/ssd2/29o_rya/datasets/iqa/QualiSR-Set120/hr/ava_images___953752.png,../../../mnt/ssd2/29o_rya/datasets/iqa/QualiSR-Set120/lr/ava_images___953752.png,train,0.88810027,0.004530072,0.22205281,0.49846488,0.2433782,-2.7322667,-0.68076664,-1.1820414,0.7799024,-0.12794821,0.07350099,-1.9324789,-2.1620176,-0.38824022,-0.87043595,-0.59557664,-1.5232515,0.3445807,0.11802004,0.11461163,-0.34386724,-2.998491,-0.26617706,3.2501242,-3.053901,4.7951746,-0.36673686,-2.475024,-1.7571194,-0.2240367,-0.09066433,-0.15618451,-0.15283278,0.1904859,0.0726565,0.15680626,0.1350168,0.031847928,0.0025385767,0.121952325,0.14631382,0.0030560195,0.11044873,0.06714173,-0.09618685,0.17867316,0.07119119,-0.03841342,0.050045162,0.07277016,0.019855946,0.020579182,0.039984718,-0.087521955,-0.03088902,0.02532494,0.014905655,0.018758088,0.06326543,0.07032445,-0.0931641,-0.083298445,-0.03711258,0.12762159,0.042654783,-0.044855237,-0.016226187,0.12163252,0.07766396,-0.021552633,-0.05207333,-0.019864941,0.04436031,0.024121974,0.0014987886
QualiSR-Set120/PASD/blur_dataset___out_of_focus0685.npy.gz,PASD,blur_dataset___out_of_focus0685.png,../../../mnt/ssd2/29o_rya/datasets/iqa/QualiSR-Set120/sr/PASD/blur_dataset___out_of_focus0685.png,QualiSR-Set120,blur_dataset___out_of_focus0685,PASD/blur_dataset___out_of_focus0685.png,../../../mnt/ssd2/29o_rya/datasets/iqa/QualiSR-Set120/hr/blur_dataset___out_of_focus0685.png,../../../mnt/ssd2/29o_rya/datasets/iqa/QualiSR-Set120/lr/blur_dataset___out_of_focus0685.png,train,-2.0083723,-0.584322,2.486813,-2.5958524,-0.1903035,-0.33427882,0.59860635,-0.5943668,0.16844714,-2.435851,0.121337235,-1.3640246,0.6449062,6.2078795,-2.9827132,0.4969856,-0.11099157,-1.7808864,-2.8943324,-2.8428788,1.7141376,0.5716427,2.481297,2.0418615,-1.1372708,-1.8443283,0.6925255,-0.35188952,0.1705184,-0.7386441,0.1208387,-0.63378483,-0.021217495,-0.97022736,0.36457574,-1.0770862,-1.0582737,-0.12823026,-1.0127224,-2.9102933,0.31661817,-0.83761513,1.3071862,0.79391897,-0.16816825,0.3481968,0.23906521,0.020374238,0.3988036,-1.0541906,-1.9100436,-0.20859197,0.16979825,-0.7059118,-0.30887875,-0.29055223,0.21643728,-0.48318875,-0.25948384,0.32075718,0.38853392,0.052175805,-0.3505785,-0.30422062,-0.030691892,-0.15792488,0.06213142,-0.11604828,0.054042876,-0.094857976,-0.081380785,-0.122465625,-0.04807877,-0.10838376,0.05946982
QualiSR-Set120/RealESRGAN/blur_dataset___out_of_focus0685.npy.gz,RealESRGAN,blur_dataset___out_of_focus0685.png,../../../mnt/ssd2/29o_rya/datasets/iqa/QualiSR-Set120/sr/RealESRGAN/blur_dataset___out_of_focus0685.png,QualiSR-Set120,blur_dataset___out_of_focus0685,RealESRGAN/blur_dataset___out_of_focus0685.png,../../../mnt/ssd2/29o_rya/datasets/iqa/QualiSR-Set120/hr/blur_dataset___out_of_focus0685.png,../../../mnt/ssd2/29o_rya/datasets/iqa/QualiSR-Set120/lr/blur_dataset___out_of_focus0685.png,train,-2.6304483,-0.5016041,2.997185,-3.0860922,-0.24855435,0.71234727,0.31995648,0.1470866,0.7282708,-1.9902073,0.09844333,-1.4287231,1.058568,5.85809,-3.0270543,0.42321005,-0.2580285,-1.77805,-3.087434,-3.538056,2.0326424,0.27062306,2.4524107,2.10048,-0.48372763,-1.4011403,0.5461049,-0.17821041,0.3728373,-0.3051573,-0.06492852,0.49680668,0.7784652,1.3450019,0.7506124,1.1409705,0.7519266,-0.17451134,2.2745316,2.364105,1.0985415,0.33614463,-2.160547,-0.3978817,1.0115914,0.2043117,-0.534476,0.7639127,0.25075606,-0.010226451,-0.68865454,0.31901228,0.111040704,-0.092543304,0.436073,0.28178254,0.38975498,-0.17645542,0.2094811,0.16174325,0.53339577,-0.08289456,-0.19027835,0.054948624,0.032539636,0.09635857,-0.18468656,-0.15650475,-0.04000753,-0.030773718,-0.090518296,0.14062078,0.12265544,0.038602512,0.0008108765
QualiSR-Set120/SUPIR/blur_dataset___out_of_focus0685.npy.gz,SUPIR,blur_dataset___out_of_focus0685.png,../../../mnt/ssd2/29o_rya/datasets/iqa/QualiSR-Set120/sr/SUPIR/blur_dataset___out_of_focus0685.png,QualiSR-Set120,blur_dataset___out_of_focus0685,SUPIR/blur_dataset___out_of_focus0685.png,../../../mnt/ssd2/29o_rya/datasets/iqa/QualiSR-Set120/hr/blur_dataset___out_of_focus0685.png,../../../mnt/ssd2/29o_rya/datasets/iqa/QualiSR-Set120/lr/blur_dataset___out_of_focus0685.png,train,-1.8647418,-0.88478166,2.8145392,-3.5051405,-0.6156228,0.12518907,0.20986332,-0.94403124,0.39620787,-2.8386111,-0.046776414,-1.3177562,0.70873207,6.344562,-3.2435079,0.340318,0.3098812,-2.0256345,-3.0523665,-2.4312685,1.6168368,0.5396143,2.3480182,2.0216591,-0.9410534,-1.6647607,0.9251667,-0.45027074,-0.119704366,-0.43483132,-0.12367007,-0.31677794,-0.44509035,-0.2970947,-0.76651305,-0.24098355,0.09652585,0.32088968,-1.1618938,0.4679511,-1.1224606,0.617658,1.0221312,-0.397447,-0.75159657,-0.46861824,0.13565993,-0.7845153,-0.767977,1.0935476,2.5884118,-0.0886727,-0.31879395,0.8597906,-0.26380032,0.29037422,-0.66104096,0.7741374,0.17211004,-0.57975435,-0.8545346,0.036701232,0.48497045,0.1347869,-0.008022547,0.1408861,0.056644216,0.20691156,-0.053168863,0.11449519,0.067108676,0.05531879,0.015177216,0.06650336,-0.0061914027
QualiSR-Set120/PASD/voc_emotic_ava___EMOTIC__COCO_train2014_000000244530.npy.gz,PASD,voc_emotic_ava___EMOTIC__COCO_train2014_000000244530.png,../../../mnt/ssd2/29o_rya/datasets/iqa/QualiSR-Set120/sr/PASD/voc_emotic_ava___EMOTIC__COCO_train2014_000000244530.png,QualiSR-Set120,voc_emotic_ava___EMOTIC__COCO_train2014_000000244530,PASD/voc_emotic_ava___EMOTIC__COCO_train2014_000000244530.png,../../../mnt/ssd2/29o_rya/datasets/iqa/QualiSR-Set120/hr/voc_emotic_ava___EMOTIC__COCO_train2014_000000244530.png,../../../mnt/ssd2/29o_rya/datasets/iqa/QualiSR-Set120/lr/voc_emotic_ava___EMOTIC__COCO_train2014_000000244530.png,train,-5.6171246,8.356672,-1.0702707,3.3681586,0.088743284,1.0976675,6.860627,2.785095,-4.627216,0.79417825,3.2295105,-1.1421888,-1.8130527,-1.3695395,-4.309729,0.38433644,3.1095688,0.24759248,0.45605296,1.0773509,-0.24629322,1.0442123,-0.07916008,0.09965034,-0.19510451,0.19330058,-0.18701646,0.08454922,-0.06866372,0.06122163,-0.33672944,-0.5301673,0.04757078,-0.4795305,-0.5460087,-0.39148474,-1.7270787,-0.72668123,0.7216067,0.78784335,1.1045263,2.6780128,1.046918,0.05685346,-0.42987114,0.38101438,-0.7251807,-0.9852498,-0.16903031,-0.14273159,-0.9736694,-0.45173222,-0.2808432,-0.2630281,0.21189116,-0.049811095,-0.34715435,0.720338,0.19800858,-0.27974355,0.18791272,-0.891542,0.33747247,0.25724167,0.57726055,0.047778964,-0.08758326,0.18368,-0.14750254,0.01699176,0.21077366,0.04585727,-0.09091313,-0.041564744,0.13292682
QualiSR-Set120/RealESRGAN/voc_emotic_ava___EMOTIC__COCO_train2014_000000244530.npy.gz,RealESRGAN,voc_emotic_ava___EMOTIC__COCO_train2014_000000244530.png,../../../mnt/ssd2/29o_rya/datasets/iqa/QualiSR-Set120/sr/RealESRGAN/voc_emotic_ava___EMOTIC__COCO_train2014_000000244530.png,QualiSR-Set120,voc_emotic_ava___EMOTIC__COCO_train2014_000000244530,RealESRGAN/voc_emotic_ava___EMOTIC__COCO_train2014_000000244530.png,../../../mnt/ssd2/29o_rya/datasets/iqa/QualiSR-Set120/hr/voc_emotic_ava___EMOTIC__COCO_train2014_000000244530.png,../../../mnt/ssd2/29o_rya/datasets/iqa/QualiSR-Set120/lr/voc_emotic_ava___EMOTIC__COCO_train2014_000000244530.png,train,-4.76532,7.1564527,-0.14875773,2.9511588,0.43438601,0.5825205,6.160621,2.7453089,-3.8745847,1.1800352,3.4659085,-1.5932887,-1.1914432,-0.81207895,-3.7983184,0.4188556,1.9856904,-0.5876671,0.2502212,1.1332483,-0.31705067,0.064430565,0.037146732,0.60698575,-0.21175113,-0.12330949,0.10816681,0.088587284,0.10944033,0.021392792,0.39706367,0.5768387,-0.2262397,0.58452827,0.8046285,0.28213352,1.3700609,0.80122614,-0.9009603,-0.9373169,-1.0848498,-2.7735078,-1.2701685,-0.2960328,0.46964666,-0.6409706,0.40799433,1.0318869,0.13871333,0.17255181,0.052647144,0.326066,-0.23209243,-0.11708758,0.26550063,-0.3589925,-0.6684005,0.083171755,0.06895043,-0.33291605,-0.014925927,-1.4239652,0.86117613,0.25818107,0.1885359,0.40480432,-0.044848397,-0.015474975,-0.25864664,0.05528949,0.36947387,-0.04751306,0.10953756,0.06013825,0.022213638
QualiSR-Set120/SUPIR/voc_emotic_ava___EMOTIC__COCO_train2014_000000244530.npy.gz,SUPIR,voc_emotic_ava___EMOTIC__COCO_train2014_000000244530.png,../../../mnt/ssd2/29o_rya/datasets/iqa/QualiSR-Set120/sr/SUPIR/voc_emotic_ava___EMOTIC__COCO_train2014_000000244530.png,QualiSR-Set120,voc_emotic_ava___EMOTIC__COCO_train2014_000000244530,SUPIR/voc_emotic_ava___EMOTIC__COCO_train2014_000000244530.png,../../../mnt/ssd2/29o_rya/datasets/iqa/QualiSR-Set120/hr/voc_emotic_ava___EMOTIC__COCO_train2014_000000244530.png,../../../mnt/ssd2/29o_rya/datasets/iqa/QualiSR-Set120/lr/voc_emotic_ava___EMOTIC__COCO_train2014_000000244530.png,train,-5.143072,7.880038,-0.79972076,3.3778067,0.27096215,0.9478471,6.6793575,3.193626,-4.0867505,0.9032545,3.4161367,-1.2227333,-1.2665557,-0.9824856,-3.6540706,0.1999356,2.2398074,-0.1882897,0.30494648,0.97770315,-0.19913247,0.61541545,-0.0179535,0.33224827,-0.5203077,-0.16901243,-0.011133879,0.013340712,-0.19761574,0.3061719,-0.282614,-0.14104362,0.011328898,-0.020137846,-0.21016192,0.097554445,0.59323597,-0.08591269,0.06872386,0.11260554,-0.22102879,-0.2706014,0.048885778,0.13016139,0.053954862,0.22017232,0.46927333,0.09857072,0.034371823,-0.07006998,1.1060243,0.29531938,0.50004804,0.31483847,-0.43970236,0.42349637,1.037816,-0.78591454,-0.22474557,0.56529534,-0.19554685,2.3093734,-1.1623187,-0.4023864,-0.73162746,-0.46661234,0.1460367,-0.14845368,0.4650051,-0.111919865,-0.583405,0.0029035658,-0.034060493,0.014743578,-0.14555924
QualiSR-Set120/PASD/voc_emotic_ava___EMOTIC__COCO_train2014_000000247190.npy.gz,PASD,voc_emotic_ava___EMOTIC__COCO_train2014_000000247190.png,../../../mnt/ssd2/29o_rya/datasets/iqa/QualiSR-Set120/sr/PASD/voc_emotic_ava___EMOTIC__COCO_train2014_000000247190.png,QualiSR-Set120,voc_emotic_ava___EMOTIC__COCO_train2014_000000247190,PASD/voc_emotic_ava___EMOTIC__COCO_train2014_000000247190.png,../../../mnt/ssd2/29o_rya/datasets/iqa/QualiSR-Set120/hr/voc_emotic_ava___EMOTIC__COCO_train2014_000000247190.png,../../../mnt/ssd2/29o_rya/datasets/iqa/QualiSR-Set120/lr/voc_emotic_ava___EMOTIC__COCO_train2014_000000247190.png,train,0.8285949,-1.4184549,-0.88462734,1.9353547,-1.259613,-3.0079837,-1.2386861,-0.9545026,-0.78042454,-0.048305225,1.1289005,-0.6737438,-0.6027912,0.35302216,-0.6508927,-0.27903238,0.063040316,0.9134306,1.1324579,0.2021747,-1.656034,-0.82614523,2.7078853,-0.5505059,1.9238077,-1.2241783,-0.52438676,-0.9889724,-0.4100777,0.04555124,2.9645786,-0.4995576,0.09994831,-0.19171274,-0.2350055,-0.23961756,-0.34455255,-0.37031937,0.457541,0.157913,0.21750444,-0.23898683,0.008941181,0.2582121,-0.1829913,-0.059955183,0.31573504,0.2082377,-0.110418856,0.14151928,0.32225966,0.1771387,0.2307825,0.12692663,-0.11807069,0.27658278,0.278424,0.034092605,-0.18248852,0.45489958,-0.12311311,-0.11618525,-0.50207716,0.046048526,0.44394574,-0.628925,-0.82399374,-0.36075157,-0.092541486,1.7891756,1.1006576,-0.6909128,0.5646812,-0.0004485473,-0.29990003
QualiSR-Set120/RealESRGAN/voc_emotic_ava___EMOTIC__COCO_train2014_000000247190.npy.gz,RealESRGAN,voc_emotic_ava___EMOTIC__COCO_train2014_000000247190.png,../../../mnt/ssd2/29o_rya/datasets/iqa/QualiSR-Set120/sr/RealESRGAN/voc_emotic_ava___EMOTIC__COCO_train2014_000000247190.png,QualiSR-Set120,voc_emotic_ava___EMOTIC__COCO_train2014_000000247190,RealESRGAN/voc_emotic_ava___EMOTIC__COCO_train2014_000000247190.png,../../../mnt/ssd2/29o_rya/datasets/iqa/QualiSR-Set120/hr/voc_emotic_ava___EMOTIC__COCO_train2014_000000247190.png,../../../mnt/ssd2/29o_rya/datasets/iqa/QualiSR-Set120/lr/voc_emotic_ava___EMOTIC__COCO_train2014_000000247190.png,train,0.944652,-1.2243569,-0.96359134,2.0008748,-1.3470305,-3.2534285,-1.3274206,-1.0023044,-0.65558505,-0.3745696,1.2502879,-0.550059,-0.95765257,0.33915773,-0.44915694,-0.46959218,-0.111424744,1.2118381,1.3506697,0.65710425,-1.4497104,-0.905152,3.3322623,-0.9182938,2.2878456,-1.5030396,-0.6966653,-1.213436,-0.76014566,-0.22887295,4.2231565,-0.5848038,0.19948566,0.48480517,0.2048486,-0.19792658,0.27371973,-0.00014816225,-0.016387492,-0.2287601,-0.17318568,0.4941001,-0.20366913,-0.5851912,0.018057272,0.25809774,-0.27498668,0.026816443,-0.20393702,-0.089126706,-0.20305577,0.027709112,-0.4142804,-0.041572697,-0.075068295,-0.29878852,-0.7694471,0.016723126,0.6311406,0.112984985,0.16173011,0.21315365,0.26478645,0.10273209,-0.5646472,0.487415,0.6359399,0.29645455,0.01412046,-1.251893,-0.8036138,0.4689213,-0.44053632,0.08167489,0.36563915
QualiSR-Set120/SUPIR/voc_emotic_ava___EMOTIC__COCO_train2014_000000247190.npy.gz,SUPIR,voc_emotic_ava___EMOTIC__COCO_train2014_000000247190.png,../../../mnt/ssd2/29o_rya/datasets/iqa/QualiSR-Set120/sr/SUPIR/voc_emotic_ava___EMOTIC__COCO_train2014_000000247190.png,QualiSR-Set120,voc_emotic_ava___EMOTIC__COCO_train2014_000000247190,SUPIR/voc_emotic_ava___EMOTIC__COCO_train2014_000000247190.png,../../../mnt/ssd2/29o_rya/datasets/iqa/QualiSR-Set120/hr/voc_emotic_ava___EMOTIC__COCO_train2014_000000247190.png,../../../mnt/ssd2/29o_rya/datasets/iqa/QualiSR-Set120/lr/voc_emotic_ava___EMOTIC__COCO_train2014_000000247190.png,train,1.0435406,-1.582962,-0.8636018,1.9445733,-1.3860006,-3.2164383,-1.1901524,-1.0419812,-0.8487963,-0.07614255,1.1432966,-0.6233357,-0.85428613,0.4114907,-0.68788296,-0.4673259,-0.023082763,1.2358663,1.236309,0.45371526,-1.553627,-0.872377,3.1320827,-0.747162,2.1591914,-1.3367304,-0.7105894,-1.2130507,-0.7684814,-0.031993926,3.910801,-0.54982716,0.26988676,0.16530538,-0.06963983,-0.25022298,0.16033709,-0.27176732,0.17211604,-0.045735523,-0.069038376,0.17223643,-0.018336356,-0.107038125,-0.10158491,0.10507062,-0.003416039,0.015988037,-0.09079348,-0.046062298,0.005151093,0.08531812,-0.07817496,0.07136522,-0.083453685,0.047199935,-0.26643625,-0.14916715,0.12371011,0.27368304,0.048426896,0.08361678,-0.14302321,0.059088584,-0.09944132,-0.002022773,-0.062858894,0.008837998,0.042681932,0.08248897,-0.00020077825,-0.013035595,0.040323287,-0.08571635,-0.13047597
QualiSR-Set120/PASD/voc_emotic_ava___EMOTIC__COCO_val2014_000000020598.npy.gz,PASD,voc_emotic_ava___EMOTIC__COCO_val2014_000000020598.png,../../../mnt/ssd2/29o_rya/datasets/iqa/QualiSR-Set120/sr/PASD/voc_emotic_ava___EMOTIC__COCO_val2014_000000020598.png,QualiSR-Set120,voc_emotic_ava___EMOTIC__COCO_val2014_000000020598,PASD/voc_emotic_ava___EMOTIC__COCO_val2014_000000020598.png,../../../mnt/ssd2/29o_rya/datasets/iqa/QualiSR-Set120/hr/voc_emotic_ava___EMOTIC__COCO_val2014_000000020598.png,../../../mnt/ssd2/29o_rya/datasets/iqa/QualiSR-Set120/lr/voc_emotic_ava___EMOTIC__COCO_val2014_000000020598.png,train,-5.630583,2.1408367,-3.6404295,5.1331816,-8.0326805,4.129981,0.17144857,4.0351963,4.6346025,-2.228393,-3.5999353,-1.8546946,-1.4432515,1.7270865,3.236024,-1.1501237,-0.96185184,0.9962698,0.21455075,0.46380627,-0.37241602,-0.012658179,-0.21330981,-0.17040066,0.23627123,-0.18505776,-0.25634828,0.08922276,-0.027272701,0.09465632,-1.279209,-4.342573,-0.7364327,1.3242679,1.2063204,-0.12241496,-0.3947459,0.2342227,0.25954342,-0.7943022,0.00038026273,0.29616028,-0.27476844,0.2818057,-0.6135753,0.26919183,-1.5762637,1.4524891,-0.4810579,0.7230281,0.49054113,0.7912296,-0.25563973,-0.5865983,-0.07361969,-0.340535,-0.16732472,0.028856069,-0.04524827,-0.03715259,-0.123591885,0.074566334,-0.106810495,-0.010592185,0.057456464,-0.23238608,0.0051677823,-0.09747934,0.1521439,-0.045378614,0.15841582,-0.123552114,0.0011775196,0.058371447,0.097767964
QualiSR-Set120/RealESRGAN/voc_emotic_ava___EMOTIC__COCO_val2014_000000020598.npy.gz,RealESRGAN,voc_emotic_ava___EMOTIC__COCO_val2014_000000020598.png,../../../mnt/ssd2/29o_rya/datasets/iqa/QualiSR-Set120/sr/RealESRGAN/voc_emotic_ava___EMOTIC__COCO_val2014_000000020598.png,QualiSR-Set120,voc_emotic_ava___EMOTIC__COCO_val2014_000000020598,RealESRGAN/voc_emotic_ava___EMOTIC__COCO_val2014_000000020598.png,../../../mnt/ssd2/29o_rya/datasets/iqa/QualiSR-Set120/hr/voc_emotic_ava___EMOTIC__COCO_val2014_000000020598.png,../../../mnt/ssd2/29o_rya/datasets/iqa/QualiSR-Set120/lr/voc_emotic_ava___EMOTIC__COCO_val2014_000000020598.png,train,-5.338918,2.4064126,-2.6883876,4.1001225,-6.904322,4.2729883,0.80369264,3.2816167,4.0427594,-1.2355576,-3.2877316,-2.3420641,-0.44854617,1.3708189,2.6405473,-0.6555195,-0.90628165,0.8736719,-0.26614177,-0.30983734,-1.3979733,-0.88681024,0.8816973,-0.48513895,-1.0755612,-0.0624339,0.4361254,-0.06864068,0.29889393,-0.3215394,0.9213886,5.742106,0.9397424,-1.9032335,-1.3102348,0.22361243,0.6916214,-0.849167,-0.10532424,-0.6024937,0.23990431,0.46287203,0.44646645,0.48578954,0.08804161,-0.14061603,-0.8749601,0.89938664,0.1867505,0.39132577,0.15452233,0.2434727,-0.12982024,-0.2968234,0.120576754,-0.07483283,0.04915391,0.05817005,0.06446685,-0.013166875,0.013061658,0.23076138,0.17399314,0.061283927,0.0703927,0.1106005,-0.037527904,0.18881351,-0.062850535,-0.013573501,0.046336383,-0.052783374,-0.029747948,0.045765653,-0.023634404
QualiSR-Set120/SUPIR/voc_emotic_ava___EMOTIC__COCO_val2014_000000020598.npy.gz,SUPIR,voc_emotic_ava___EMOTIC__COCO_val2014_000000020598.png,../../../mnt/ssd2/29o_rya/datasets/iqa/QualiSR-Set120/sr/SUPIR/voc_emotic_ava___EMOTIC__COCO_val2014_000000020598.png,QualiSR-Set120,voc_emotic_ava___EMOTIC__COCO_val2014_000000020598,SUPIR/voc_emotic_ava___EMOTIC__COCO_val2014_000000020598.png,../../../mnt/ssd2/29o_rya/datasets/iqa/QualiSR-Set120/hr/voc_emotic_ava___EMOTIC__COCO_val2014_000000020598.png,../../../mnt/ssd2/29o_rya/datasets/iqa/QualiSR-Set120/lr/voc_emotic_ava___EMOTIC__COCO_val2014_000000020598.png,train,-4.971514,1.8633404,-3.199267,4.898534,-7.6626196,4.0000257,0.55157924,3.7260447,3.8930366,-1.8094199,-3.5824091,-2.2803924,-1.1086986,1.6481346,2.7184336,-1.2811363,-1.3392718,0.86965424,-0.5372422,0.55650777,-1.2385933,-0.7031453,0.5521299,-0.5239131,-0.33614895,-0.43814182,0.64371514,-0.077987015,0.2988817,0.22953165,0.046111822,-0.86151534,-0.058996007,0.2544945,-0.20325778,-0.1974473,-0.43184632,0.7488434,-0.17991427,1.4055947,-0.38582277,-0.8421218,-0.15086824,-0.76399547,0.49521837,-0.26462358,2.4469166,-2.2687478,0.37248656,-1.138063,-0.62631965,-1.0340475,0.40561336,0.85415936,-0.057877854,0.36732647,0.051280797,-0.1335541,-0.0780281,0.062722296,0.14045955,-0.32392186,0.03893763,-0.05661617,-0.0138705075,0.17261696,-0.030255586,-0.005902469,-0.14590055,0.047866326,-0.18789485,0.17657082,0.008381292,-0.09785256,-0.082799315
QualiSR-Set120/PASD/voc_emotic_ava___JPEGImages__2008_003883.npy.gz,PASD,voc_emotic_ava___JPEGImages__2008_003883.png,../../../mnt/ssd2/29o_rya/datasets/iqa/QualiSR-Set120/sr/PASD/voc_emotic_ava___JPEGImages__2008_003883.png,QualiSR-Set120,voc_emotic_ava___JPEGImages__2008_003883,PASD/voc_emotic_ava___JPEGImages__2008_003883.png,../../../mnt/ssd2/29o_rya/datasets/iqa/QualiSR-Set120/hr/voc_emotic_ava___JPEGImages__2008_003883.png,../../../mnt/ssd2/29o_rya/datasets/iqa/QualiSR-Set120/lr/voc_emotic_ava___JPEGImages__2008_003883.png,test,-3.143107,2.8144646,-0.24579516,0.38799933,-0.10491964,-0.7036493,1.8522671,0.6281738,-1.4741986,-1.2698542,0.21791786,0.26236206,0.83877665,0.2980818,2.665934,0.7087852,-0.80794847,-0.23454016,0.100917034,0.3769599,0.69682604,0.17841443,-0.2379625,-0.054861218,0.15372238,0.31271356,0.02899839,-0.01717645,0.055850744,-0.38905704,-0.735711,0.5413375,0.8143418,-0.26113158,0.88102674,-0.10219166,-0.2693028,0.11370416,1.6508799,-1.3329104,0.38057378,0.7023726,0.62492335,-0.14712134,0.11397075,0.5248123,0.7743045,-0.26019895,-0.03573758,0.50548226,-0.29271922,-0.46224105,0.19244507,-0.5522655,-0.14253417,0.5297721,-0.77884454,0.04422766,-0.32524216,-0.8109695,0.180258,0.5286443,-0.16258365,-0.38900775,-0.30431303,0.28140542,0.43361694,0.3535871,-0.1682983,-0.33480707,0.07141206,-0.434349,0.66919386,-0.2980155,0.10044199
QualiSR-Set120/RealESRGAN/voc_emotic_ava___JPEGImages__2008_003883.npy.gz,RealESRGAN,voc_emotic_ava___JPEGImages__2008_003883.png,../../../mnt/ssd2/29o_rya/datasets/iqa/QualiSR-Set120/sr/RealESRGAN/voc_emotic_ava___JPEGImages__2008_003883.png,QualiSR-Set120,voc_emotic_ava___JPEGImages__2008_003883,RealESRGAN/voc_emotic_ava___JPEGImages__2008_003883.png,../../../mnt/ssd2/29o_rya/datasets/iqa/QualiSR-Set120/hr/voc_emotic_ava___JPEGImages__2008_003883.png,../../../mnt/ssd2/29o_rya/datasets/iqa/QualiSR-Set120/lr/voc_emotic_ava___JPEGImages__2008_003883.png,test,-3.47922,3.6974354,-0.8940059,-0.14574951,-0.20139411,0.049565077,2.1773567,0.35205418,-0.8914643,-1.137914,0.9426333,0.6444666,1.4232688,0.04186455,1.3107035,0.6129866,-0.27834928,0.25258163,-0.3048631,-0.6449414,1.4000916,0.17103949,0.3013276,-0.024512053,-0.07011831,-0.11179578,0.35282278,-0.058950633,-0.29638886,-0.38943744,-0.93323267,0.7618523,1.9090253,0.3963762,0.61652344,0.15467024,0.80910176,0.21013376,0.4700364,-0.4462717,-0.28695863,0.68423414,0.27741665,-0.39777756,-0.11739063,0.67462987,1.1007854,-0.38931197,-0.1196705,-0.26692957,-0.015718296,-0.19863379,-0.28999692,-0.4035526,-0.654194,0.4413874,-1.0174872,-0.20771113,-0.033588007,-0.59087014,0.69572264,0.20911309,0.034178615,-0.69196653,0.003078431,0.44611564,0.10743986,0.2817192,0.32650697,-0.030009251,0.10278702,-0.37554044,0.47749823,0.18517487,0.017522722
QualiSR-Set120/SUPIR/voc_emotic_ava___JPEGImages__2008_003883.npy.gz,SUPIR,voc_emotic_ava___JPEGImages__2008_003883.png,../../../mnt/ssd2/29o_rya/datasets/iqa/QualiSR-Set120/sr/SUPIR/voc_emotic_ava___JPEGImages__2008_003883.png,QualiSR-Set120,voc_emotic_ava___JPEGImages__2008_003883,SUPIR/voc_emotic_ava___JPEGImages__2008_003883.png,../../../mnt/ssd2/29o_rya/datasets/iqa/QualiSR-Set120/hr/voc_emotic_ava___JPEGImages__2008_003883.png,../../../mnt/ssd2/29o_rya/datasets/iqa/QualiSR-Set120/lr/voc_emotic_ava___JPEGImages__2008_003883.png,test,-3.5637774,3.5375752,-1.0810727,0.35423282,-0.40954924,0.04018855,2.6052682,0.35228133,-1.4373045,-1.0537423,0.5853025,0.037133634,1.1620245,0.38744143,1.9131718,0.3819439,-0.24910961,0.1438089,-0.2475038,0.24555542,0.7939605,0.10648155,0.05126275,-0.4200858,0.10277286,0.24624228,0.11606686,-0.064510405,0.53980386,-0.9247209,-0.76246846,-0.05003783,1.2236218,-0.33385304,0.34281015,-0.10807964,-0.14753643,-0.074380875,1.161837,-0.15302867,0.7746428,1.3963556,1.6050423,0.21363394,0.075647935,0.95960003,0.54984426,-0.7962953,-0.092008576,0.33581692,-0.23808774,-0.24001002,-0.06567432,-0.58381325,-0.13258156,0.0729544,-0.92815804,-0.04117292,-0.53853554,-0.92654693,0.52052146,-0.003142789,0.18994948,-0.5769329,-0.041125268,0.44701865,0.27835387,0.7498365,-0.10659051,-0.16698349,0.091615796,-0.08620076,0.610677,0.051271755,0.028357133
QualiSR-Set120/PASD/voc_emotic_ava___VOC2012__2010_004399.npy.gz,PASD,voc_emotic_ava___VOC2012__2010_004399.png,../../../mnt/ssd2/29o_rya/datasets/iqa/QualiSR-Set120/sr/PASD/voc_emotic_ava___VOC2012__2010_004399.png,QualiSR-Set120,voc_emotic_ava___VOC2012__2010_004399,PASD/voc_emotic_ava___VOC2012__2010_004399.png,../../../mnt/ssd2/29o_rya/datasets/iqa/QualiSR-Set120/hr/voc_emotic_ava___VOC2012__2010_004399.png,../../../mnt/ssd2/29o_rya/datasets/iqa/QualiSR-Set120/lr/voc_emotic_ava___VOC2012__2010_004399.png,train,0.26329517,-2.269496,-0.5849023,2.4237428,-0.98896986,-2.5135326,-1.0758126,-0.8627434,-0.6938573,0.2138606,0.8818227,-0.75765216,-1.7247901,0.3415285,0.4978076,-1.6654392,0.2510689,2.5887806,-1.4199868,2.1961517,6.6708393,2.2809763,-1.7132276,-1.2411934,-0.18191132,0.04894036,0.6982329,-1.5677327,0.59466344,-0.17252254,-0.10747847,0.6665179,-0.20924883,-1.0092711,-0.45368922,-0.54543966,-1.8010287,-0.16728449,1.3247995,0.04501623,0.31966105,-1.3223594,-0.53233814,-0.634484,-0.86791205,0.34989837,0.34274557,0.2604612,-0.12355316,0.43948466,0.052661777,0.68744045,-0.26494217,0.06735702,-0.042412847,-0.40738037,-0.2373996,0.22651196,0.46084142,0.22686037,-0.25857282,-0.04796344,0.331895,-0.07620966,0.048662424,-0.076093376,0.20953642,-0.5495636,0.09481853,0.85199034,-0.7384931,0.6615745,-1.1465436,-0.092298016,-0.6351575
QualiSR-Set120/RealESRGAN/voc_emotic_ava___VOC2012__2010_004399.npy.gz,RealESRGAN,voc_emotic_ava___VOC2012__2010_004399.png,../../../mnt/ssd2/29o_rya/datasets/iqa/QualiSR-Set120/sr/RealESRGAN/voc_emotic_ava___VOC2012__2010_004399.png,QualiSR-Set120,voc_emotic_ava___VOC2012__2010_004399,RealESRGAN/voc_emotic_ava___VOC2012__2010_004399.png,../../../mnt/ssd2/29o_rya/datasets/iqa/QualiSR-Set120/hr/voc_emotic_ava___VOC2012__2010_004399.png,../../../mnt/ssd2/29o_rya/datasets/iqa/QualiSR-Set120/lr/voc_emotic_ava___VOC2012__2010_004399.png,train,-0.22998214,-2.2156887,-0.68392277,2.5245676,-2.0795767,-1.9489326,-1.2724224,-1.2724167,-0.659912,0.04983722,1.4551883,-1.0878923,-1.8560526,0.55157477,0.37043092,-1.8329073,0.39020824,3.1435664,-1.0783786,1.9559624,6.7107496,2.210418,-1.6814601,-1.6563715,0.28141156,-0.31531024,0.66066563,-1.3768865,-0.85227025,-0.6724676,0.3263914,-0.11409037,0.34973967,1.3915913,0.71275574,1.0396903,2.722938,0.19360682,-1.957103,0.051277176,-0.5792371,1.8029329,0.8054494,1.0157679,1.1136127,-0.7558151,-0.54192,0.005262628,0.03894224,-0.47436243,-0.49432293,-0.8976089,0.42515826,0.040767796,0.18089473,0.17916939,0.27908498,-0.2258777,-0.2664323,-0.2704165,-0.040672332,-0.18959975,-0.16198832,-0.019685555,0.26465476,-0.0782762,-0.009356186,-0.23194778,-0.028210223,0.31605405,-0.018285692,0.047365982,-0.2284035,-0.07872386,-0.2829759
QualiSR-Set120/SUPIR/voc_emotic_ava___VOC2012__2010_004399.npy.gz,SUPIR,voc_emotic_ava___VOC2012__2010_004399.png,../../../mnt/ssd2/29o_rya/datasets/iqa/QualiSR-Set120/sr/SUPIR/voc_emotic_ava___VOC2012__2010_004399.png,QualiSR-Set120,voc_emotic_ava___VOC2012__2010_004399,SUPIR/voc_emotic_ava___VOC2012__2010_004399.png,../../../mnt/ssd2/29o_rya/datasets/iqa/QualiSR-Set120/hr/voc_emotic_ava___VOC2012__2010_004399.png,../../../mnt/ssd2/29o_rya/datasets/iqa/QualiSR-Set120/lr/voc_emotic_ava___VOC2012__2010_004399.png,train,0.34637743,-2.1740088,-0.47899166,2.437499,-1.0724679,-2.4401886,-0.9508134,-0.81483614,-0.7259374,0.32534835,0.75886476,-0.8396975,-1.6181773,0.31829813,0.5015874,-1.5812796,0.23637575,2.581667,-1.3464655,2.0614457,6.484086,2.056237,-1.6578423,-1.3841281,0.08449313,0.11285338,0.6233994,-1.5811735,0.36886787,-0.25405973,0.07919908,0.43462324,-0.0640852,-0.60120016,-0.43472093,-0.30543143,-1.0470445,0.15970616,0.69501686,0.21387896,0.22140533,-0.7115065,-0.27482468,-0.22014633,-0.29251865,0.18346378,0.21894023,-0.12891167,0.043838464,0.12775367,0.25924668,0.25928298,-0.06973179,0.07839844,-0.2100561,0.19655025,-0.032885946,-0.102804765,-0.28512707,0.097856015,0.22713098,0.1740506,-0.110399365,0.011225108,-0.36650887,0.18366274,0.0069598258,0.73255557,-0.00957799,-1.1155633,0.8142357,-0.8101933,1.4736778,0.17950033,0.9441211
QualiSR-Set120/PASD/voc_emotic_ava___VOC2012__2012_004043.npy.gz,PASD,voc_emotic_ava___VOC2012__2012_004043.png,../../../mnt/ssd2/29o_rya/datasets/iqa/QualiSR-Set120/sr/PASD/voc_emotic_ava___VOC2012__2012_004043.png,QualiSR-Set120,voc_emotic_ava___VOC2012__2012_004043,PASD/voc_emotic_ava___VOC2012__2012_004043.png,../../../mnt/ssd2/29o_rya/datasets/iqa/QualiSR-Set120/hr/voc_emotic_ava___VOC2012__2012_004043.png,../../../mnt/ssd2/29o_rya/datasets/iqa/QualiSR-Set120/lr/voc_emotic_ava___VOC2012__2012_004043.png,train,-0.85244966,0.70357084,-3.263867,1.947584,-3.923996,-0.7973299,-5.1759863,-1.885144,1.6085436,0.47217038,6.6517816,1.1246817,2.8362513,-0.41599792,1.0520905,-0.26237467,2.8424423,-0.6114669,-1.4683181,-1.7620223,-1.6903391,0.7342472,-0.8834454,0.728559,-0.33115798,0.2737708,-0.08406344,0.4892365,-0.25252974,0.14280261,-0.41642305,0.01011534,-0.04519947,-0.11407173,-0.30578375,0.020777822,-0.44394803,0.024011951,-0.04535076,0.24250016,0.5128324,-0.14506389,0.30164635,1.1375744,-0.042642154,-0.79493135,0.3246212,0.44471145,-0.059523366,0.53032035,0.10904664,0.21262091,0.59485364,0.32709244,0.103084326,0.46509805,0.67295206,0.030997187,-0.10783741,1.724695,-1.5312592,-1.6300201,-1.0944743,0.57395715,-0.10382053,0.10044965,0.23199855,0.012847066,-0.18282011,-0.5657248,-0.24449727,0.31782484,-0.062094025,0.09099205,0.10340223
QualiSR-Set120/RealESRGAN/voc_emotic_ava___VOC2012__2012_004043.npy.gz,RealESRGAN,voc_emotic_ava___VOC2012__2012_004043.png,../../../mnt/ssd2/29o_rya/datasets/iqa/QualiSR-Set120/sr/RealESRGAN/voc_emotic_ava___VOC2012__2012_004043.png,QualiSR-Set120,voc_emotic_ava___VOC2012__2012_004043,RealESRGAN/voc_emotic_ava___VOC2012__2012_004043.png,../../../mnt/ssd2/29o_rya/datasets/iqa/QualiSR-Set120/hr/voc_emotic_ava___VOC2012__2012_004043.png,../../../mnt/ssd2/29o_rya/datasets/iqa/QualiSR-Set120/lr/voc_emotic_ava___VOC2012__2012_004043.png,train,-1.2601538,0.9140861,-3.2219057,2.343767,-4.119267,-0.8933189,-5.841286,-1.6299624,2.0189285,0.45403832,7.310964,1.0799274,3.36091,-0.6139783,1.4489044,-0.09861271,2.869496,-0.40923458,-1.9923729,-1.5628462,-0.8977734,0.8855514,-1.5535964,0.9928189,-0.788669,0.4446175,-0.35146472,0.9943125,-0.011746705,0.22941104,-0.484646,0.75950056,0.35918534,0.11324245,0.7192896,-0.6246638,0.3889466,0.54081976,-0.29623315,-1.2981457,-1.0974349,1.038096,-0.80439353,-2.5218413,0.57791364,2.4944131,-0.05034092,-0.60124713,-0.06440737,-0.24351127,0.00022360682,0.2366224,-0.49462283,-0.123800434,0.59568566,0.1455101,0.054432184,0.18099049,-0.19784299,-0.34070235,0.23617566,0.37105072,0.10854561,-0.24216075,0.025807828,-0.16955319,-0.09778611,0.01080811,-0.05929625,0.38153094,0.1635417,-0.121149495,0.06305167,-0.07374787,0.036066517
QualiSR-Set120/SUPIR/voc_emotic_ava___VOC2012__2012_004043.npy.gz,SUPIR,voc_emotic_ava___VOC2012__2012_004043.png,../../../mnt/ssd2/29o_rya/datasets/iqa/QualiSR-Set120/sr/SUPIR/voc_emotic_ava___VOC2012__2012_004043.png,QualiSR-Set120,voc_emotic_ava___VOC2012__2012_004043,SUPIR/voc_emotic_ava___VOC2012__2012_004043.png,../../../mnt/ssd2/29o_rya/datasets/iqa/QualiSR-Set120/hr/voc_emotic_ava___VOC2012__2012_004043.png,../../../mnt/ssd2/29o_rya/datasets/iqa/QualiSR-Set120/lr/voc_emotic_ava___VOC2012__2012_004043.png,train,-0.87527204,0.6280422,-3.5487006,2.3699136,-3.7165253,-0.95075643,-5.5055485,-1.9644151,1.542424,0.30869213,7.1063027,1.2987468,3.0152235,-0.4605496,1.0690058,-0.6929903,2.9196708,-0.7837105,-1.799013,-1.6693981,-1.935528,0.9458454,-1.2400095,1.0039725,-0.27638832,0.3613922,0.008440323,0.5726883,-0.0719707,0.17421374,0.08596899,-0.6624941,-0.281676,-0.040599465,-0.6747411,0.6136603,-0.13194937,-0.2525927,0.3010009,1.0061785,0.9376657,-1.0532902,0.4325328,1.5071417,-0.552321,-1.7437257,-0.2082301,0.08252142,0.24681649,-0.28920126,-0.09064752,-0.4411778,0.08212046,-0.128314,-0.60898817,-0.5671083,-0.7090759,-0.13143611,0.25210017,-1.3857377,1.1712259,1.1359137,0.9535174,-0.34417918,0.03793323,0.14743847,-0.02148828,-0.03407657,0.25861746,0.047900762,0.042830855,-0.11783977,0.008135036,0.0036541112,-0.09934495
