sample_id,sr_method,sr_filename,sr_path,dataset,test_case,rel_path,gt_path,lr_path,set_type,resnet_pca_000,resnet_pca_001,resnet_pca_002,resnet_pca_003,resnet_pca_004,resnet_pca_005,resnet_pca_006,resnet_pca_007,resnet_pca_008,resnet_pca_009,resnet_pca_010,resnet_pca_011,resnet_pca_012,resnet_pca_013,resnet_pca_014,resnet_pca_015,resnet_pca_016,resnet_pca_017,resnet_pca_018,resnet_pca_019,resnet_pca_020,resnet_pca_021,resnet_pca_022,resnet_pca_023,resnet_pca_024,resnet_pca_025,resnet_pca_026,resnet_pca_027,resnet_pca_028,resnet_pca_029,resnet_pca_030,resnet_pca_031,resnet_pca_032,resnet_pca_033,resnet_pca_034,resnet_pca_035,resnet_pca_036,resnet_pca_037,resnet_pca_038,resnet_pca_039,resnet_pca_040,resnet_pca_041,resnet_pca_042,resnet_pca_043,resnet_pca_044,resnet_pca_045,resnet_pca_046,resnet_pca_047,resnet_pca_048,resnet_pca_049,resnet_pca_050,resnet_pca_051,resnet_pca_052,resnet_pca_053,resnet_pca_054,resnet_pca_055,resnet_pca_056,resnet_pca_057,resnet_pca_058,resnet_pca_059,resnet_pca_060,resnet_pca_061,resnet_pca_062,resnet_pca_063,resnet_pca_064,resnet_pca_065,resnet_pca_066,resnet_pca_067,resnet_pca_068,resnet_pca_069,resnet_pca_070,resnet_pca_071,resnet_pca_072,resnet_pca_073,resnet_pca_074
QualiSR-Set120/PASD/1024x768___4962875195.npy.gz,PASD,1024x768___4962875195.png,../../../mnt/ssd2/29o_rya/datasets/iqa/QualiSR-Set120/sr/PASD/1024x768___4962875195.png,QualiSR-Set120,1024x768___4962875195,PASD/1024x768___4962875195.png,../../../mnt/ssd2/29o_rya/datasets/iqa/QualiSR-Set120/hr/1024x768___4962875195.png,../../../mnt/ssd2/29o_rya/datasets/iqa/QualiSR-Set120/lr/1024x768___4962875195.png,train,-0.92464113,-0.30640095,-1.2390928,-1.1655195,-0.027873516,5.7210665,-4.078964,-4.1161933,-2.574322,1.6544954,-3.2502046,0.2997851,3.4844613,-2.26227,-0.77976656,0.5140808,3.8877158,2.5209744,2.175334,-1.6588918,0.18716212,-0.12151733,-0.46119547,0.5332417,0.44547758,-0.4401272,-0.19287515,-0.28058288,0.23812503,-0.5360177,0.048534922,0.066051215,0.09496704,0.14022388,0.20151632,-0.15145147,0.084669836,-0.112246156,-0.054539897,0.07482334,0.016217947,-0.08140875,0.08888582,0.10247919,0.08031249,0.13205186,-0.09530042,-0.109984994,0.06137526,-0.005934581,0.046245977,-0.04460667,-0.12018804,-0.13542731,0.070655294,-0.09163774,-0.117696434,-0.07130697,0.014457956,0.038481627,-0.008132026,-0.013313666,-0.16854075,-0.1828804,0.011316478,0.17757453,0.18474013,0.31641293,0.095769465,-0.0872467,0.3489828,-0.014097378,0.11491239,0.035063088,0.031960618
QualiSR-Set120/RealESRGAN/1024x768___4962875195.npy.gz,RealESRGAN,1024x768___4962875195.png,../../../mnt/ssd2/29o_rya/datasets/iqa/QualiSR-Set120/sr/RealESRGAN/1024x768___4962875195.png,QualiSR-Set120,1024x768___4962875195,RealESRGAN/1024x768___4962875195.png,../../../mnt/ssd2/29o_rya/datasets/iqa/QualiSR-Set120/hr/1024x768___4962875195.png,../../../mnt/ssd2/29o_rya/datasets/iqa/QualiSR-Set120/lr/1024x768___4962875195.png,train,-0.9767518,-0.3982234,-1.4904413,-0.9681978,0.07845819,5.497514,-4.1639667,-3.806232,-2.4435084,1.4171181,-3.261223,0.14205599,3.3563733,-2.1421719,-0.892153,0.5094261,3.5462685,2.202583,2.211996,-1.7151706,0.07947777,-0.011856943,-0.43876672,0.4160093,0.4915053,-0.3596295,-0.13965154,-0.20763771,0.18202026,-0.55100626,0.012166329,0.012331277,-0.09112933,0.09461261,-0.011578634,0.12904827,-0.025607295,-0.15083417,-0.33556753,-0.016989697,-0.010966182,0.03266877,-0.10282679,0.13607019,-0.17701954,0.21058261,-0.23656411,0.0070332736,-0.1161347,0.28468084,0.10727362,-0.08924067,-0.07292119,-0.13156053,-0.055948928,-0.026338285,-0.13659003,0.25380844,0.1422496,0.07780099,0.62279,0.03484173,-0.44227484,-0.10571441,0.29849094,0.21233414,0.5300248,0.55716527,0.011009604,-0.14503911,0.5127313,-0.24059622,-0.17087546,-0.25579664,0.034563847
QualiSR-Set120/SUPIR/1024x768___4962875195.npy.gz,SUPIR,1024x768___4962875195.png,../../../mnt/ssd2/29o_rya/datasets/iqa/QualiSR-Set120/sr/SUPIR/1024x768___4962875195.png,QualiSR-Set120,1024x768___4962875195,SUPIR/1024x768___4962875195.png,../../../mnt/ssd2/29o_rya/datasets/iqa/QualiSR-Set120/hr/1024x768___4962875195.png,../../../mnt/ssd2/29o_rya/datasets/iqa/QualiSR-Set120/lr/1024x768___4962875195.png,train,-0.84697866,-0.417453,-1.27038,-1.1912225,0.022023082,5.8312335,-4.3002987,-4.14583,-2.6306822,1.6883109,-3.5055816,0.21218158,3.5906816,-2.3716712,-0.84088886,0.6002099,4.070033,2.5205593,2.336811,-1.6368084,0.120764896,-0.069313705,-0.5320802,0.5930733,0.5312054,-0.4407547,-0.2465406,-0.2775494,0.24693695,-0.59136885,0.026562162,0.08395977,0.11759132,0.13561608,0.17895721,-0.12716064,0.0052428283,-0.052351326,0.07310538,0.088197544,-0.023082614,-0.05654534,0.10413785,0.036645144,0.04352373,0.041443437,-0.06270121,-0.18326244,0.071888566,0.0054611564,0.10047807,-0.12052873,-0.2555205,-0.104166254,0.057394616,-0.043065883,-0.10876688,-0.035122663,0.011596888,-0.042466372,0.04139775,0.024232015,-0.08512684,-0.20327133,0.03770435,0.15387389,0.15215951,0.17397983,0.08150104,-0.09871817,0.13762657,0.035370663,0.0050204545,-0.016685233,0.091442294
QualiSR-Set120/PASD/ava_images___101816.npy.gz,PASD,ava_images___101816.png,../../../mnt/ssd2/29o_rya/datasets/iqa/QualiSR-Set120/sr/PASD/ava_images___101816.png,QualiSR-Set120,ava_images___101816,PASD/ava_images___101816.png,../../../mnt/ssd2/29o_rya/datasets/iqa/QualiSR-Set120/hr/ava_images___101816.png,../../../mnt/ssd2/29o_rya/datasets/iqa/QualiSR-Set120/lr/ava_images___101816.png,train,-1.5266473,0.44009417,1.6888348,-0.7656573,-2.8427343,1.573973,0.26853815,-1.8780911,-0.32272363,-0.009228751,0.37548953,-0.5952499,-1.0540676,-0.4334173,0.10147263,-0.7760571,-1.2436621,0.5882267,-0.6339371,1.5821894,-0.25569946,-1.4121151,0.9976035,-2.8210433,1.0937636,-0.5582118,-1.260252,-0.06220869,-1.7220857,0.036796153,0.6585353,-0.3287239,0.90585124,-0.42512,0.42144948,-0.35047138,0.2579645,-1.0296065,0.63033164,-0.95687246,2.5784001,0.34385213,-0.34047288,-1.3419261,-0.57901365,1.2325706,-0.6296338,0.014858261,-0.1636672,-0.5058812,-0.39992112,-0.099730074,0.16823259,-0.17063029,0.3315661,-0.08994274,0.5029665,0.034885168,0.269185,0.15968373,0.19759023,0.039184555,-0.06372227,-0.05520186,0.13387364,-0.40278172,-0.15927123,-0.10126385,0.3395754,-0.022398278,0.14142153,-0.17586209,0.28858083,-0.15591459,0.016141303
QualiSR-Set120/RealESRGAN/ava_images___101816.npy.gz,RealESRGAN,ava_images___101816.png,../../../mnt/ssd2/29o_rya/datasets/iqa/QualiSR-Set120/sr/RealESRGAN/ava_images___101816.png,QualiSR-Set120,ava_images___101816,RealESRGAN/ava_images___101816.png,../../../mnt/ssd2/29o_rya/datasets/iqa/QualiSR-Set120/hr/ava_images___101816.png,../../../mnt/ssd2/29o_rya/datasets/iqa/QualiSR-Set120/lr/ava_images___101816.png,train,-1.2513832,0.72532755,1.6379454,-1.3753405,-3.1685333,1.0091238,0.13294055,-1.770793,-0.14890538,0.25270784,-0.0972946,-0.54481095,-0.87657964,-0.1868245,0.558097,-0.71922445,-1.3651366,0.4852233,-0.5152881,2.3265245,-0.4590758,-1.6673634,0.8900177,-3.6417334,1.9464333,-0.72078264,-2.236629,-0.30421394,-2.1494353,-2.0268705,-1.5508463,0.35781664,0.86792517,-0.2381042,0.33119684,-0.93394655,-0.05101341,-1.2990544,0.7272372,-1.3359859,2.8627114,0.53130925,-0.38298672,-1.3516316,-0.7137826,1.8949585,-0.38947773,0.14643738,0.10944742,-0.2793181,0.1837563,0.07121548,0.0138842,-0.029449672,-0.19414328,0.0021229852,-0.290245,0.024321944,-0.32677418,-0.14326346,-0.24326803,-0.25066423,0.0435583,-0.18849239,-0.18156698,0.43693918,-0.084682345,-0.10495931,-0.6428628,0.08477017,-0.29770917,0.33429158,-0.27190524,0.24586898,0.056791123
QualiSR-Set120/SUPIR/ava_images___101816.npy.gz,SUPIR,ava_images___101816.png,../../../mnt/ssd2/29o_rya/datasets/iqa/QualiSR-Set120/sr/SUPIR/ava_images___101816.png,QualiSR-Set120,ava_images___101816,SUPIR/ava_images___101816.png,../../../mnt/ssd2/29o_rya/datasets/iqa/QualiSR-Set120/hr/ava_images___101816.png,../../../mnt/ssd2/29o_rya/datasets/iqa/QualiSR-Set120/lr/ava_images___101816.png,train,-1.5336276,0.50861377,1.6664174,-1.0499804,-2.996719,1.4334941,0.13424961,-1.8225486,-0.28324962,0.1729548,0.2894181,-0.5624592,-1.1212066,-0.3745251,0.36492607,-0.8968242,-1.3870854,0.5721399,-0.63735914,1.8659345,-0.45355755,-1.571121,0.98952097,-3.3971486,1.3056736,-0.7285749,-1.6293532,-0.17383747,-1.9988794,-0.5823322,0.21866703,-0.3784446,0.96715915,-0.37951845,0.39526814,-0.5620782,0.11179536,-1.199348,0.6318772,-1.1360344,2.9080377,0.35887644,-0.45254052,-1.6299925,-0.720022,1.5719178,-0.6840026,0.07854116,-0.06371033,-0.5924804,-0.37136346,0.10393739,0.0017854702,-0.056919456,0.3213237,-0.16276151,0.18155053,-0.056611955,0.13147989,0.10266832,0.019666806,-0.04638897,-0.028459072,-0.29588437,0.06659812,-0.20087314,-0.06469558,-0.1695132,0.17599678,-0.09980771,-0.03666939,-0.010399021,0.027140975,-0.038414747,0.1307976
QualiSR-Set120/PASD/ava_images___158174.npy.gz,PASD,ava_images___158174.png,../../../mnt/ssd2/29o_rya/datasets/iqa/QualiSR-Set120/sr/PASD/ava_images___158174.png,QualiSR-Set120,ava_images___158174,PASD/ava_images___158174.png,../../../mnt/ssd2/29o_rya/datasets/iqa/QualiSR-Set120/hr/ava_images___158174.png,../../../mnt/ssd2/29o_rya/datasets/iqa/QualiSR-Set120/lr/ava_images___158174.png,train,-2.0860486,-4.2381067,-7.066931,1.1607394,0.15616024,-1.99546,2.5006666,2.8821545,-1.4011567,3.7333465,-0.74251664,-4.1127286,1.2267679,-0.460305,0.69997656,-4.229661,0.032361418,2.5047843,-0.11993845,0.14107114,0.57847816,0.5426275,0.12423214,-0.6469309,0.35414776,0.81289834,0.5287357,0.1243746,-0.14035541,0.49398398,-0.15127349,0.074483514,0.539393,0.29473275,0.012812838,1.197504,-1.3956301,1.5739005,-2.4256666,-1.9510375,0.61178195,-0.63183796,2.5117192,-0.58568317,-0.08478707,-0.19444332,-0.18308957,-0.19327074,-0.15444475,-0.079160586,0.48982835,0.25545132,0.10240117,-0.38664114,0.48283976,-0.2684544,0.39881247,-0.13622203,-0.18855149,-0.30766806,-0.1481378,-0.16691892,-0.10106476,0.2759975,0.45406604,-0.20389153,-0.018045813,-0.4302707,-0.16988233,0.2854942,0.12249941,0.76686466,0.05475846,-0.14642753,0.75844014
QualiSR-Set120/RealESRGAN/ava_images___158174.npy.gz,RealESRGAN,ava_images___158174.png,../../../mnt/ssd2/29o_rya/datasets/iqa/QualiSR-Set120/sr/RealESRGAN/ava_images___158174.png,QualiSR-Set120,ava_images___158174,RealESRGAN/ava_images___158174.png,../../../mnt/ssd2/29o_rya/datasets/iqa/QualiSR-Set120/hr/ava_images___158174.png,../../../mnt/ssd2/29o_rya/datasets/iqa/QualiSR-Set120/lr/ava_images___158174.png,train,-1.747775,-4.5323706,-7.134662,1.3528688,0.66394246,-2.0947526,2.536919,3.3501215,-1.5839583,4.011021,-0.58230567,-4.5703464,1.0342778,-0.770043,1.0807092,-4.256788,0.23102337,2.2699456,0.13169816,0.15559971,0.72430706,0.49086756,-0.5188781,-0.93739194,0.26255766,0.54907584,0.38490075,-0.38250327,-0.060923323,0.22739786,-0.15428257,0.027658165,0.7550963,0.3585983,0.14776246,1.2409468,-1.5623854,1.8541319,-2.719581,-2.4464786,0.25171238,-0.60026,2.410096,-1.0633461,0.3003585,0.13992864,0.12890443,0.048022628,0.1385436,-0.33268842,0.46045762,0.10993384,0.19364409,-0.12505509,0.02385889,-0.73516345,-0.47451276,0.015781939,0.28574038,-0.39089498,0.12909943,0.32226688,-0.085712515,-0.2985251,-0.14605652,0.21714656,0.63845354,0.62149405,0.47107822,0.09005326,-0.042311415,-0.9391131,0.40180916,0.20513627,-1.4520712
QualiSR-Set120/SUPIR/ava_images___158174.npy.gz,SUPIR,ava_images___158174.png,../../../mnt/ssd2/29o_rya/datasets/iqa/QualiSR-Set120/sr/SUPIR/ava_images___158174.png,QualiSR-Set120,ava_images___158174,SUPIR/ava_images___158174.png,../../../mnt/ssd2/29o_rya/datasets/iqa/QualiSR-Set120/hr/ava_images___158174.png,../../../mnt/ssd2/29o_rya/datasets/iqa/QualiSR-Set120/lr/ava_images___158174.png,train,-2.4462864,-4.8789864,-7.8506646,1.3729489,0.2554438,-2.507115,2.9502585,3.3562407,-1.050406,3.8354373,-0.7698034,-3.5315666,1.3223604,-0.7746681,0.82074475,-4.5447063,-0.23722738,2.735675,-0.11127788,0.44106668,0.070962444,0.2887678,0.38874787,-0.372073,0.30759522,0.31729895,0.5459176,0.18821141,0.054094702,0.48506588,0.22123432,0.258318,0.018032879,0.21850768,0.093817785,0.29928714,-0.06616757,0.25937518,-0.14455833,-0.234722,0.1174244,-0.45650312,0.3234992,0.0824026,0.19699672,0.45417255,0.4208187,-0.50674343,0.119611025,-0.031879455,0.23811735,-0.1283884,-0.46762526,-0.24043342,0.24289732,0.7637765,0.3572085,0.29673472,-0.7233237,0.5523854,-0.07312907,0.45712674,0.015749648,-0.057921708,0.28545135,-0.3574009,-1.3160113,-0.68620896,-0.6494707,0.15891713,0.24455154,0.90700483,-1.0463765,-0.1180512,1.21665
QualiSR-Set120/PASD/ava_images___18037.npy.gz,PASD,ava_images___18037.png,../../../mnt/ssd2/29o_rya/datasets/iqa/QualiSR-Set120/sr/PASD/ava_images___18037.png,QualiSR-Set120,ava_images___18037,PASD/ava_images___18037.png,../../../mnt/ssd2/29o_rya/datasets/iqa/QualiSR-Set120/hr/ava_images___18037.png,../../../mnt/ssd2/29o_rya/datasets/iqa/QualiSR-Set120/lr/ava_images___18037.png,train,-4.213095,8.69507,-1.1769845,3.6401129,0.1850332,-1.2938912,0.40902272,0.30547535,-0.41749132,-0.07009678,-0.382768,0.6013346,-0.45455033,-0.11693153,0.05278659,1.1611004,0.7570881,0.052898362,0.6016518,-1.0413396,-0.47852266,2.1768527,5.3490925,-1.1959884,0.96392775,-0.73007846,3.4333282,-1.1275979,-0.18730193,-0.53501326,-0.12630439,-0.2085526,-0.079331964,-0.33556372,-0.3275348,-0.027646244,-0.0744215,-0.038292587,0.1281436,-0.19266959,-0.12960565,-0.2709521,-0.16067098,-0.082880884,0.021336138,-0.027866066,-0.10884006,0.028053045,0.033157885,0.0428588,-0.13670543,0.013336882,-0.028442666,0.0001527667,-0.07085116,-0.12219724,0.043272436,0.068981916,-0.1382797,-0.18296665,-0.058236435,0.085076675,-0.14820026,0.02913542,-0.034693077,-0.021934498,0.33638915,0.41126508,0.20598136,-0.24315985,-0.06483671,-0.11130968,-0.018899947,0.04202807,0.03914938
QualiSR-Set120/RealESRGAN/ava_images___18037.npy.gz,RealESRGAN,ava_images___18037.png,../../../mnt/ssd2/29o_rya/datasets/iqa/QualiSR-Set120/sr/RealESRGAN/ava_images___18037.png,QualiSR-Set120,ava_images___18037,RealESRGAN/ava_images___18037.png,../../../mnt/ssd2/29o_rya/datasets/iqa/QualiSR-Set120/hr/ava_images___18037.png,../../../mnt/ssd2/29o_rya/datasets/iqa/QualiSR-Set120/lr/ava_images___18037.png,train,-4.406584,9.505528,-1.6206145,4.292923,0.0890156,-1.3518283,0.44397953,0.44657624,-0.36516666,-0.13534898,-0.42572036,0.5323217,-0.07300717,0.15878223,0.082527444,1.0986123,0.84614354,0.02361402,0.49830395,-0.95410615,-0.33182764,2.0721447,5.0583034,-1.205641,0.87720203,-0.85484844,3.2577167,-1.0590847,-0.2767329,-0.6495133,-0.16534796,-0.20970291,-0.15540603,-0.61534745,-0.1754863,-0.030600622,-0.109623425,0.066724956,-0.028779551,-0.26875016,-0.17395723,-0.2981553,-0.1933168,-0.120192826,0.012838781,0.31010514,-0.14389707,-0.15086484,0.1754328,0.062304266,0.060570225,-0.06432238,0.108939186,0.12598455,-0.47379863,-0.06566161,-0.048843414,0.010496169,0.11046092,-0.0463323,0.24712524,0.04636185,-0.34831387,-0.2570871,0.16443321,0.32260686,0.45662254,0.60584617,-0.038151115,-0.27153277,-0.083032206,0.05504851,0.027445883,0.22286373,0.02388044
QualiSR-Set120/SUPIR/ava_images___18037.npy.gz,SUPIR,ava_images___18037.png,../../../mnt/ssd2/29o_rya/datasets/iqa/QualiSR-Set120/sr/SUPIR/ava_images___18037.png,QualiSR-Set120,ava_images___18037,SUPIR/ava_images___18037.png,../../../mnt/ssd2/29o_rya/datasets/iqa/QualiSR-Set120/hr/ava_images___18037.png,../../../mnt/ssd2/29o_rya/datasets/iqa/QualiSR-Set120/lr/ava_images___18037.png,train,-4.260322,8.606981,-1.0414889,3.401117,0.33341432,-1.1679709,0.39083722,0.32197607,-0.4547993,-0.05196964,-0.39295498,0.7259102,-0.55834115,-0.10426599,0.06959011,1.1784661,0.7864062,0.066536084,0.60651684,-1.1320336,-0.5007199,2.2666938,5.4975977,-1.1650844,0.99218774,-0.72043115,3.517366,-1.3063493,-0.15712076,-0.59384054,-0.06774166,-0.2675389,-0.2056571,-0.3166359,-0.32548547,0.05860068,0.025330769,-0.027147055,0.16948791,-0.19255422,-0.16724455,-0.24916536,-0.23096536,-0.071407646,-0.005315423,-0.029303059,-0.031156063,0.032430023,0.020389616,0.053186454,-0.19392301,-0.04367034,-0.057885166,0.041966647,-0.06087677,-0.22417545,0.13091221,-0.047692537,-0.19643852,-0.1669569,-0.05710627,0.09926538,-0.21325041,0.04991226,-0.12681918,0.058885083,0.40857774,0.5534451,0.4490325,-0.32299197,-0.24950238,-0.19220796,0.102121085,0.09197593,0.03951703
QualiSR-Set120/PASD/ava_images___217590.npy.gz,PASD,ava_images___217590.png,../../../mnt/ssd2/29o_rya/datasets/iqa/QualiSR-Set120/sr/PASD/ava_images___217590.png,QualiSR-Set120,ava_images___217590,PASD/ava_images___217590.png,../../../mnt/ssd2/29o_rya/datasets/iqa/QualiSR-Set120/hr/ava_images___217590.png,../../../mnt/ssd2/29o_rya/datasets/iqa/QualiSR-Set120/lr/ava_images___217590.png,test,-2.488053,3.9659312,-0.23257285,1.7675314,-0.7457057,0.372087,-0.08103539,-0.25007325,-0.82679796,-0.05617573,-0.18784365,0.042390212,-0.3662539,0.3630169,-0.02066356,-0.0064810812,-0.3155396,-0.2131903,-0.080810025,0.18255015,-0.35234177,0.31609803,1.2509065,-0.24569829,0.2532154,-0.15117039,1.0228919,-0.3826499,0.0020343363,0.002294898,-0.14150327,0.15144666,0.29942697,0.043393686,-0.36761317,-0.3081023,-0.20333266,-0.14874241,-0.18274671,-0.10142224,0.30412313,-0.063020885,-0.11189853,0.12991998,0.38022172,-0.10138333,0.30600876,0.06366688,-0.33877465,-0.30465344,-0.1614756,0.1861588,0.003978532,-0.15023653,-0.1611924,-0.04951232,0.0236817,0.5677365,-0.088017285,-0.18535766,0.18990351,0.25061077,-0.14480093,0.20199597,-0.28006986,0.071298055,-0.19016996,-0.020727381,-0.22505823,-0.32350072,0.04068832,0.13312519,-0.38316357,-0.08921158,0.07616735
QualiSR-Set120/RealESRGAN/ava_images___217590.npy.gz,RealESRGAN,ava_images___217590.png,../../../mnt/ssd2/29o_rya/datasets/iqa/QualiSR-Set120/sr/RealESRGAN/ava_images___217590.png,QualiSR-Set120,ava_images___217590,RealESRGAN/ava_images___217590.png,../../../mnt/ssd2/29o_rya/datasets/iqa/QualiSR-Set120/hr/ava_images___217590.png,../../../mnt/ssd2/29o_rya/datasets/iqa/QualiSR-Set120/lr/ava_images___217590.png,test,-2.5844374,4.120676,-0.44726592,2.0971332,-0.7178467,0.24486005,-0.14196073,-0.055768967,-0.7682445,-0.10776257,-0.17052391,0.10345625,-0.36593783,0.5065225,-0.057098627,0.07492685,-0.22684371,-0.309174,-0.052539155,0.17670123,-0.36372465,0.36468083,1.1939433,-0.29796714,0.2706155,-0.29039836,0.980051,-0.27156985,-0.116549194,-0.057150602,-0.16350141,0.21423778,0.3025871,-0.018186063,-0.20255466,-0.16766551,-0.2444233,-0.22816372,-0.26745224,-0.23025636,0.14278612,-0.20791513,-0.20415251,0.13279657,0.18752396,0.001322478,0.26296473,0.032669216,-0.2877363,-0.18917331,-0.187186,0.06352948,-0.111699924,-0.12603039,-0.49010283,-0.14357978,0.037775576,0.5129665,-0.038631648,-0.13434346,0.32311487,0.3825676,-0.240315,-0.080111444,-0.18516606,0.13148294,-0.08951295,0.2058225,-0.18222365,-0.42400366,0.035040304,0.30115205,-0.41394356,-0.07434044,0.1572738
QualiSR-Set120/SUPIR/ava_images___217590.npy.gz,SUPIR,ava_images___217590.png,../../../mnt/ssd2/29o_rya/datasets/iqa/QualiSR-Set120/sr/SUPIR/ava_images___217590.png,QualiSR-Set120,ava_images___217590,SUPIR/ava_images___217590.png,../../../mnt/ssd2/29o_rya/datasets/iqa/QualiSR-Set120/hr/ava_images___217590.png,../../../mnt/ssd2/29o_rya/datasets/iqa/QualiSR-Set120/lr/ava_images___217590.png,test,-2.534455,4.097741,-0.40231186,1.9435463,-0.72883,0.3110447,-0.033163577,-0.14047563,-0.7921028,-0.07280593,-0.18312791,0.030209541,-0.338978,0.39023146,-0.043958724,0.048198402,-0.20901671,-0.22132717,-0.026416183,0.14854304,-0.33392456,0.399157,1.4891008,-0.28602165,0.3025715,-0.26314712,1.195575,-0.45747676,-0.006857857,-0.055089533,-0.10582903,0.1643606,0.24240714,-0.0017843992,-0.3520221,-0.30624008,-0.24278924,-0.080848545,-0.19539621,-0.096630104,0.2239523,-0.05802998,-0.109856665,0.1554082,0.28752756,-0.11796814,0.31353402,0.09697366,-0.33538055,-0.24966595,-0.1593717,0.21557845,-0.03623942,-0.10776561,-0.06829737,-0.014802476,0.023980409,0.507191,-0.10936841,-0.208444,0.19704698,0.2723083,-0.1189092,0.15484962,-0.2690951,-0.032658562,-0.22840545,-0.18620738,-0.20658353,-0.26420927,0.02650787,0.12402977,-0.41266975,-0.16778344,0.0123920515
QualiSR-Set120/PASD/ava_images___251530.npy.gz,PASD,ava_images___251530.png,../../../mnt/ssd2/29o_rya/datasets/iqa/QualiSR-Set120/sr/PASD/ava_images___251530.png,QualiSR-Set120,ava_images___251530,PASD/ava_images___251530.png,../../../mnt/ssd2/29o_rya/datasets/iqa/QualiSR-Set120/hr/ava_images___251530.png,../../../mnt/ssd2/29o_rya/datasets/iqa/QualiSR-Set120/lr/ava_images___251530.png,train,-1.7976295,5.4000793,2.8030593,-7.2620707,1.2653319,-5.9753585,-1.6817752,2.1349325,-8.035776,3.7619922,-4.493597,1.6137302,-1.0279936,1.6126393,-1.9593627,-0.29102623,-1.9069886,0.21951482,-0.92411023,-0.915325,-0.24434935,0.17775935,-1.5620869,0.29320568,0.053540558,0.5251462,-1.8297869,-1.5557765,1.0949085,0.100575626,1.0911734,-0.90922606,-1.709192,-5.6691146,-0.06502478,-2.72423,-2.293778,0.8371904,-0.8275169,0.7707934,0.17014253,0.52955914,-0.1240633,0.05821857,0.8757855,0.08024028,0.17058468,-0.31869492,-0.957927,0.3567596,-0.0141304135,-0.44537854,-0.23493831,-0.41501653,0.6674658,0.30553555,-0.09322709,2.5089884,1.1067946,0.5261378,-1.0800308,-0.3220783,0.3333653,-0.64135444,-0.033683956,-0.12252863,-0.35654274,-0.33660814,-0.257359,-0.32275903,0.1595055,0.3915637,0.21912456,0.079090655,0.03782118
QualiSR-Set120/RealESRGAN/ava_images___251530.npy.gz,RealESRGAN,ava_images___251530.png,../../../mnt/ssd2/29o_rya/datasets/iqa/QualiSR-Set120/sr/RealESRGAN/ava_images___251530.png,QualiSR-Set120,ava_images___251530,RealESRGAN/ava_images___251530.png,../../../mnt/ssd2/29o_rya/datasets/iqa/QualiSR-Set120/hr/ava_images___251530.png,../../../mnt/ssd2/29o_rya/datasets/iqa/QualiSR-Set120/lr/ava_images___251530.png,train,-2.0134172,5.785575,2.265442,-6.330735,1.9085807,-5.5357203,-1.2687715,1.6322407,-7.1847253,3.1083229,-3.5952206,2.3476553,-1.2842681,1.4152669,-1.7166669,0.19606,-2.701232,0.27262014,-0.7547204,-0.8687971,-0.2202721,0.24863464,-1.028421,0.34508407,0.1971601,0.26070237,-1.0728382,-1.6650231,1.1381297,0.15767843,0.4258283,-0.574727,-0.42768678,-1.470084,0.3102616,-0.86175704,-0.55145925,0.2890453,0.13138379,0.0115713095,0.3150046,0.16755804,0.057437673,0.08320239,-0.29629117,0.119332016,0.2802119,0.22769177,0.5658554,0.03706093,0.14155386,0.19452426,0.048136365,-0.16110824,-1.162437,0.1275148,0.21379717,-0.9812958,-0.1667783,0.1857076,1.3542138,0.5784777,0.20755151,1.0929345,0.092956305,1.9346118,-0.60454863,0.7023202,-0.4949803,2.2717268,0.14120431,-0.53430456,0.8489577,-0.25527355,-0.26075035
QualiSR-Set120/SUPIR/ava_images___251530.npy.gz,SUPIR,ava_images___251530.png,../../../mnt/ssd2/29o_rya/datasets/iqa/QualiSR-Set120/sr/SUPIR/ava_images___251530.png,QualiSR-Set120,ava_images___251530,SUPIR/ava_images___251530.png,../../../mnt/ssd2/29o_rya/datasets/iqa/QualiSR-Set120/hr/ava_images___251530.png,../../../mnt/ssd2/29o_rya/datasets/iqa/QualiSR-Set120/lr/ava_images___251530.png,train,-2.485532,5.648758,2.7379909,-7.4341927,2.097158,-6.6010957,-1.6869981,2.551248,-7.3202395,3.4819727,-4.042303,2.2866333,-0.86534077,1.3523263,-1.7760816,0.023994654,-2.6790602,0.57758135,-1.1999495,-1.1508629,-0.3284517,0.35120118,-1.3472338,0.47635514,0.09915432,0.5202508,-1.886624,-1.9397844,1.1250541,-0.26211125,0.4412792,-0.5895581,-0.3813618,-1.9596152,0.6365163,0.1689183,0.3013628,0.1814901,-0.017354049,-0.2721932,-0.1250186,-0.3218512,-0.18816413,0.26968938,-0.43878525,0.19705483,-0.33147597,0.24903572,1.0288335,-0.1926249,-0.1541545,0.53851795,0.27141097,0.74353683,-0.15984966,-0.39772964,0.12557688,-2.999142,-1.6310759,-0.79733413,0.32126528,-0.19360448,-0.6930214,0.037097603,-0.057582706,-1.7478746,1.0679106,-0.37508097,0.7023373,-1.6144629,-0.2196786,-0.11452496,-1.0156455,0.17860335,0.29991692
QualiSR-Set120/PASD/ava_images___253900.npy.gz,PASD,ava_images___253900.png,../../../mnt/ssd2/29o_rya/datasets/iqa/QualiSR-Set120/sr/PASD/ava_images___253900.png,QualiSR-Set120,ava_images___253900,PASD/ava_images___253900.png,../../../mnt/ssd2/29o_rya/datasets/iqa/QualiSR-Set120/hr/ava_images___253900.png,../../../mnt/ssd2/29o_rya/datasets/iqa/QualiSR-Set120/lr/ava_images___253900.png,train,2.081984,3.4565651,-3.8355682,-1.6797081,5.438577,-1.089071,1.4166172,-2.0548499,-0.8573184,-3.0361865,1.3736554,-2.893204,-4.4274397,-5.534026,2.8830404,0.9513996,1.1136558,-0.43187708,0.35806936,-0.56152105,-1.3210416,-0.8604058,-1.2205052,0.29060924,0.1840165,1.3318298,-2.0921578,0.7547238,-0.35546184,0.020494819,-0.1640369,0.035981208,0.5078411,-1.1612861,-1.2494107,-0.44061458,-0.49552435,-0.8521795,0.8690108,-1.168126,-1.0502484,-1.7957823,-0.93853885,-0.5932734,0.45297337,-0.5289862,-0.01507251,0.062041074,-0.7823656,-0.5537553,-0.5650405,0.01413013,0.5250674,0.06887868,1.9244381,-0.64523464,0.18456498,0.39865357,0.10787273,-1.122123,-0.30008006,-0.60393876,-0.63601756,1.0142217,-0.17035894,-0.9559528,0.12949476,1.3288351,-2.5615537,-0.21770476,0.87007034,-0.70069903,-0.5403506,0.2613838,-0.00013699383
QualiSR-Set120/RealESRGAN/ava_images___253900.npy.gz,RealESRGAN,ava_images___253900.png,../../../mnt/ssd2/29o_rya/datasets/iqa/QualiSR-Set120/sr/RealESRGAN/ava_images___253900.png,QualiSR-Set120,ava_images___253900,RealESRGAN/ava_images___253900.png,../../../mnt/ssd2/29o_rya/datasets/iqa/QualiSR-Set120/hr/ava_images___253900.png,../../../mnt/ssd2/29o_rya/datasets/iqa/QualiSR-Set120/lr/ava_images___253900.png,train,1.6646119,3.588621,-4.614938,-0.86184597,6.272149,-1.5283084,1.1505512,-1.3762654,-0.8185234,-3.3628347,0.7925127,-2.2583861,-3.7442403,-5.0757833,3.010073,1.2182755,1.4479816,-0.46716344,0.6495888,-0.8129341,-0.6094901,0.0058210194,-0.6895946,-0.06423959,1.1314563,0.5921885,-2.3142147,1.1224159,0.0894237,0.48845622,0.012409054,0.20722474,0.48808065,-0.82734805,-1.8725975,0.5726113,-0.3908142,-0.9201751,-0.072671875,-1.2230172,-1.1211402,-2.171566,-0.53754073,-1.0682049,0.045311928,0.5286581,0.62926555,0.102079995,-0.0040340424,0.24465844,0.66142184,-0.5571734,0.55610853,-0.2738226,-2.7921667,0.74116653,0.6174569,-0.8703941,1.1887546,2.7883718,-0.8344057,-0.5858653,-0.12909083,0.24107651,-0.09665632,0.225909,0.21088398,-1.6853223,0.43823075,-0.5177034,0.1507588,-0.3447879,0.05977851,0.35912287,0.102173515
QualiSR-Set120/SUPIR/ava_images___253900.npy.gz,SUPIR,ava_images___253900.png,../../../mnt/ssd2/29o_rya/datasets/iqa/QualiSR-Set120/sr/SUPIR/ava_images___253900.png,QualiSR-Set120,ava_images___253900,SUPIR/ava_images___253900.png,../../../mnt/ssd2/29o_rya/datasets/iqa/QualiSR-Set120/hr/ava_images___253900.png,../../../mnt/ssd2/29o_rya/datasets/iqa/QualiSR-Set120/lr/ava_images___253900.png,train,1.5972861,4.0226574,-4.063879,-1.4692882,6.117708,-1.5829856,1.0335683,-1.5080926,-0.52786404,-2.150792,0.9091773,-2.248354,-3.9997077,-5.042387,2.8958526,0.9747637,1.0927913,-0.4084813,-0.2718432,-1.0311736,-1.190015,-0.059951246,-0.13478611,-0.107656635,0.7649647,1.3170571,-2.2208366,1.4045908,-0.4633283,0.30793548,-0.26011673,0.12674022,0.3647181,-1.3202932,-1.4548362,0.2438683,-0.36376476,-0.30236778,0.90625536,-0.99923027,-1.3875407,-2.3764277,-1.5092603,-0.6068577,-0.3249601,-0.32428673,-0.09176017,0.23654011,-0.16026226,-0.7492368,-0.040003352,-0.61983067,-0.6800093,1.0349866,1.1110691,-0.23336673,-0.7477904,-0.076346695,-0.86789495,-1.4688449,0.948327,0.5943344,1.0506257,-1.0660117,0.6278627,0.56926084,-0.8658771,0.14143294,1.6581436,0.9497226,-0.8060874,0.66751266,0.851234,-0.49578744,-0.0438587
QualiSR-Set120/PASD/ava_images___273810.npy.gz,PASD,ava_images___273810.png,../../../mnt/ssd2/29o_rya/datasets/iqa/QualiSR-Set120/sr/PASD/ava_images___273810.png,QualiSR-Set120,ava_images___273810,PASD/ava_images___273810.png,../../../mnt/ssd2/29o_rya/datasets/iqa/QualiSR-Set120/hr/ava_images___273810.png,../../../mnt/ssd2/29o_rya/datasets/iqa/QualiSR-Set120/lr/ava_images___273810.png,train,-3.395878,-3.8094409,-3.263677,0.35101908,-2.2811532,0.7640691,2.082714,1.1875454,0.46006665,4.540043,0.4902475,1.7525421,-1.8367321,-1.3680302,-2.5116072,5.0093913,0.6769627,-2.9538167,0.96536815,0.5816788,0.46940297,-0.6320665,-1.2956036,-0.81816554,0.63284504,0.5613948,0.8479811,0.49420378,-0.29262894,0.28215927,-0.0639666,-0.25667524,-0.24236348,0.07102674,-0.37348714,-0.1536789,-0.046632953,0.23741147,0.109264925,-0.78970796,0.9194875,-0.17540249,0.31901735,1.3111446,0.14203614,-0.62216175,-0.13341232,-0.13562363,-0.7864808,-0.9614625,-0.12864691,0.27185988,1.5666084,1.4568747,0.6582464,2.5258625,0.52092075,-0.27173394,-0.16107297,0.43168646,0.18632434,-0.7308451,0.28485525,0.1387089,-0.31066298,0.2562235,0.49810743,0.3685449,0.07660797,0.2804984,0.39296994,0.20234807,0.46919858,-0.37098715,-0.04155752
QualiSR-Set120/RealESRGAN/ava_images___273810.npy.gz,RealESRGAN,ava_images___273810.png,../../../mnt/ssd2/29o_rya/datasets/iqa/QualiSR-Set120/sr/RealESRGAN/ava_images___273810.png,QualiSR-Set120,ava_images___273810,RealESRGAN/ava_images___273810.png,../../../mnt/ssd2/29o_rya/datasets/iqa/QualiSR-Set120/hr/ava_images___273810.png,../../../mnt/ssd2/29o_rya/datasets/iqa/QualiSR-Set120/lr/ava_images___273810.png,train,-3.4904585,-4.350708,-3.694599,0.56638646,-2.1011949,0.39916325,2.199962,1.9802989,0.1985721,4.885102,0.677044,1.874122,-1.6553562,-1.7421982,-2.061341,5.495013,0.56161696,-3.037567,0.9780978,0.47369844,0.8553736,-0.55240744,-1.4571047,-1.0173842,1.0464381,0.67044485,0.7529236,0.38754717,-0.46640396,0.009157538,-0.25038785,-0.43013692,-0.17598954,0.06966722,-0.019969732,0.068523765,-0.16904208,0.31036124,-0.028375916,-0.35308218,0.3883398,-0.07824638,0.14200759,0.41781855,-0.27320045,-0.46506536,-0.21330933,-0.039117992,-0.27600875,-0.2419047,-0.39612,-0.08807367,0.88652295,0.6723979,-0.22968118,1.3359168,-0.22589773,0.039138734,-0.33965194,0.093679026,0.19086209,0.043790087,0.44634256,-0.35910332,0.27983987,0.34761226,-0.14257228,0.30611545,-0.44436505,-0.8644058,-0.47375268,-0.50438076,-0.20545939,0.6862165,0.2753707
QualiSR-Set120/SUPIR/ava_images___273810.npy.gz,SUPIR,ava_images___273810.png,../../../mnt/ssd2/29o_rya/datasets/iqa/QualiSR-Set120/sr/SUPIR/ava_images___273810.png,QualiSR-Set120,ava_images___273810,SUPIR/ava_images___273810.png,../../../mnt/ssd2/29o_rya/datasets/iqa/QualiSR-Set120/hr/ava_images___273810.png,../../../mnt/ssd2/29o_rya/datasets/iqa/QualiSR-Set120/lr/ava_images___273810.png,train,-3.489709,-4.430709,-3.6075604,0.5834434,-2.283581,0.37219596,2.3189824,1.9490536,0.6862626,5.340821,0.47096795,1.9309555,-2.1083665,-1.7016588,-2.7130945,6.1980243,0.78316027,-3.505075,1.1337981,0.30006653,0.61322105,-0.7509166,-1.4416844,-1.1853906,1.0418568,0.9098001,0.84089106,0.6839342,-0.37985736,-0.17731065,-0.07398251,-0.6781651,0.15947333,0.08866173,-0.16130862,-0.07437593,0.069446675,0.15413246,-0.21977669,-0.37468192,0.38670635,-0.2865284,0.16205373,0.75985616,0.4333426,-0.2861422,-0.056860045,0.08769676,-0.5720579,-0.42502686,-0.15161039,0.057079107,0.34820196,0.7099482,0.07528016,1.3776752,0.1170392,-0.24415678,-0.20055792,0.050873764,0.039717153,0.14349273,-0.16067141,-0.55746424,-0.0038092136,0.06833203,-0.051194035,0.29165214,0.022733271,-0.00029307604,-0.18587996,0.1427,-0.15610689,-0.619326,0.42254534
QualiSR-Set120/PASD/ava_images___295451.npy.gz,PASD,ava_images___295451.png,../../../mnt/ssd2/29o_rya/datasets/iqa/QualiSR-Set120/sr/PASD/ava_images___295451.png,QualiSR-Set120,ava_images___295451,PASD/ava_images___295451.png,../../../mnt/ssd2/29o_rya/datasets/iqa/QualiSR-Set120/hr/ava_images___295451.png,../../../mnt/ssd2/29o_rya/datasets/iqa/QualiSR-Set120/lr/ava_images___295451.png,train,-2.4916377,-2.7799945,-1.650007,-0.44182965,-0.5405417,0.6390773,1.0571965,-0.4250937,-0.56031156,0.3178031,1.275503,0.7941446,0.21121013,1.3984609,-0.26499435,1.3488739,-1.0862339,0.49113727,-1.5292958,-1.1571484,-3.1204827,-1.3122954,3.9623325,4.419633,-2.6609695,-0.8852528,-2.7248693,1.0997397,-0.9109371,-1.1706297,0.66677976,0.39676744,-0.020660073,0.3313653,-0.04661122,0.04927218,-0.4186744,-0.24499935,-0.08572839,-0.29726532,0.21322918,-0.34311756,0.44397348,0.42804813,-0.19256753,0.18056121,-0.15063359,0.1593058,0.034412026,0.23115715,0.13407613,-0.024561062,-0.41787136,-0.062667176,0.4616332,-1.1307544,0.034543037,0.1847009,-2.07706,2.0685532,0.3742853,-0.016320363,2.2762408,-0.14705235,-1.2476411,-0.26655298,0.93808705,0.5133182,-0.9287878,-0.33846605,-0.18611978,0.01721488,0.52758044,-0.2172949,-0.19979963
QualiSR-Set120/RealESRGAN/ava_images___295451.npy.gz,RealESRGAN,ava_images___295451.png,../../../mnt/ssd2/29o_rya/datasets/iqa/QualiSR-Set120/sr/RealESRGAN/ava_images___295451.png,QualiSR-Set120,ava_images___295451,RealESRGAN/ava_images___295451.png,../../../mnt/ssd2/29o_rya/datasets/iqa/QualiSR-Set120/hr/ava_images___295451.png,../../../mnt/ssd2/29o_rya/datasets/iqa/QualiSR-Set120/lr/ava_images___295451.png,train,-2.490908,-3.601218,-2.606171,-0.13363814,0.14596808,-0.19649434,1.0957745,-0.021690965,-0.55614436,0.25236392,1.3920766,0.8937194,0.5659374,1.1893538,-0.5212468,1.8780363,-1.1278309,0.48227793,-1.6051527,-1.3685697,-2.787832,-1.3078029,3.8087943,4.714832,-2.1511114,-0.756439,-3.0619311,0.90876377,-1.2093234,-1.0891871,0.5839821,-0.07960358,-0.21644804,0.45741484,0.6992485,1.3279412,-0.91890895,0.26421437,-0.44988817,-1.0929875,-0.8418002,-0.17335173,-1.3410599,1.5673182,0.0472607,2.8433332,0.5387616,-2.1965845,3.6767406,0.3671701,-0.7674104,1.1147213,0.38554415,1.0379263,1.1713486,0.5087985,-0.03961414,0.50051683,1.5152326,-0.13378394,0.12713322,-0.23555441,-0.9333823,0.4064684,0.42963076,0.47555375,-0.45484233,-0.24875942,0.26757282,-0.20159802,0.19557717,0.2804894,-0.3481182,-0.5090844,-0.2140117
QualiSR-Set120/SUPIR/ava_images___295451.npy.gz,SUPIR,ava_images___295451.png,../../../mnt/ssd2/29o_rya/datasets/iqa/QualiSR-Set120/sr/SUPIR/ava_images___295451.png,QualiSR-Set120,ava_images___295451,SUPIR/ava_images___295451.png,../../../mnt/ssd2/29o_rya/datasets/iqa/QualiSR-Set120/hr/ava_images___295451.png,../../../mnt/ssd2/29o_rya/datasets/iqa/QualiSR-Set120/lr/ava_images___295451.png,train,-2.3924897,-2.1827722,-1.126121,-0.40656415,-0.67935365,0.98429906,0.6919639,-0.6736495,-0.514908,-0.029344331,1.2868686,0.68878245,0.21819139,1.2269102,-0.19200604,0.9249883,-1.1924686,0.5667788,-1.2491112,-1.1624168,-2.772816,-1.2651713,3.5257454,3.9160335,-2.3716645,-0.46575063,-2.2693644,1.0426018,-0.95591426,-0.9058803,0.5696836,0.09458047,0.2519641,0.20480794,-0.0061558336,-0.08696705,-0.28461096,-0.047076315,-0.13870272,-0.31621674,0.2511204,-0.19990301,0.23514543,0.35230047,0.11096513,-0.014909342,0.052783817,0.114217356,-0.36074,0.16057837,0.18243904,-0.24078143,-0.2348097,0.024258748,0.22489935,-0.39129412,0.18372805,0.031841874,-0.78311664,0.9536589,0.094015464,0.28505957,1.0553814,0.06161064,-0.7988975,-0.111764625,0.33421052,0.15879525,-0.3780931,-0.010840833,-0.003553331,-0.17700124,0.46734637,-0.015300691,-0.043654107
QualiSR-Set120/PASD/ava_images___308473.npy.gz,PASD,ava_images___308473.png,../../../mnt/ssd2/29o_rya/datasets/iqa/QualiSR-Set120/sr/PASD/ava_images___308473.png,QualiSR-Set120,ava_images___308473,PASD/ava_images___308473.png,../../../mnt/ssd2/29o_rya/datasets/iqa/QualiSR-Set120/hr/ava_images___308473.png,../../../mnt/ssd2/29o_rya/datasets/iqa/QualiSR-Set120/lr/ava_images___308473.png,train,3.173234,0.8338438,-3.2052763,-1.8372667,6.0649343,2.396676,-1.359128,-2.9931808,-0.14859208,2.0031173,3.4533486,-1.1490986,0.6175972,0.5719606,-2.0082445,-0.11884493,-0.35549784,-0.57319844,-5.4889,-1.2206563,4.267125,-0.33112714,0.6726877,-1.5933808,-1.258744,0.16108604,-0.08337444,-0.5810764,-1.2058829,-0.98654395,-0.12011485,-0.026385903,1.0676228,-1.2305923,-3.4806485,1.2413375,1.181511,0.7975935,-1.2041266,1.8344291,0.52597624,0.5583302,0.06641115,0.428363,-0.37379718,0.52749485,-0.54740584,-0.23526442,-0.08766866,-0.06767765,-0.48313725,-0.017151937,-0.24162821,0.3672837,0.15422584,-0.27590442,-0.39553565,0.051610947,-0.0017630905,0.08856982,-0.12325163,0.29164398,-0.54938996,1.1962023,0.014335513,-0.12525348,-0.1769261,0.19318454,-0.113407075,-0.21541326,-1.5913421,1.0607643,1.3424039,0.37921107,0.6034934
QualiSR-Set120/RealESRGAN/ava_images___308473.npy.gz,RealESRGAN,ava_images___308473.png,../../../mnt/ssd2/29o_rya/datasets/iqa/QualiSR-Set120/sr/RealESRGAN/ava_images___308473.png,QualiSR-Set120,ava_images___308473,RealESRGAN/ava_images___308473.png,../../../mnt/ssd2/29o_rya/datasets/iqa/QualiSR-Set120/hr/ava_images___308473.png,../../../mnt/ssd2/29o_rya/datasets/iqa/QualiSR-Set120/lr/ava_images___308473.png,train,2.233251,1.1741792,-2.8619828,-1.9362977,5.331764,2.564605,-0.71253926,-2.871783,0.11302245,1.4811447,3.3281753,-1.1219912,0.55631804,0.6728834,-1.5973357,0.07407969,-0.47465053,-0.47177035,-4.7894077,-1.3217247,3.8312118,-0.23053305,0.6251434,-1.5856291,-0.7410768,0.015884593,-0.21272093,-0.6607912,-0.6663843,-0.51648444,-0.11336348,-0.16186053,1.444876,-0.8450015,-2.9757352,1.1260436,1.0419852,0.8426175,-0.9834883,1.4278702,0.614448,0.33887115,-0.04479137,0.32637596,-0.27264488,0.17882192,-0.109762624,-0.24696967,-0.17476451,0.41120765,-0.3224969,0.03125666,0.29974988,-0.058215573,-0.20105545,-0.08238072,0.6108783,0.20884357,0.12175795,0.12778093,0.22582486,-0.22101475,-0.44258228,-0.0035632104,-0.26537484,-0.4226827,0.17517513,0.12328778,-0.16996244,-0.0575801,-0.2003252,-0.16678913,0.22077751,-0.25662297,0.086324506
QualiSR-Set120/SUPIR/ava_images___308473.npy.gz,SUPIR,ava_images___308473.png,../../../mnt/ssd2/29o_rya/datasets/iqa/QualiSR-Set120/sr/SUPIR/ava_images___308473.png,QualiSR-Set120,ava_images___308473,SUPIR/ava_images___308473.png,../../../mnt/ssd2/29o_rya/datasets/iqa/QualiSR-Set120/hr/ava_images___308473.png,../../../mnt/ssd2/29o_rya/datasets/iqa/QualiSR-Set120/lr/ava_images___308473.png,train,3.0550833,0.92412907,-3.5803664,-2.7703037,6.123561,2.3556674,-0.95369536,-2.6116614,0.16641104,1.7965927,3.1433442,-1.0029798,0.54110944,1.1268234,-1.7544484,0.552579,-0.54946756,-0.049259737,-5.590532,-0.93572444,3.5730264,-0.1362279,0.377451,-1.546406,-0.9184115,0.04577808,0.09523821,-1.1021457,-0.6489463,-1.0938668,-0.083776385,-0.43966985,1.1490415,-0.5469127,-2.696629,0.8061692,0.9611631,0.4944608,-0.55882865,1.1739327,0.6351187,0.2358954,-0.057839915,0.5847381,-0.58279103,0.06970075,0.01580654,0.05331993,-0.041163206,0.004671313,-0.091215655,0.16240847,-0.5718982,0.0113764405,-0.026957601,0.14616884,-0.41714334,0.028842092,-0.2611503,0.019623213,0.27130878,-0.13495989,0.78891087,-1.2331766,-0.027050704,0.5534721,-0.07268148,-0.2701095,0.044695646,0.4043362,1.8665321,-1.0013497,-2.1703525,-0.006471187,-0.90339416
QualiSR-Set120/PASD/ava_images___321917.npy.gz,PASD,ava_images___321917.png,../../../mnt/ssd2/29o_rya/datasets/iqa/QualiSR-Set120/sr/PASD/ava_images___321917.png,QualiSR-Set120,ava_images___321917,PASD/ava_images___321917.png,../../../mnt/ssd2/29o_rya/datasets/iqa/QualiSR-Set120/hr/ava_images___321917.png,../../../mnt/ssd2/29o_rya/datasets/iqa/QualiSR-Set120/lr/ava_images___321917.png,train,-1.7041202,1.3435179,2.9840205,-2.0404036,2.2150855,2.0803895,1.1278884,2.0261397,-1.1560922,-0.65942496,-1.0967387,0.032581348,-0.3793342,-0.14120245,-0.7336488,-1.2488178,1.0539708,-0.48004806,0.19817266,1.4053895,1.1746644,-0.28945273,0.1539383,-0.42410868,-1.7208261,-0.87028664,1.63401,5.184158,-2.3355505,0.5433964,-0.52649,0.76074743,0.03071165,-0.4465263,-0.19498804,-0.15845676,-0.21395612,-0.34540227,0.19062574,-0.27537695,-0.05044669,-0.06072008,0.17601596,-0.09341842,0.634451,-0.27149945,0.15186876,0.31265807,-0.26504406,0.107708305,-0.18121451,0.43561718,0.04233734,-0.48314032,0.3731742,0.34891376,0.320166,1.4160209,0.07848617,-0.119141534,-0.7111615,0.83613575,0.16080767,1.4336199,-0.37568143,0.34280962,0.63278234,0.1120996,1.029616,-0.69622755,-0.24595477,-0.24973129,-0.5826207,-0.48370874,0.28786397
QualiSR-Set120/RealESRGAN/ava_images___321917.npy.gz,RealESRGAN,ava_images___321917.png,../../../mnt/ssd2/29o_rya/datasets/iqa/QualiSR-Set120/sr/RealESRGAN/ava_images___321917.png,QualiSR-Set120,ava_images___321917,RealESRGAN/ava_images___321917.png,../../../mnt/ssd2/29o_rya/datasets/iqa/QualiSR-Set120/hr/ava_images___321917.png,../../../mnt/ssd2/29o_rya/datasets/iqa/QualiSR-Set120/lr/ava_images___321917.png,train,-1.5746003,1.9326288,2.8342311,-2.6528542,3.341035,1.1923735,1.0675664,2.6763468,-1.6649841,-0.4798032,-1.8930676,0.30385864,-0.17651153,0.046719283,-0.8366368,-1.2022557,0.813067,-0.52286696,-0.13478377,1.3978775,1.4196432,-0.1357995,-0.3068599,-0.53941023,-1.5995396,-0.94839376,1.3927165,4.7701497,-2.229262,0.27816528,-0.6570141,0.57814306,0.19936766,-0.275824,-0.14913304,0.044009686,-0.24157366,-0.22678792,0.22377245,-0.49691036,-0.25436038,-0.07758507,-0.032225534,-0.07437098,0.09855598,-0.13768297,0.3041054,0.40161258,0.4948827,-0.09900436,0.12570366,0.29558843,-0.056476045,-0.34928864,-0.33761,0.08674656,0.14557144,0.29120645,-0.6213303,-0.36971757,-0.14614733,1.0932732,0.2653517,1.1161753,-0.23084858,0.23945941,0.4663813,0.55485284,0.9216863,-0.17343152,-0.15167226,-0.12538251,-0.56649685,-0.38772094,0.28136656
QualiSR-Set120/SUPIR/ava_images___321917.npy.gz,SUPIR,ava_images___321917.png,../../../mnt/ssd2/29o_rya/datasets/iqa/QualiSR-Set120/sr/SUPIR/ava_images___321917.png,QualiSR-Set120,ava_images___321917,SUPIR/ava_images___321917.png,../../../mnt/ssd2/29o_rya/datasets/iqa/QualiSR-Set120/hr/ava_images___321917.png,../../../mnt/ssd2/29o_rya/datasets/iqa/QualiSR-Set120/lr/ava_images___321917.png,train,-1.8855692,1.6398443,3.5892372,-2.5151355,3.092682,1.7709415,1.205098,2.7437701,-1.6376878,-0.6249765,-1.650851,0.41441125,-0.32156134,-0.13294187,-0.7777946,-1.4023652,1.2294922,-0.6255956,0.45201552,1.674927,1.2063955,-0.0892978,0.15316753,-0.4335339,-1.8270633,-1.1749228,1.7464494,5.800102,-2.6248314,0.36793745,-0.59362084,0.81979907,0.1024715,-0.45518422,-0.13340978,-0.0071066767,-0.13548121,-0.0104004145,0.18956284,0.022930227,0.02496785,-0.03183897,0.039623335,0.023921162,0.3231813,-0.14255016,0.045765474,0.25036144,-0.0044512153,0.025364429,-0.09620315,0.21455622,-0.069216475,-0.2643792,0.12673578,0.27554157,0.24337308,0.49449944,0.05817689,-0.22996968,-0.32739407,0.12216957,0.21816656,0.63565814,-0.31542587,0.23553523,0.22858626,0.076883554,0.6926778,-0.48047745,-0.04383476,-0.1032304,-0.3861256,-0.2917639,-0.14129615
QualiSR-Set120/PASD/ava_images___360165.npy.gz,PASD,ava_images___360165.png,../../../mnt/ssd2/29o_rya/datasets/iqa/QualiSR-Set120/sr/PASD/ava_images___360165.png,QualiSR-Set120,ava_images___360165,PASD/ava_images___360165.png,../../../mnt/ssd2/29o_rya/datasets/iqa/QualiSR-Set120/hr/ava_images___360165.png,../../../mnt/ssd2/29o_rya/datasets/iqa/QualiSR-Set120/lr/ava_images___360165.png,train,-2.086262,-0.13882576,0.7967377,-0.43529353,-1.6351144,1.9042084,-0.300062,-1.3307698,-0.33315635,-0.06498376,0.6086104,-0.2810126,-0.90978616,-0.07465519,0.021219404,-0.3705383,-0.44062495,0.19555067,-0.3794383,0.7910908,-0.16485935,-0.8549535,0.6183235,0.29078072,-1.0566945,-0.26733822,0.36756152,-0.6385056,0.40263194,3.9136982,-3.1639948,-2.10732,-0.26867983,-0.022205383,-0.09776604,-0.07471226,-0.16523162,-0.16614676,0.13031754,0.10935112,0.18506488,-0.46706754,0.07103772,0.10449621,0.19851407,-0.0474059,0.13514939,0.015219882,-0.25900215,0.17382148,0.061431766,0.045208573,-0.24295111,0.009621218,0.22821748,-0.13748817,0.06333405,0.017249227,-0.055235565,0.12500346,-0.111563206,0.17644876,-0.094283186,-0.3816313,-0.46010286,0.05938705,0.008205511,-0.08056937,0.14283088,-0.02283287,0.47579896,-0.1717213,-0.25222522,0.075353965,0.23053157
QualiSR-Set120/RealESRGAN/ava_images___360165.npy.gz,RealESRGAN,ava_images___360165.png,../../../mnt/ssd2/29o_rya/datasets/iqa/QualiSR-Set120/sr/RealESRGAN/ava_images___360165.png,QualiSR-Set120,ava_images___360165,RealESRGAN/ava_images___360165.png,../../../mnt/ssd2/29o_rya/datasets/iqa/QualiSR-Set120/hr/ava_images___360165.png,../../../mnt/ssd2/29o_rya/datasets/iqa/QualiSR-Set120/lr/ava_images___360165.png,train,-2.1128995,-0.37119877,0.10301483,-0.012462497,-1.2616521,1.724941,-0.3720891,-1.1825498,-0.20997816,0.0100306645,0.47563347,-0.5346699,-0.55300236,-0.14004865,0.02472438,-0.4465941,-0.28833735,0.1489572,-0.4191715,0.9748863,-0.01140739,-0.93630826,0.32972834,0.613275,-1.5149593,-0.53169847,-0.10428083,-0.66360164,0.52306044,4.295517,-3.904159,-2.8341944,-0.4671572,-0.15823063,-0.022187382,0.22986226,-0.3032819,-0.02824518,0.06632461,0.15705122,-0.1395135,-0.09472662,-0.032280162,-0.01514864,-0.037201703,0.28237343,0.07374148,-0.05891761,0.2333498,0.07422423,-0.0038397089,0.18691334,-0.18588279,0.24405271,0.071349666,-0.044155836,-0.17481881,0.29569998,-0.09248848,0.074918665,-0.026907295,0.23312922,-0.052865326,-0.43850327,-0.40388894,0.11856888,0.04848393,0.0037665218,0.13596676,0.114287436,0.13197312,-0.5653175,-0.25078517,0.06504591,0.22104931
QualiSR-Set120/SUPIR/ava_images___360165.npy.gz,SUPIR,ava_images___360165.png,../../../mnt/ssd2/29o_rya/datasets/iqa/QualiSR-Set120/sr/SUPIR/ava_images___360165.png,QualiSR-Set120,ava_images___360165,SUPIR/ava_images___360165.png,../../../mnt/ssd2/29o_rya/datasets/iqa/QualiSR-Set120/hr/ava_images___360165.png,../../../mnt/ssd2/29o_rya/datasets/iqa/QualiSR-Set120/lr/ava_images___360165.png,train,-2.1418412,-0.21293415,0.76479834,-0.45825765,-1.6384976,1.9467478,-0.33699578,-1.3360755,-0.3220527,-0.06352692,0.659801,-0.42580384,-0.79661834,-0.18588251,0.028254818,-0.41393974,-0.34459782,0.19919336,-0.437806,0.85222375,-0.20452401,-0.931726,0.6857666,0.42943025,-1.3329608,-0.29330266,0.26118505,-0.73853815,0.44772613,4.3783636,-3.7610714,-2.6245646,-0.42354998,-0.12510565,-0.0053742975,-0.049605742,-0.115403645,-0.108841166,0.25989872,0.13467085,0.00590384,-0.39339733,-0.024184272,0.076556504,-0.009374857,0.06665853,0.08939275,-0.05449888,-0.14922622,0.17454922,0.050230592,0.09156297,-0.3386595,0.16581854,0.22442776,-0.09824121,-0.12085149,0.110816255,0.02360975,0.013035335,-0.048194617,0.22948125,-0.1944027,-0.45666194,-0.4915976,0.04489485,-0.08714014,-0.22645897,0.13314484,0.04395339,0.4624281,-0.25520414,-0.33308882,-0.019016117,0.27050197
QualiSR-Set120/PASD/ava_images___426629.npy.gz,PASD,ava_images___426629.png,../../../mnt/ssd2/29o_rya/datasets/iqa/QualiSR-Set120/sr/PASD/ava_images___426629.png,QualiSR-Set120,ava_images___426629,PASD/ava_images___426629.png,../../../mnt/ssd2/29o_rya/datasets/iqa/QualiSR-Set120/hr/ava_images___426629.png,../../../mnt/ssd2/29o_rya/datasets/iqa/QualiSR-Set120/lr/ava_images___426629.png,test,-0.97647774,2.9910326,-7.909536e-05,-0.7035974,0.9237169,-2.778225,-0.16819753,0.5549909,-3.45445,1.536415,-1.6421764,-0.07809824,-0.6800165,0.2960633,0.30795285,-0.68770826,-0.24593155,-0.025153056,-0.63089365,-0.3903401,-0.22730184,0.59068793,1.2982925,-0.22314814,0.23010531,-0.9603154,0.758031,0.2505624,-0.3890738,-0.37016708,0.088082634,0.14481398,-0.4129589,-1.6504653,-0.32958958,0.24299638,-0.30525392,0.367668,-0.034993082,-1.0960433,0.5289521,-0.11148313,0.24778762,0.43186516,0.07447368,-0.16127881,0.09475122,0.250288,-0.18257192,-0.012019895,0.19275685,0.02771984,-0.48954558,0.83509254,0.5126893,-0.39323342,-0.3876956,0.86355966,-0.18418694,-0.32285875,-0.54685146,-0.2722298,-0.72125685,-0.48605496,-0.075508416,-0.7258571,-0.20271946,-0.33001077,0.39038414,-0.893913,-0.082801685,0.36262178,0.046122134,-0.08924125,-0.7136095
QualiSR-Set120/RealESRGAN/ava_images___426629.npy.gz,RealESRGAN,ava_images___426629.png,../../../mnt/ssd2/29o_rya/datasets/iqa/QualiSR-Set120/sr/RealESRGAN/ava_images___426629.png,QualiSR-Set120,ava_images___426629,RealESRGAN/ava_images___426629.png,../../../mnt/ssd2/29o_rya/datasets/iqa/QualiSR-Set120/hr/ava_images___426629.png,../../../mnt/ssd2/29o_rya/datasets/iqa/QualiSR-Set120/lr/ava_images___426629.png,test,-0.89873517,3.5009027,-0.14424866,-0.73247,1.0700971,-2.453877,-0.26676884,0.6211095,-3.420798,1.4957052,-1.4509315,-0.04887049,-0.5123082,-0.19074684,0.19731888,-0.56604534,-0.52034056,0.055134043,-0.69701546,-0.43420875,-0.27591753,0.36608875,1.0455358,-0.10893843,0.3817388,-0.6101354,0.24069172,0.19769162,-0.33274153,-0.28704065,-0.07244476,0.067337185,-0.10604933,-1.1749425,-0.22392394,0.49932373,0.11418772,0.5103601,0.060434267,-0.9204481,0.5816406,-0.0020047277,0.18617345,0.53204864,-0.17205739,0.0021689236,0.040850565,-0.04290375,0.0598073,0.118624195,0.16757609,0.035618395,-0.4189555,0.86426926,0.059699208,-0.20008524,-0.31518418,0.33753332,-0.31649163,-0.53054607,-0.11303599,-0.12686868,-0.92886007,-0.36635298,-0.020132601,-0.4536258,-0.14247262,-0.2677941,0.40516782,-0.76515645,-0.20441552,0.17453863,0.21375054,-0.18953022,-0.6207282
QualiSR-Set120/SUPIR/ava_images___426629.npy.gz,SUPIR,ava_images___426629.png,../../../mnt/ssd2/29o_rya/datasets/iqa/QualiSR-Set120/sr/SUPIR/ava_images___426629.png,QualiSR-Set120,ava_images___426629,SUPIR/ava_images___426629.png,../../../mnt/ssd2/29o_rya/datasets/iqa/QualiSR-Set120/hr/ava_images___426629.png,../../../mnt/ssd2/29o_rya/datasets/iqa/QualiSR-Set120/lr/ava_images___426629.png,test,-1.0582514,2.82399,0.1568805,-0.9407471,0.8073963,-2.7075124,-0.06961245,0.49709153,-3.359202,1.3833164,-1.5305016,0.117642544,-0.7821613,0.22079791,0.1701541,-0.7906761,-0.23708795,0.2451368,-0.58709675,-0.27551454,-0.26933903,0.43950605,1.2617718,0.04958923,0.09465507,-0.74826235,0.81783134,0.23232391,-0.25453448,-0.31185955,0.15957654,0.089583606,-0.14610419,-1.1785285,-0.013796732,0.45335728,0.03320256,0.47244993,0.087593496,-0.90495706,0.54599005,-0.10100449,0.13734543,0.5100926,-0.079883635,-0.2567181,-0.06461005,0.3370582,-0.10320377,0.10164663,0.07564649,0.18859209,-0.33624122,0.90107226,0.40951455,-0.5280298,-0.23187518,0.21202318,-0.4344712,-0.5632508,-0.24039237,-0.29640526,-0.8389975,-0.6827416,-0.0973407,-0.8251463,-0.19319513,-0.45927832,0.32304657,-0.7014783,0.14087363,0.081479296,-0.012546077,-0.15998577,-0.71498764
QualiSR-Set120/PASD/ava_images___436880.npy.gz,PASD,ava_images___436880.png,../../../mnt/ssd2/29o_rya/datasets/iqa/QualiSR-Set120/sr/PASD/ava_images___436880.png,QualiSR-Set120,ava_images___436880,PASD/ava_images___436880.png,../../../mnt/ssd2/29o_rya/datasets/iqa/QualiSR-Set120/hr/ava_images___436880.png,../../../mnt/ssd2/29o_rya/datasets/iqa/QualiSR-Set120/lr/ava_images___436880.png,train,2.9518108,-1.11597,-1.5505981,-1.0699255,0.846645,0.86018646,-1.2231054,-1.7056332,0.38323775,1.0101035,-3.3951797,0.6675654,-0.6744976,4.784711,4.8513246,2.639546,2.306422,0.62652296,-3.2810678,3.898437,-0.57465285,1.8647218,0.54857415,-0.9310697,-0.32497913,3.6074448,0.46825427,0.23125786,-0.9389782,-0.8790235,-0.22463796,-0.34155983,0.23930426,-0.49009132,-0.95998865,-0.28448522,-0.4613908,-1.9676011,1.1114963,-0.54467535,-1.7261032,1.9209347,2.4191086,-0.28437448,0.2564203,0.06284192,0.06075771,-0.74548304,-0.32333714,0.21751124,-0.058562294,0.040791392,0.3245264,-0.27654994,0.86335105,-0.20952427,-0.4443844,-0.8932338,1.1978133,0.3591112,0.33870775,-0.60099566,-0.6511873,-0.59012496,-0.5963893,0.021997947,0.3907547,0.04731027,-0.32136932,0.22117424,-0.8394458,-1.6511352,0.5034341,-1.848257,0.9433562
QualiSR-Set120/RealESRGAN/ava_images___436880.npy.gz,RealESRGAN,ava_images___436880.png,../../../mnt/ssd2/29o_rya/datasets/iqa/QualiSR-Set120/sr/RealESRGAN/ava_images___436880.png,QualiSR-Set120,ava_images___436880,RealESRGAN/ava_images___436880.png,../../../mnt/ssd2/29o_rya/datasets/iqa/QualiSR-Set120/hr/ava_images___436880.png,../../../mnt/ssd2/29o_rya/datasets/iqa/QualiSR-Set120/lr/ava_images___436880.png,train,3.155573,-0.79527336,-2.4184847,-1.800881,2.0179577,1.1246835,-0.8944474,-2.0531769,0.67569923,0.49297056,-2.3753948,0.50218815,-0.7109549,4.905234,4.04261,2.5877125,2.350693,0.8132012,-3.0405498,4.761219,-0.7526693,1.8222153,0.36902654,-0.4649176,0.09663603,3.543114,0.7377739,0.22546843,-0.76863855,-0.01562804,-0.10760017,-0.42261797,-0.1483173,0.06995505,-0.25461525,0.010127321,0.10052537,-0.5671147,0.27916032,-0.0073297443,-0.90032303,0.7080561,0.41029537,0.31406206,0.05506414,0.9788912,1.6377503,0.75128603,1.0188907,0.6878203,0.35521263,-0.56792784,1.2023277,-0.50058806,-1.1004359,-0.12041922,3.5531986,0.2567451,-0.77897954,-1.6378053,-0.7064013,-0.09591575,1.441644,-0.74259055,1.0384494,-0.14768606,-0.08711397,0.26488262,-0.32642248,0.037487924,0.27504718,0.8754598,0.008989841,0.10956249,-0.20478886
QualiSR-Set120/SUPIR/ava_images___436880.npy.gz,SUPIR,ava_images___436880.png,../../../mnt/ssd2/29o_rya/datasets/iqa/QualiSR-Set120/sr/SUPIR/ava_images___436880.png,QualiSR-Set120,ava_images___436880,SUPIR/ava_images___436880.png,../../../mnt/ssd2/29o_rya/datasets/iqa/QualiSR-Set120/hr/ava_images___436880.png,../../../mnt/ssd2/29o_rya/datasets/iqa/QualiSR-Set120/lr/ava_images___436880.png,train,2.4453192,-1.1689038,-1.8308008,-1.7305048,0.32754457,0.052307606,-0.9252521,-1.4439852,0.6415169,0.30629522,-3.4615939,0.541212,-0.5475836,4.193363,4.381015,2.726792,2.0174139,0.8254513,-2.9924364,4.009269,-1.006194,1.6800601,0.4469775,-0.8136317,0.06389013,3.0861099,0.041157365,0.3761964,-1.0121951,-0.7395647,-0.001908727,-0.29219735,0.03715405,-0.34090263,-0.6690674,-0.3928156,-0.45714003,-1.5947595,1.6258626,-0.6750776,-1.5343331,1.0938476,2.0249746,-0.1850422,-0.060130835,-0.1828186,-0.25723588,-0.34488282,0.07392621,-0.120321065,-0.13115403,0.09702813,-0.23612861,-0.054677486,0.65136296,0.8183751,-2.477349,-0.020932138,-0.7940616,0.8847401,0.36966288,0.9372235,-0.49287054,0.46001053,-0.06901398,0.07876155,-0.6870704,-0.24973255,0.37610137,-0.35065043,0.5846987,1.3656641,-0.31803456,2.0525653,-0.8595086
QualiSR-Set120/PASD/ava_images___46021.npy.gz,PASD,ava_images___46021.png,../../../mnt/ssd2/29o_rya/datasets/iqa/QualiSR-Set120/sr/PASD/ava_images___46021.png,QualiSR-Set120,ava_images___46021,PASD/ava_images___46021.png,../../../mnt/ssd2/29o_rya/datasets/iqa/QualiSR-Set120/hr/ava_images___46021.png,../../../mnt/ssd2/29o_rya/datasets/iqa/QualiSR-Set120/lr/ava_images___46021.png,train,-2.787538,-2.0093563,0.7465766,-1.035393,1.8671397,3.176517,-0.8981596,4.876047,-1.6765057,-2.540885,3.245383,-0.62886816,3.7478862,0.068229124,2.5325766,3.7864044,-2.7840555,2.219061,0.02166757,-0.6638722,-1.1238128,-0.015300095,-0.4261034,-1.2347546,0.45390818,-0.6488866,0.35355285,0.061612025,0.5237448,0.36573684,0.1157371,-0.040947974,-0.117770106,-0.19386423,0.0101147145,-0.16727507,-0.09993077,0.0861958,0.12089883,-0.72377974,0.009870946,0.30537495,-0.1377903,0.82521075,0.49611196,-0.36884826,-0.6834223,0.023663044,-1.2115728,-0.55603254,-1.2632661,0.5717159,0.3698855,-0.8144549,-0.51478547,-0.3372473,0.12605175,-0.5068435,-0.44120455,0.07629988,-0.64729476,0.25450695,-0.4258223,0.51480293,0.47321016,0.62165016,-0.26081344,-0.533635,-0.91030693,-0.16653657,-0.8887576,0.7823012,-0.5173446,-1.2239428,-1.1902333
QualiSR-Set120/RealESRGAN/ava_images___46021.npy.gz,RealESRGAN,ava_images___46021.png,../../../mnt/ssd2/29o_rya/datasets/iqa/QualiSR-Set120/sr/RealESRGAN/ava_images___46021.png,QualiSR-Set120,ava_images___46021,RealESRGAN/ava_images___46021.png,../../../mnt/ssd2/29o_rya/datasets/iqa/QualiSR-Set120/hr/ava_images___46021.png,../../../mnt/ssd2/29o_rya/datasets/iqa/QualiSR-Set120/lr/ava_images___46021.png,train,-2.4132388,-2.177668,0.30888814,-0.9989231,2.2412586,2.824246,-1.5030024,5.016188,-1.5453115,-2.7600844,3.032516,-0.66460025,4.117038,0.13443297,2.8987274,3.4519107,-2.5604746,1.9855704,-0.18181744,-0.9107998,-0.6600542,-0.22171164,-0.9888613,-1.5720105,0.47578523,-0.27226782,0.3759045,0.025443316,0.33105975,0.17936546,-0.21176355,-0.26130491,-0.2627671,-0.24123558,0.280823,0.70690835,0.29893807,0.36925402,-0.60473835,-1.5874363,-1.1846727,1.0638884,-0.9418015,0.7281582,2.2962005,1.0838044,-1.6282357,-0.107524484,-0.8454834,-0.7036942,-2.6224217,1.9001875,0.46672943,-1.0780096,-1.319011,-0.6269529,-0.26896662,0.25152475,0.0871083,-0.5196592,0.47835004,-0.26354676,0.9947113,-0.92778575,-0.31127453,-0.15857637,-0.5741065,0.14925823,0.7684071,0.00784409,0.7534112,-0.6784276,0.7079544,1.0992558,1.2279701
QualiSR-Set120/SUPIR/ava_images___46021.npy.gz,SUPIR,ava_images___46021.png,../../../mnt/ssd2/29o_rya/datasets/iqa/QualiSR-Set120/sr/SUPIR/ava_images___46021.png,QualiSR-Set120,ava_images___46021,SUPIR/ava_images___46021.png,../../../mnt/ssd2/29o_rya/datasets/iqa/QualiSR-Set120/hr/ava_images___46021.png,../../../mnt/ssd2/29o_rya/datasets/iqa/QualiSR-Set120/lr/ava_images___46021.png,train,-2.8812072,-2.4409978,0.60256076,-1.1992226,2.4794922,2.8998628,-0.8129929,5.6415863,-1.6866195,-2.9254403,3.4919605,-0.64081734,4.2047944,0.20944579,2.967638,4.471142,-3.1589723,2.376876,0.05549237,-1.0341177,-1.0790408,0.007824838,-0.6604363,-1.3836951,0.73475075,-0.43632227,0.41588238,-0.3381657,0.5027877,0.24276954,0.11809876,0.08097619,-0.0312047,-0.21777976,0.07326637,-0.11535972,-0.32505926,-0.12811667,0.40054584,-0.3441278,-0.03512025,-0.03378418,-0.14489044,0.24055932,-0.26116168,-0.533486,-0.27873296,-0.2097018,-0.5633379,0.021320716,-0.51544094,-0.03677672,-0.12176444,-0.15238532,-0.11283855,-0.20742796,0.048002064,-0.4145019,-0.42600185,0.15285845,-0.6862289,0.3406826,-0.71727586,0.46738735,0.31483483,0.44698483,-0.038145967,-0.3067002,-0.8368608,-0.063694105,-0.59109455,0.7356673,-0.46520936,-0.7103612,-1.2868755
QualiSR-Set120/PASD/ava_images___472713.npy.gz,PASD,ava_images___472713.png,../../../mnt/ssd2/29o_rya/datasets/iqa/QualiSR-Set120/sr/PASD/ava_images___472713.png,QualiSR-Set120,ava_images___472713,PASD/ava_images___472713.png,../../../mnt/ssd2/29o_rya/datasets/iqa/QualiSR-Set120/hr/ava_images___472713.png,../../../mnt/ssd2/29o_rya/datasets/iqa/QualiSR-Set120/lr/ava_images___472713.png,test,-2.0022502,-2.2104654,-0.77882236,0.7168726,-1.1808715,1.5592821,-0.16034177,0.86510146,-0.14156589,0.031480014,-0.16925356,0.7629382,-1.2758833,-0.12182316,-0.4789342,0.9147883,0.7361372,-0.4142391,-0.018011987,-0.09113951,1.432142,0.3311568,0.397762,0.14134815,-0.86384535,0.50929874,-1.5527312,-1.2974939,-0.14317366,-0.0043851137,-0.018919595,-0.16831252,-1.328864,0.15720469,0.28819525,0.3836965,0.4213373,0.47365758,0.6379146,-0.55900294,0.17366028,0.39958242,-0.49033958,0.7190261,-0.5673937,-0.1616927,-0.43238044,-0.19334716,-0.2482537,-0.00023820251,-0.50623083,-0.509255,-0.31934193,-0.53662866,-0.09578456,0.55112743,0.19806698,0.13311939,1.0045118,-0.6378792,0.32928252,-0.35913444,0.19449738,0.5318616,0.23524088,0.06603344,-0.60808164,0.21619809,-0.484866,-0.50301886,0.093477204,0.08103804,-0.3942436,0.2314688,0.17267498
QualiSR-Set120/RealESRGAN/ava_images___472713.npy.gz,RealESRGAN,ava_images___472713.png,../../../mnt/ssd2/29o_rya/datasets/iqa/QualiSR-Set120/sr/RealESRGAN/ava_images___472713.png,QualiSR-Set120,ava_images___472713,RealESRGAN/ava_images___472713.png,../../../mnt/ssd2/29o_rya/datasets/iqa/QualiSR-Set120/hr/ava_images___472713.png,../../../mnt/ssd2/29o_rya/datasets/iqa/QualiSR-Set120/lr/ava_images___472713.png,test,-1.9976207,-1.574854,-0.43690747,0.9782218,-1.5251759,1.4410853,-0.025317064,0.9823128,-0.006151259,-0.27722776,-0.040750235,0.59316087,-1.4534029,0.2869246,-0.1439723,1.1413686,0.36123693,-0.67918223,0.14563823,-0.15564598,1.4666781,0.23430598,-0.2429028,-0.054065198,-0.7661214,0.7884093,-1.4598639,-1.253499,-0.018545061,0.061264217,-0.097586,0.20721896,-0.72078466,0.17698388,0.422323,0.24795802,0.41369486,0.87906516,0.7245934,-0.7474103,-0.11471993,0.42270884,-0.66992015,0.15818518,-0.43601668,0.11858457,-0.13476177,-0.30021438,0.24205083,0.63589585,-0.4515807,-0.104144424,-0.65915936,-0.61612046,-0.1809706,0.3271208,-0.111029625,0.18948716,0.76126975,-0.7012865,-0.011536926,0.162507,-0.19685295,-0.003995642,-0.08490911,-0.008043997,-0.8040755,0.3603415,-0.048410654,-0.6048892,-0.2615626,-0.23218387,-0.18662544,0.059418708,-0.021815322
QualiSR-Set120/SUPIR/ava_images___472713.npy.gz,SUPIR,ava_images___472713.png,../../../mnt/ssd2/29o_rya/datasets/iqa/QualiSR-Set120/sr/SUPIR/ava_images___472713.png,QualiSR-Set120,ava_images___472713,SUPIR/ava_images___472713.png,../../../mnt/ssd2/29o_rya/datasets/iqa/QualiSR-Set120/hr/ava_images___472713.png,../../../mnt/ssd2/29o_rya/datasets/iqa/QualiSR-Set120/lr/ava_images___472713.png,test,-2.1326087,-1.9770982,-0.54499024,0.68042135,-1.2418451,1.497991,-0.018674267,0.86265886,0.095612496,0.05773989,-0.048926145,0.6542381,-1.2602683,0.05601023,-0.4219541,1.0255332,0.35068965,-0.7405367,0.25314343,-0.2191347,1.1525574,0.3523168,0.12514031,-0.06731242,-0.85581607,0.7569661,-1.3333771,-1.2602499,0.03917142,-0.0069299936,-0.20794779,-0.15511972,-0.5251354,0.072074845,0.38146013,0.27400565,0.51739043,0.7041557,0.73496115,-0.5519489,0.0005247593,0.1678156,-0.43650955,0.20190495,-0.36301863,-0.0767948,-0.2685029,-0.21977478,0.11238152,0.28702247,-0.3803879,-0.24296159,-0.6152876,-0.6406501,-0.053513765,0.43386275,0.08717094,0.15669087,0.67763793,-0.6018072,0.076972164,0.085404605,-0.10117208,0.22957516,0.08125314,0.060285203,-0.7558825,0.10848989,-0.522375,-0.6962718,-0.12181856,-0.104817,-0.31549796,-0.0010567456,0.08200742
QualiSR-Set120/PASD/ava_images___501777.npy.gz,PASD,ava_images___501777.png,../../../mnt/ssd2/29o_rya/datasets/iqa/QualiSR-Set120/sr/PASD/ava_images___501777.png,QualiSR-Set120,ava_images___501777,PASD/ava_images___501777.png,../../../mnt/ssd2/29o_rya/datasets/iqa/QualiSR-Set120/hr/ava_images___501777.png,../../../mnt/ssd2/29o_rya/datasets/iqa/QualiSR-Set120/lr/ava_images___501777.png,test,0.144184,-2.6420138,-2.3348525,-0.31070858,0.9483696,-0.7442448,-0.44040027,0.05868256,-1.4094855,-0.9482121,1.7624135,-0.020649716,1.1304106,1.0946685,-0.47981128,1.5530014,0.06704396,-0.047143638,-1.5574002,-0.027130857,-0.2779716,0.1516158,1.1249323,1.4893472,-0.9694387,-1.6343482,-0.6584289,0.024915189,-0.17750347,-1.1997573,0.2699433,-0.1687811,-0.1663008,-0.15961558,-0.42484444,0.27291155,-0.3100919,0.068713784,-0.20166235,0.05506646,0.7777811,0.031051487,0.10283734,0.6878487,-1.154989,0.55237484,1.794487,1.2523828,1.7372113,0.29077414,-0.22783795,0.3213884,0.22922991,1.238121,-0.6942465,-0.21241227,-1.3657091,-0.5561161,0.005081907,1.3527089,-0.3431266,-0.12995602,0.44537327,0.64861333,-0.370014,0.9075307,-0.10840093,-0.116817355,-0.74838996,-0.9340215,0.61420083,-0.4261306,-0.296304,-0.54488635,-0.92117244
QualiSR-Set120/RealESRGAN/ava_images___501777.npy.gz,RealESRGAN,ava_images___501777.png,../../../mnt/ssd2/29o_rya/datasets/iqa/QualiSR-Set120/sr/RealESRGAN/ava_images___501777.png,QualiSR-Set120,ava_images___501777,RealESRGAN/ava_images___501777.png,../../../mnt/ssd2/29o_rya/datasets/iqa/QualiSR-Set120/hr/ava_images___501777.png,../../../mnt/ssd2/29o_rya/datasets/iqa/QualiSR-Set120/lr/ava_images___501777.png,test,0.5195261,-1.8403549,-1.695457,0.551973,0.79817593,-0.47024322,-1.0297201,-0.28744006,-1.0610496,-0.6819985,0.9617442,-0.2645275,0.80670285,-0.01603672,-0.35371298,1.6418667,-0.6157815,-0.21763562,-1.8662169,0.4903803,0.65553635,1.3813927,0.013730764,0.3397625,-0.09048596,-1.3064193,-0.25345147,-0.1709093,-0.5000695,-0.69436187,-0.011995792,-0.35421216,0.6300268,-0.5181525,0.3041939,0.543012,-0.88344544,-0.047864348,-0.7566331,-0.44956195,-0.060559332,0.1510373,-0.06715007,0.051834494,-0.63813215,0.8087571,1.601223,1.0544181,1.7031442,0.3453344,0.17860292,0.031062365,0.208293,1.2755014,-1.0576156,-0.4163295,-1.9707549,-0.05155781,0.17171764,0.12392871,-0.3847193,-0.8084136,0.5686791,0.7184135,-0.09684494,0.2801119,-0.2311301,-0.0019527897,-0.12290946,-0.7298348,0.35166243,-0.28718716,0.07862623,-0.3871577,-0.9515591
QualiSR-Set120/SUPIR/ava_images___501777.npy.gz,SUPIR,ava_images___501777.png,../../../mnt/ssd2/29o_rya/datasets/iqa/QualiSR-Set120/sr/SUPIR/ava_images___501777.png,QualiSR-Set120,ava_images___501777,SUPIR/ava_images___501777.png,../../../mnt/ssd2/29o_rya/datasets/iqa/QualiSR-Set120/hr/ava_images___501777.png,../../../mnt/ssd2/29o_rya/datasets/iqa/QualiSR-Set120/lr/ava_images___501777.png,test,-0.34788263,-2.751186,-1.9037807,0.13355887,0.9100102,-1.0105734,-0.19490829,0.34643793,-0.54014766,-1.3808709,0.43486506,-0.017240934,0.6588962,0.108206734,-0.04557906,1.6661041,-0.85384625,-0.11347167,-1.6897279,0.2727454,-0.30966341,1.2913656,0.076070145,1.3446386,-0.4909637,-1.9370748,-0.501734,0.34344664,-0.18790433,-1.1455944,0.12772277,-0.09875956,0.09952435,-0.361906,0.39664167,0.64933395,-0.7691842,0.30350688,0.2742511,0.11308342,0.1599488,-0.24107328,-0.0671563,-0.33461922,-1.0047176,0.4491833,1.8499708,0.23504306,2.2403965,0.6308737,0.03421341,0.14838701,-0.14140876,1.2098386,-1.0651242,-0.0023823362,-1.9806087,-0.50907934,-0.06433484,0.48478967,-0.40329754,-0.54393184,0.5494112,0.30288893,-0.26217374,0.1565281,-0.31131515,-0.39887023,-0.41256073,-0.4494604,0.27891386,0.124716476,-0.26924524,-0.55965376,-0.6907584
QualiSR-Set120/PASD/ava_images___564572.npy.gz,PASD,ava_images___564572.png,../../../mnt/ssd2/29o_rya/datasets/iqa/QualiSR-Set120/sr/PASD/ava_images___564572.png,QualiSR-Set120,ava_images___564572,PASD/ava_images___564572.png,../../../mnt/ssd2/29o_rya/datasets/iqa/QualiSR-Set120/hr/ava_images___564572.png,../../../mnt/ssd2/29o_rya/datasets/iqa/QualiSR-Set120/lr/ava_images___564572.png,train,-2.960734,-0.38725126,2.6280258,-0.85224926,-0.27448046,2.5773258,0.18385981,1.2067076,0.11599088,-0.60675275,0.14956707,0.93534076,-1.5747657,0.6271578,1.9661313,-2.0933094,0.35164344,-1.0278791,-1.5506371,-0.5777841,1.8167682,-1.3523786,-0.37008262,3.5885797,4.358842,0.23553824,1.7660865,0.60984397,-0.7247682,-0.49773258,0.041172095,-0.8372891,0.12715423,0.2212104,0.20822118,0.102589354,-0.18549421,-0.20195296,0.26050216,-0.37151393,0.5688994,-0.47826883,0.2543624,0.8521467,-0.09312582,-0.1936473,0.6629894,-0.3560668,-0.22794923,0.5853652,-0.47835714,-0.45568973,-0.14409019,0.1493313,-0.28183216,-0.39441094,0.23179075,0.07947403,-0.7346963,0.62597954,-0.6171605,-0.26036406,-0.8455442,0.26297697,-0.02683723,-0.21003513,-0.6913987,0.9296639,0.22983447,0.3507594,0.22322851,-0.21077667,-0.113735974,0.41283417,0.14020702
QualiSR-Set120/RealESRGAN/ava_images___564572.npy.gz,RealESRGAN,ava_images___564572.png,../../../mnt/ssd2/29o_rya/datasets/iqa/QualiSR-Set120/sr/RealESRGAN/ava_images___564572.png,QualiSR-Set120,ava_images___564572,RealESRGAN/ava_images___564572.png,../../../mnt/ssd2/29o_rya/datasets/iqa/QualiSR-Set120/hr/ava_images___564572.png,../../../mnt/ssd2/29o_rya/datasets/iqa/QualiSR-Set120/lr/ava_images___564572.png,train,-2.5492473,-0.29427475,1.3401124,-0.6120137,-1.3765335,1.720902,-0.19906156,-0.29554218,0.12863103,-0.3868223,0.34490532,0.7874685,-1.8310598,0.7142674,1.9220177,-1.7993233,-0.0631606,-0.7660968,-1.8138483,-0.88131267,1.7708004,-1.459125,-0.72457296,3.6803186,4.5768056,0.16699263,1.6693889,0.048285678,-0.4326083,-0.31486803,0.002261892,-0.65837955,0.05356881,0.09621486,0.25105554,0.20602326,-0.38371837,-0.076419204,0.18281431,-0.41621807,0.58587337,-0.45100716,0.22322357,0.726704,-0.11210483,-0.07691172,0.55046266,-0.27928153,-0.3543048,0.65642273,-0.67822903,-0.46560997,-0.09207548,-0.032475427,-0.4001643,-0.39388093,0.1489093,0.13927162,-0.504179,0.397571,-0.60229766,-0.2879063,-0.5933958,0.15323007,0.016308218,0.23478179,-0.7909935,0.7772827,0.2686196,0.3550291,-0.23139216,-0.5663579,-0.3028875,0.36268443,0.06444891
QualiSR-Set120/SUPIR/ava_images___564572.npy.gz,SUPIR,ava_images___564572.png,../../../mnt/ssd2/29o_rya/datasets/iqa/QualiSR-Set120/sr/SUPIR/ava_images___564572.png,QualiSR-Set120,ava_images___564572,SUPIR/ava_images___564572.png,../../../mnt/ssd2/29o_rya/datasets/iqa/QualiSR-Set120/hr/ava_images___564572.png,../../../mnt/ssd2/29o_rya/datasets/iqa/QualiSR-Set120/lr/ava_images___564572.png,train,-3.1365736,-0.07454632,1.8589504,-0.80567575,-0.4723041,1.9200348,-0.19103219,0.9781712,0.43808421,-0.7454941,0.15839943,1.0723325,-1.6639011,0.9668964,2.1819603,-2.07799,0.16770124,-1.1454211,-1.9183948,-1.1344897,2.2345016,-1.5134981,-0.93706584,4.2325363,5.349193,0.5913229,1.5249451,0.46238652,-0.67727995,-0.6661882,0.14669997,-0.78605473,-0.21465144,0.078903496,0.4093113,0.3218192,-0.20831087,0.12003359,0.35678816,-0.5325203,0.44526142,-0.23834646,0.10950212,0.60270774,-0.60896224,-0.19165635,0.39185882,-0.42753914,0.015048206,0.9801049,-0.5624701,-0.48234653,-0.4494361,-0.24551132,-0.27417552,-0.26189908,0.25607425,-0.38512564,-0.6600421,0.46644005,-0.45283067,-0.43056834,-1.0000367,-0.17684945,0.014615774,-0.010444853,-0.9569285,1.0325434,0.32607663,0.34819132,-0.11981703,-0.18431982,0.085660174,0.020012528,0.11648418
QualiSR-Set120/PASD/ava_images___588008.npy.gz,PASD,ava_images___588008.png,../../../mnt/ssd2/29o_rya/datasets/iqa/QualiSR-Set120/sr/PASD/ava_images___588008.png,QualiSR-Set120,ava_images___588008,PASD/ava_images___588008.png,../../../mnt/ssd2/29o_rya/datasets/iqa/QualiSR-Set120/hr/ava_images___588008.png,../../../mnt/ssd2/29o_rya/datasets/iqa/QualiSR-Set120/lr/ava_images___588008.png,train,-5.3140435,10.499214,-2.9458637,7.340299,-1.3880789,0.20316684,-0.8310837,0.6995418,1.8778008,-0.5544197,-0.3768616,0.056148097,2.6471438,2.1612847,-0.4538612,-0.0033192337,-0.028508127,-0.60441273,-0.9400973,1.1906452,0.44229412,-1.3055456,-3.7464578,0.6876272,-0.9770813,0.2447137,-2.203082,0.59177685,0.04970509,-0.15024775,0.32309404,0.05709058,-0.23627993,-0.25777307,-0.118754506,-0.06927002,0.013200767,-0.14580733,-0.064992994,-0.07505115,0.007180929,-0.27016026,-0.032213062,-0.08295956,0.029695272,0.106185496,-0.23470049,-0.17515317,0.06928688,0.06733744,0.19066538,-0.3170867,-0.06887509,-0.007480085,-0.471313,-0.2447272,-0.09903005,0.13401884,0.26242033,0.21278247,0.538222,0.22083038,-0.45952958,-0.45851374,0.16350758,0.36903036,0.5022376,0.859763,0.009023905,-0.43937016,0.19721562,0.60431135,0.18720534,-0.0052767396,0.22430652
QualiSR-Set120/RealESRGAN/ava_images___588008.npy.gz,RealESRGAN,ava_images___588008.png,../../../mnt/ssd2/29o_rya/datasets/iqa/QualiSR-Set120/sr/RealESRGAN/ava_images___588008.png,QualiSR-Set120,ava_images___588008,RealESRGAN/ava_images___588008.png,../../../mnt/ssd2/29o_rya/datasets/iqa/QualiSR-Set120/hr/ava_images___588008.png,../../../mnt/ssd2/29o_rya/datasets/iqa/QualiSR-Set120/lr/ava_images___588008.png,train,-4.992986,9.731445,-2.8007047,6.5295315,-1.2221389,0.2615707,-0.83395356,0.629092,1.6498944,-0.41968292,-0.31398472,-0.038494267,2.436027,1.8726976,-0.44475845,-0.0696899,0.09010023,-0.45761257,-0.8298895,0.99336845,0.3548509,-0.9905476,-3.3945396,0.69841343,-0.8964107,0.10824742,-2.0482264,0.84946966,-0.076416254,-0.0836333,-0.0022859648,0.21119091,-0.02742371,-0.20559096,-0.18670297,0.025543272,0.21347451,-0.52629375,0.012426347,-0.23427193,-0.035602152,-0.5286474,-0.037991866,-0.2701562,0.2510494,0.3580442,-0.4077984,-0.38617626,-0.10123354,-0.08787638,0.5686298,-0.3744452,-0.16883194,-0.09093951,-1.3930107,-0.3156848,-0.20188826,0.3597333,0.64338964,0.31551427,0.92614824,0.6877051,-0.55511427,-0.8210528,0.68598735,1.1155783,1.2959023,1.5149473,-0.83692896,-0.65385896,0.38407016,1.1802167,-0.41584894,-0.25278142,0.56075555
QualiSR-Set120/SUPIR/ava_images___588008.npy.gz,SUPIR,ava_images___588008.png,../../../mnt/ssd2/29o_rya/datasets/iqa/QualiSR-Set120/sr/SUPIR/ava_images___588008.png,QualiSR-Set120,ava_images___588008,SUPIR/ava_images___588008.png,../../../mnt/ssd2/29o_rya/datasets/iqa/QualiSR-Set120/hr/ava_images___588008.png,../../../mnt/ssd2/29o_rya/datasets/iqa/QualiSR-Set120/lr/ava_images___588008.png,train,-4.904845,9.613609,-2.6864717,6.506594,-1.3267994,0.18503034,-0.6740419,0.6534027,1.5407245,-0.48084927,-0.3694667,0.09349885,2.2040067,1.871847,-0.43136308,-0.025645375,-0.17261809,-0.4790662,-0.96130633,1.0171453,0.3253522,-1.1414404,-3.1388855,0.5640333,-0.7594235,0.18667422,-1.8721329,0.47445866,0.058136523,-0.07782811,0.2760607,0.07705018,0.013268501,-0.015920326,-0.019685104,-0.068852074,-0.014226798,0.063663214,-0.05078129,-0.050552063,-0.0423522,0.03770505,0.031136177,0.07807012,-0.057596326,-0.06835413,0.015974715,-0.03425631,0.042000234,0.18087104,-0.051384285,0.086049445,-0.042259563,-0.02716367,0.13824293,-0.060798362,0.012454748,-0.11296266,-0.1545863,-0.090671316,-0.1324959,0.00050514936,-0.12583664,0.2057953,-0.13371813,-0.055257812,-0.23349509,-0.0200383,0.3010426,-0.019143999,0.033442006,-0.013714857,0.025266558,-0.060152873,-0.058448575
QualiSR-Set120/PASD/ava_images___645845.npy.gz,PASD,ava_images___645845.png,../../../mnt/ssd2/29o_rya/datasets/iqa/QualiSR-Set120/sr/PASD/ava_images___645845.png,QualiSR-Set120,ava_images___645845,PASD/ava_images___645845.png,../../../mnt/ssd2/29o_rya/datasets/iqa/QualiSR-Set120/hr/ava_images___645845.png,../../../mnt/ssd2/29o_rya/datasets/iqa/QualiSR-Set120/lr/ava_images___645845.png,test,-1.0217683,1.2234796,0.815482,0.2351672,-1.4315801,0.4548837,-0.018150726,-0.623894,-1.7547462,0.121289544,-0.19464085,-0.6063739,-0.6613144,0.22376612,0.24748254,-0.47577775,-0.11203402,-0.7530176,-0.5918298,-0.31192595,0.22724877,-0.43217552,0.33614868,-0.18010819,-1.2113705,-0.509361,0.72915184,0.34605017,-0.6359932,0.33828628,-0.45033818,0.01142168,0.40592337,-0.7623053,-0.21541941,-0.2989446,-0.5792113,-0.12560189,-0.64548504,-0.004839291,0.6725807,0.12160024,0.028026223,0.55606484,0.83449185,-0.07826406,0.13866328,0.25295374,0.036427736,0.122605614,0.037617087,0.18340828,0.074517414,-0.010951757,0.23824716,-0.1851532,0.38737437,1.0092181,0.54838073,0.20077129,0.2108415,0.35209394,-0.31321493,0.29608715,0.17670587,0.50253993,0.18862683,0.05484768,-0.0050638914,-0.21894039,-0.013874158,-0.3736484,-0.021893099,-0.44636118,-0.15382338
QualiSR-Set120/RealESRGAN/ava_images___645845.npy.gz,RealESRGAN,ava_images___645845.png,../../../mnt/ssd2/29o_rya/datasets/iqa/QualiSR-Set120/sr/RealESRGAN/ava_images___645845.png,QualiSR-Set120,ava_images___645845,RealESRGAN/ava_images___645845.png,../../../mnt/ssd2/29o_rya/datasets/iqa/QualiSR-Set120/hr/ava_images___645845.png,../../../mnt/ssd2/29o_rya/datasets/iqa/QualiSR-Set120/lr/ava_images___645845.png,test,-0.8360394,1.0241141,0.8753301,0.45694447,-1.5647705,0.43620574,0.13218369,-0.788978,-1.461012,-0.091111064,-0.07790509,-0.85352105,-0.6447812,0.062038362,0.43857712,-0.30599964,0.07076788,-0.585998,-0.6456742,-0.37450713,0.17023067,-0.23144451,0.31039608,-0.16561352,-1.1891946,-0.7413607,0.70755625,0.42127368,-0.5579436,0.13260847,-0.603218,0.091758326,0.50870544,-0.5273525,-0.17056076,-0.21778786,-0.28578895,-0.10500607,-0.41140985,-0.00072619226,0.57489514,0.13174972,-0.08147304,0.53098,0.69569814,-0.013489887,0.23484653,0.38249025,0.033487916,0.085334435,-0.02224363,0.14386721,0.17088109,0.09431335,0.13561037,-0.31632936,0.27455637,0.93179953,0.51271755,0.023867294,0.30890512,0.27352035,-0.32615554,0.5033748,0.031416,0.5736732,0.12566188,0.090903625,-0.15235624,-0.6533512,0.19516999,-0.44327718,0.09888238,-0.4259444,-0.11111579
QualiSR-Set120/SUPIR/ava_images___645845.npy.gz,SUPIR,ava_images___645845.png,../../../mnt/ssd2/29o_rya/datasets/iqa/QualiSR-Set120/sr/SUPIR/ava_images___645845.png,QualiSR-Set120,ava_images___645845,SUPIR/ava_images___645845.png,../../../mnt/ssd2/29o_rya/datasets/iqa/QualiSR-Set120/hr/ava_images___645845.png,../../../mnt/ssd2/29o_rya/datasets/iqa/QualiSR-Set120/lr/ava_images___645845.png,test,-0.8570845,0.8161953,0.7465268,0.2624191,-1.671946,0.28139424,0.08014372,-0.7478632,-1.4083049,-0.13088048,-0.085639566,-0.96069366,-0.6498898,0.121113464,0.45579988,-0.34119838,-0.0024345517,-0.5752002,-0.72502154,-0.44934493,0.29697388,-0.12101534,0.22636634,-0.11230776,-1.2085638,-0.81496465,0.56204426,0.27030262,-0.6298629,0.23689389,-0.43921295,0.099004224,0.5502403,-0.55661017,-0.013479307,-0.2629697,-0.38575572,0.023771435,-0.58176875,0.099290945,0.6879941,0.21727595,0.027647674,0.6688605,0.6305641,0.0811604,0.25358504,0.22167899,0.10898352,0.15600607,0.12821217,0.17218928,0.37070325,0.15331405,0.23866253,-0.22875136,0.26102865,0.9263892,0.49670276,0.09865996,0.16258086,0.31780064,-0.46998003,0.25480694,0.29600602,0.4352529,0.11871313,-0.06512672,-0.153896,-0.33890718,0.06308849,-0.43417168,0.23145008,-0.34859163,-0.20319122
QualiSR-Set120/PASD/ava_images___699615.npy.gz,PASD,ava_images___699615.png,../../../mnt/ssd2/29o_rya/datasets/iqa/QualiSR-Set120/sr/PASD/ava_images___699615.png,QualiSR-Set120,ava_images___699615,PASD/ava_images___699615.png,../../../mnt/ssd2/29o_rya/datasets/iqa/QualiSR-Set120/hr/ava_images___699615.png,../../../mnt/ssd2/29o_rya/datasets/iqa/QualiSR-Set120/lr/ava_images___699615.png,train,-2.8432148,-1.3323568,2.8920808,-0.22915056,1.1624588,3.6502726,1.3572446,4.4674864,0.6001693,-1.7671303,-0.470463,0.6909115,-2.1634598,-0.31475222,-0.41823652,-1.1551929,2.2239676,-0.85082275,1.4873306,1.6976328,3.217919,2.4982824,0.8597301,-0.15586159,-1.7028486,0.72952014,-2.7324204,-2.3955288,0.5268017,-0.98256797,0.5824653,-0.5432222,0.38346443,0.22382502,0.39866447,0.099706635,-0.1725437,0.22398916,0.617622,-0.6642592,0.9911468,-0.90334666,0.17577393,1.8552177,-0.0007684231,0.13441244,0.72112393,-0.38455924,-0.54944336,1.0381068,-0.858947,-1.6313396,-0.17637445,-0.5804922,0.13944118,0.22960852,-0.5889705,-0.1485425,0.52217185,-0.5098384,0.5177617,0.23211148,0.4710324,-0.0109898895,-0.25896856,-0.44614035,0.33885014,-0.45036384,-0.10566193,-0.28466955,0.071881674,0.63871133,0.11669308,0.18920285,0.47491398
QualiSR-Set120/RealESRGAN/ava_images___699615.npy.gz,RealESRGAN,ava_images___699615.png,../../../mnt/ssd2/29o_rya/datasets/iqa/QualiSR-Set120/sr/RealESRGAN/ava_images___699615.png,QualiSR-Set120,ava_images___699615,RealESRGAN/ava_images___699615.png,../../../mnt/ssd2/29o_rya/datasets/iqa/QualiSR-Set120/hr/ava_images___699615.png,../../../mnt/ssd2/29o_rya/datasets/iqa/QualiSR-Set120/lr/ava_images___699615.png,train,-2.8176615,-1.551029,2.3716085,-0.19857758,1.4390782,3.5765128,1.3460698,4.61949,0.5527257,-1.9218606,-0.44675103,0.60970426,-1.7337728,-0.23151454,-0.3438892,-1.2854488,2.0147576,-0.6554755,1.7126722,1.5159299,3.0834777,2.3293076,0.9755577,-0.020707183,-1.5746089,0.7971379,-2.7668958,-2.431012,0.6610238,-1.0193543,0.48164627,-0.8492539,0.46896183,0.069764465,0.1901256,0.59927136,-0.29632598,0.141707,0.050338477,-0.9357132,0.7843257,0.0025752336,-0.49057394,0.7511768,-0.023776293,-0.117417246,0.6825215,0.27207163,-0.15990892,1.3069637,-0.62549543,-1.2094451,0.13317542,-0.8120256,-0.19664775,0.29003787,-0.4112293,-0.42616576,0.7473115,-0.84278786,0.41308016,0.40721226,0.1473169,0.012355447,-0.30709782,0.1711873,0.4739377,-0.49361077,-0.27414474,-0.22226366,0.04056567,-0.77970934,0.5144566,-0.14967938,-0.8262125
QualiSR-Set120/SUPIR/ava_images___699615.npy.gz,SUPIR,ava_images___699615.png,../../../mnt/ssd2/29o_rya/datasets/iqa/QualiSR-Set120/sr/SUPIR/ava_images___699615.png,QualiSR-Set120,ava_images___699615,SUPIR/ava_images___699615.png,../../../mnt/ssd2/29o_rya/datasets/iqa/QualiSR-Set120/hr/ava_images___699615.png,../../../mnt/ssd2/29o_rya/datasets/iqa/QualiSR-Set120/lr/ava_images___699615.png,train,-2.6369238,-1.2433952,2.7610452,-0.21594372,1.2507378,3.711864,1.4804633,4.3796062,0.7372978,-1.9116174,-0.44360057,0.5691699,-2.1436033,-0.28440756,-0.36085054,-1.2748661,2.2102528,-0.98835415,1.774881,1.5830181,3.176903,2.5536973,0.89274293,-0.027488336,-1.7876405,0.8982853,-2.891047,-2.3967767,0.6321994,-1.0707877,0.42025223,-0.85006213,0.5960133,0.10453425,0.18106337,0.135879,-0.050347984,0.16714981,0.4164685,-0.44637355,0.6275729,-0.6181543,0.16377759,1.3254738,0.0056905746,-0.04057026,0.6661175,-0.22921973,-0.21037033,0.663838,-0.5743479,-1.0956444,-0.38610685,-0.5102921,0.056604043,-0.065529704,-0.33462346,0.022910953,0.13576223,-0.47191584,0.40319604,0.17070751,0.119207054,-0.11540821,-0.1308119,-0.122007445,0.0041805953,-0.44825247,-0.060449928,-0.29003796,-0.043079406,0.32029843,0.19736043,0.16741887,0.24231845
QualiSR-Set120/PASD/ava_images___710191.npy.gz,PASD,ava_images___710191.png,../../../mnt/ssd2/29o_rya/datasets/iqa/QualiSR-Set120/sr/PASD/ava_images___710191.png,QualiSR-Set120,ava_images___710191,PASD/ava_images___710191.png,../../../mnt/ssd2/29o_rya/datasets/iqa/QualiSR-Set120/hr/ava_images___710191.png,../../../mnt/ssd2/29o_rya/datasets/iqa/QualiSR-Set120/lr/ava_images___710191.png,train,-1.8091408,-3.1797907,-2.3334198,0.28223187,0.27090287,-2.7369938,0.7153564,-1.8845036,-1.8771982,-2.8002763,1.3154292,5.692377,1.8894545,-1.2084959,-0.06415585,-1.8350546,1.1274807,-1.1980538,-1.0424802,0.38747597,-0.10951974,0.31358373,-0.6925731,-1.4069105,0.4758754,0.55427504,0.36439192,-0.6498277,-0.43622154,0.29845107,-0.5071144,-0.24091405,-0.10542479,0.861388,0.5101257,2.3591204,-4.044953,-2.0203128,-0.28699505,2.3267179,0.40662837,-0.52237463,-0.04275085,-0.10375041,0.27606356,-0.26825,-0.60390824,-0.66432977,-0.38895562,-0.41512072,-0.1440083,0.8106927,-1.0919284,-1.0263157,0.09799464,0.9173564,0.42047006,-0.018136322,-0.58317095,-0.31107423,0.398737,-0.65835834,0.014322683,0.11264921,0.3450622,-0.13692182,0.28596887,0.50447214,0.15943928,-0.41898996,0.19799659,-0.12722978,0.35556328,0.5917791,-0.030341938
QualiSR-Set120/RealESRGAN/ava_images___710191.npy.gz,RealESRGAN,ava_images___710191.png,../../../mnt/ssd2/29o_rya/datasets/iqa/QualiSR-Set120/sr/RealESRGAN/ava_images___710191.png,QualiSR-Set120,ava_images___710191,RealESRGAN/ava_images___710191.png,../../../mnt/ssd2/29o_rya/datasets/iqa/QualiSR-Set120/hr/ava_images___710191.png,../../../mnt/ssd2/29o_rya/datasets/iqa/QualiSR-Set120/lr/ava_images___710191.png,train,-0.95063436,-4.276431,-3.1864922,1.032299,0.67390907,-3.4143453,0.2711343,-1.8131506,-2.847218,-3.1740878,2.083895,7.7690578,3.1812882,-1.6428908,0.18579414,-2.556814,2.487511,-2.073073,-1.100105,0.47907376,-0.42380357,0.48994905,-0.7112862,-1.8893721,0.22497794,0.6182221,0.30427873,-0.69775844,-0.7897612,-0.005102277,-0.18578824,-0.09877911,1.0210488,0.08365521,1.6685034,2.8482885,-3.5431728,-0.5379569,-0.2638292,1.5222261,-0.016406775,1.0882361,-0.9578598,-0.5657318,0.13207129,0.15754601,0.08922139,1.4247642,-0.65186703,0.753158,-0.6368569,-1.1871351,2.7702622,2.1538515,0.07011939,-1.6670394,-0.7582292,0.011133075,0.26220733,0.4480199,-0.389237,1.0872755,0.10553047,-0.019803494,0.09658179,0.13319403,0.017160624,-0.35540268,0.022391886,0.3538375,0.16194938,0.18629538,-0.4914832,-0.34397757,0.1237427
QualiSR-Set120/SUPIR/ava_images___710191.npy.gz,SUPIR,ava_images___710191.png,../../../mnt/ssd2/29o_rya/datasets/iqa/QualiSR-Set120/sr/SUPIR/ava_images___710191.png,QualiSR-Set120,ava_images___710191,SUPIR/ava_images___710191.png,../../../mnt/ssd2/29o_rya/datasets/iqa/QualiSR-Set120/hr/ava_images___710191.png,../../../mnt/ssd2/29o_rya/datasets/iqa/QualiSR-Set120/lr/ava_images___710191.png,train,-1.7923512,-3.8952544,-2.8443363,0.22833663,0.54860556,-3.4539986,1.0435565,-1.8371108,-1.6052998,-3.5861428,1.4862187,5.808904,1.8819648,-1.0598465,-0.19765209,-2.0587204,1.0376408,-1.4197923,-0.6213294,0.47667032,-0.26454988,0.441204,-0.3437693,-1.1328738,0.027879804,0.32132816,-0.018666446,-0.5680245,-0.23875782,-0.023623347,0.06252255,-0.033466697,-0.37305918,0.45115155,0.06443004,1.1517748,-1.9115278,-1.411165,0.09161793,1.2803603,0.23687488,-1.062903,0.09637255,-0.15081057,-0.011429489,-0.04331237,-0.0004028082,-1.02925,0.3851732,-0.60662556,0.28415996,0.78485405,-2.2465687,-1.8205798,-0.3806209,1.4200221,0.55872643,-0.2980162,-0.01311896,-0.47068942,0.34018153,-0.7770585,0.07403743,-0.02587974,-0.5450742,0.047949247,-0.12924558,-0.1511712,-0.2656714,-0.07788262,-0.460971,0.12244628,0.27259278,-0.4731861,-0.37998903
QualiSR-Set120/PASD/ava_images___737450.npy.gz,PASD,ava_images___737450.png,../../../mnt/ssd2/29o_rya/datasets/iqa/QualiSR-Set120/sr/PASD/ava_images___737450.png,QualiSR-Set120,ava_images___737450,PASD/ava_images___737450.png,../../../mnt/ssd2/29o_rya/datasets/iqa/QualiSR-Set120/hr/ava_images___737450.png,../../../mnt/ssd2/29o_rya/datasets/iqa/QualiSR-Set120/lr/ava_images___737450.png,train,-2.3135839,-0.2813518,0.9035051,-0.3271218,-1.8766435,2.4943984,0.15999249,-0.958041,-0.38341385,0.03706742,0.7786767,0.13142663,-1.8434412,0.341775,0.03439074,-0.0543046,-0.4818507,-0.0127372,-0.39128834,-0.229207,0.54799557,0.044937313,0.19848649,-0.023699693,-0.425148,0.9401672,0.15800658,-1.3279207,0.08447595,2.7154794,0.16650411,5.4754114,-0.31513825,-0.38066036,0.18452229,0.017126873,-0.06632887,-0.028177679,-0.0037193894,0.10143113,-0.12530637,0.063572004,0.12173709,-0.0038517714,-0.09146947,-0.019820333,0.047733665,-0.04500684,0.060786486,-0.15262713,-0.02484478,-0.030887127,0.04533362,-0.007728651,-0.034978345,-0.075251676,-0.052682847,-0.01836723,-0.064231426,0.053306572,0.012103386,-0.16811456,-0.042103224,0.05300878,0.12518659,0.01584132,0.01126609,0.049864918,0.07920197,0.08004972,0.03540577,-0.0019571707,0.06756525,0.058156163,0.08200651
QualiSR-Set120/RealESRGAN/ava_images___737450.npy.gz,RealESRGAN,ava_images___737450.png,../../../mnt/ssd2/29o_rya/datasets/iqa/QualiSR-Set120/sr/RealESRGAN/ava_images___737450.png,QualiSR-Set120,ava_images___737450,RealESRGAN/ava_images___737450.png,../../../mnt/ssd2/29o_rya/datasets/iqa/QualiSR-Set120/hr/ava_images___737450.png,../../../mnt/ssd2/29o_rya/datasets/iqa/QualiSR-Set120/lr/ava_images___737450.png,train,-2.2311444,-0.28797185,0.8117896,-0.2900955,-1.8293452,2.3584092,0.15574673,-0.9028443,-0.39365342,0.089877784,0.70824057,0.1527211,-1.8268318,0.25530225,0.009760562,-0.12538171,-0.37522697,-0.06070061,-0.3445561,-0.16176935,0.5702256,-0.047695816,0.17278084,-0.050056547,-0.43640983,0.80317587,0.0545038,-1.2149949,0.10229168,2.4139898,0.15271819,4.715578,-0.22441927,-0.24870646,0.14366554,0.09083465,-0.14135292,0.04314685,0.029827327,0.02702875,0.06909466,-0.014706403,0.056962654,0.12274656,0.04009247,-0.020891204,0.037062988,0.025487855,-0.025812805,-0.030689925,-0.15108564,-0.06523609,0.056324504,-0.066250205,-0.045823067,-0.040773205,0.022657007,0.024467587,0.057071675,-0.041915894,0.12948695,-0.14282925,-0.009970471,0.077167585,0.0599356,0.09367744,-0.014834307,0.039704524,0.0066637695,0.05087045,-0.03883572,0.0031081215,-0.18806684,0.049519062,0.027222462
QualiSR-Set120/SUPIR/ava_images___737450.npy.gz,SUPIR,ava_images___737450.png,../../../mnt/ssd2/29o_rya/datasets/iqa/QualiSR-Set120/sr/SUPIR/ava_images___737450.png,QualiSR-Set120,ava_images___737450,SUPIR/ava_images___737450.png,../../../mnt/ssd2/29o_rya/datasets/iqa/QualiSR-Set120/hr/ava_images___737450.png,../../../mnt/ssd2/29o_rya/datasets/iqa/QualiSR-Set120/lr/ava_images___737450.png,train,-2.3299985,-0.22476254,0.89805084,-0.34368712,-1.8810343,2.5008216,0.17133938,-1.0232357,-0.3579461,0.08222134,0.77335215,0.14951402,-1.8629432,0.30386758,0.066373065,-0.17288318,-0.41125184,-0.030930027,-0.34293574,-0.21062149,0.50477594,-0.010910422,0.20923913,-0.0010682121,-0.44389072,0.8969896,0.12520316,-1.3165793,0.12212024,2.6988592,0.21195605,5.3444347,-0.23599008,-0.39528424,0.17634465,0.021655455,-0.034363322,-0.04064411,-0.039932154,0.06186849,-0.13518083,0.008764997,0.039527588,-0.059222937,0.028544873,-0.016744882,0.09290314,-0.02572465,0.06334144,-0.13201907,0.0015852079,-0.025151,0.027508477,0.035665005,-0.025426194,-0.1472981,-0.049225748,-0.007736981,-0.054444477,0.097189486,0.04587985,-0.17875515,-0.030335665,0.046604946,0.08536866,0.016388947,-0.0061587915,-0.010821998,0.050409853,0.06943387,0.047527984,0.012852132,0.0007558316,0.060483307,0.035187952
QualiSR-Set120/PASD/ava_images___74410.npy.gz,PASD,ava_images___74410.png,../../../mnt/ssd2/29o_rya/datasets/iqa/QualiSR-Set120/sr/PASD/ava_images___74410.png,QualiSR-Set120,ava_images___74410,PASD/ava_images___74410.png,../../../mnt/ssd2/29o_rya/datasets/iqa/QualiSR-Set120/hr/ava_images___74410.png,../../../mnt/ssd2/29o_rya/datasets/iqa/QualiSR-Set120/lr/ava_images___74410.png,train,-3.6733153,1.4431865,0.52987766,-6.294685,-3.0851855,-6.107579,-7.100722,1.9924494,5.173831,0.7480525,3.2545052,-1.7579651,1.865043,-1.767037,1.5654343,0.09934944,3.0908782,-0.57744026,-0.35287386,-0.1942515,0.85270846,0.18520564,0.56143624,0.5194453,-0.32353795,0.30465454,0.11620885,0.791021,-0.15223885,-0.7066795,0.4799792,-0.06471115,-1.2812893,-3.0880754,2.4537156,2.9631674,2.234337,-0.5483052,0.28351045,0.10616353,0.20676497,-0.7111634,0.7809574,-0.2531215,-0.23628283,-0.4306355,0.09606889,0.082870364,-0.1332128,0.07636686,-0.36374444,0.06953733,-0.0024394132,0.08058962,0.5315509,-0.20667323,0.03273511,0.66456985,0.4629075,0.6367295,-0.7638224,-0.8077303,0.100004375,-1.8722197,0.034178853,-0.53598696,-0.12628543,0.4842563,0.6720629,-0.20449717,-1.0184215,0.328049,0.067753434,-0.3847316,-0.73500407
QualiSR-Set120/RealESRGAN/ava_images___74410.npy.gz,RealESRGAN,ava_images___74410.png,../../../mnt/ssd2/29o_rya/datasets/iqa/QualiSR-Set120/sr/RealESRGAN/ava_images___74410.png,QualiSR-Set120,ava_images___74410,RealESRGAN/ava_images___74410.png,../../../mnt/ssd2/29o_rya/datasets/iqa/QualiSR-Set120/hr/ava_images___74410.png,../../../mnt/ssd2/29o_rya/datasets/iqa/QualiSR-Set120/lr/ava_images___74410.png,train,-3.37191,0.51039976,0.54961205,-6.246974,-3.5939589,-5.0815864,-6.213586,0.9986416,5.0346103,0.51703155,3.2831411,-1.7666161,1.2228628,-1.6059498,1.2454278,-0.24258044,2.8607588,-0.5751186,-0.04701045,0.5613677,0.9563631,0.25960678,0.14169234,0.23774748,-0.5228916,-0.023891374,0.15645549,0.17685688,0.16690344,-0.65298957,0.4550303,-0.009832621,-0.27308849,-0.9095351,0.6264303,0.33817732,0.4202621,-0.26471275,0.37766838,0.22091785,0.6781461,-0.637946,0.72875255,-0.9080325,-2.2738702,-2.3251493,2.65851,1.1617352,1.398604,-0.46313182,-2.2558208,2.5548244,0.12324847,-0.052994013,-0.50998455,-0.10609084,-0.14822254,0.321447,0.4719602,-0.0062134564,0.7219835,0.8044028,0.089585215,0.5017258,-0.2827548,0.36723047,0.34450743,-0.5184045,-0.8574612,0.14586505,0.61778474,0.1488602,0.20148253,0.12362072,0.8205626
QualiSR-Set120/SUPIR/ava_images___74410.npy.gz,SUPIR,ava_images___74410.png,../../../mnt/ssd2/29o_rya/datasets/iqa/QualiSR-Set120/sr/SUPIR/ava_images___74410.png,QualiSR-Set120,ava_images___74410,SUPIR/ava_images___74410.png,../../../mnt/ssd2/29o_rya/datasets/iqa/QualiSR-Set120/hr/ava_images___74410.png,../../../mnt/ssd2/29o_rya/datasets/iqa/QualiSR-Set120/lr/ava_images___74410.png,train,-4.03693,1.4420379,0.31261325,-5.48016,-3.279642,-5.6618114,-6.6810813,1.7276043,5.6787543,0.5844308,3.6302803,-1.9256771,2.326182,-1.4229618,1.3347423,0.56744117,2.8856213,-0.37395138,0.0873293,-0.49769717,0.6087365,0.16194224,1.026641,0.25717515,-0.78775287,-0.0075809807,-0.12049854,0.3503538,-0.9298364,-0.2645877,0.01582653,0.0793829,-1.264696,-2.474264,2.3657653,2.7827392,2.4288144,-0.7859669,-0.32905716,0.090934604,-0.45343852,0.29255897,0.22963133,0.28348315,1.4284084,1.3544819,-1.966948,-0.61906826,-0.9179662,0.46780446,2.1115975,-1.5272448,-0.30851266,0.2050848,0.012707204,0.6995011,0.24358918,-0.5115396,-0.22623566,-0.69000554,0.21672082,0.28353667,0.29621297,1.7806603,-0.15956101,0.51140934,-0.2354098,-0.2939544,-0.55959535,0.3701681,0.74248415,-0.5078123,-0.09568858,0.34404516,0.11426943
QualiSR-Set120/PASD/ava_images___751927.npy.gz,PASD,ava_images___751927.png,../../../mnt/ssd2/29o_rya/datasets/iqa/QualiSR-Set120/sr/PASD/ava_images___751927.png,QualiSR-Set120,ava_images___751927,PASD/ava_images___751927.png,../../../mnt/ssd2/29o_rya/datasets/iqa/QualiSR-Set120/hr/ava_images___751927.png,../../../mnt/ssd2/29o_rya/datasets/iqa/QualiSR-Set120/lr/ava_images___751927.png,train,-2.1493986,-0.18348111,1.2995508,-0.5789343,-2.5884736,1.4995434,-0.25814566,-1.9506977,-0.14515504,0.073130935,1.3685263,-0.117616504,-1.7261571,-0.41310212,-0.03532199,-1.124182,-0.61684704,0.42463684,-1.2213408,0.48393166,-0.15611039,0.008629441,0.44851226,-1.2287726,-0.5566462,0.66118896,0.58961844,2.6433206,5.3623466,-0.8914657,0.8125792,-0.2750188,0.1659129,0.14605299,-0.047222733,-0.02567339,-0.20824233,-0.10307495,0.053832248,-0.03455614,0.07833439,0.057453707,-0.026935458,-0.054385066,-0.03782797,0.18318626,-0.18635727,0.022128046,-0.01426208,0.085176505,0.017576933,-0.05857238,0.049668718,0.048542976,0.07698586,-0.00014415383,0.002187252,-0.06425619,0.09766228,0.01272719,0.03203094,-0.11652656,-0.10684763,-0.06047952,-0.014470875,0.013635315,0.039206646,0.05873828,0.05127299,-0.106554665,-0.039650425,-0.02315221,7.085502e-05,0.049006432,-0.05205054
QualiSR-Set120/RealESRGAN/ava_images___751927.npy.gz,RealESRGAN,ava_images___751927.png,../../../mnt/ssd2/29o_rya/datasets/iqa/QualiSR-Set120/sr/RealESRGAN/ava_images___751927.png,QualiSR-Set120,ava_images___751927,RealESRGAN/ava_images___751927.png,../../../mnt/ssd2/29o_rya/datasets/iqa/QualiSR-Set120/hr/ava_images___751927.png,../../../mnt/ssd2/29o_rya/datasets/iqa/QualiSR-Set120/lr/ava_images___751927.png,train,-2.305244,-0.35640317,1.2560045,-0.5423025,-2.748456,1.3738974,-0.32752517,-2.0388656,-0.04393968,0.13283533,1.5645301,-0.05501111,-1.9194088,-0.52251065,-0.15755394,-1.1437984,-0.6146565,0.39515245,-1.2928506,0.39174128,-0.039663374,0.072537065,0.34728348,-1.2861054,-0.6455205,0.77913684,0.83219665,3.1749434,6.3654337,-1.0963354,1.0871513,-0.5218519,-0.004445076,0.17072147,0.11735259,0.037745193,-0.17055255,0.10913995,0.04677263,-0.052481353,-0.044449687,0.00066794455,-0.045053557,0.0030485392,-0.12414521,0.19337112,-0.00039440393,-0.16685772,-0.017147899,0.09169436,0.008970983,0.027271435,-0.01190291,0.19585302,-0.04800099,0.048047997,0.029717356,-0.056639016,0.036150325,0.1312915,-0.053161427,0.009711817,0.06541479,0.06988259,0.075012326,0.010770708,-0.113445826,0.095845565,-0.14570925,0.10108963,-0.0971811,0.023815334,-0.006742865,0.0020945668,0.085322276
QualiSR-Set120/SUPIR/ava_images___751927.npy.gz,SUPIR,ava_images___751927.png,../../../mnt/ssd2/29o_rya/datasets/iqa/QualiSR-Set120/sr/SUPIR/ava_images___751927.png,QualiSR-Set120,ava_images___751927,SUPIR/ava_images___751927.png,../../../mnt/ssd2/29o_rya/datasets/iqa/QualiSR-Set120/hr/ava_images___751927.png,../../../mnt/ssd2/29o_rya/datasets/iqa/QualiSR-Set120/lr/ava_images___751927.png,train,-2.240415,-0.15176566,1.2971667,-0.48040596,-2.514353,1.6518993,-0.211429,-2.0136838,-0.22597218,0.112949915,1.4244148,-0.012517728,-1.8696897,-0.36699757,-0.15258606,-1.1018038,-0.6338291,0.4425308,-1.1908896,0.4121846,-0.1719409,-0.035732716,0.3799404,-1.1642039,-0.6925454,0.7338478,0.7890152,2.854633,5.87801,-0.7837717,0.95914394,-0.30874062,0.1438236,0.23417571,-0.038968146,-0.075209156,-0.206682,0.013215035,-0.048004046,-0.0729565,-0.0005835295,0.04274036,-0.079001054,0.11918342,0.098335564,0.19971809,-0.23675238,-0.081736594,-0.106048465,0.13900642,0.24966346,-0.09896186,0.05462468,0.0744679,0.07564041,0.021481879,0.078130364,-0.0623264,-0.03425859,0.03870391,-0.039422885,0.0076116025,-0.055363826,0.07207413,-0.03420663,0.012012627,-0.0033432394,0.074266285,-0.031021565,-0.08276737,-0.012710363,-0.032953314,-0.00430426,0.1199525,-0.060399093
QualiSR-Set120/PASD/ava_images___773899.npy.gz,PASD,ava_images___773899.png,../../../mnt/ssd2/29o_rya/datasets/iqa/QualiSR-Set120/sr/PASD/ava_images___773899.png,QualiSR-Set120,ava_images___773899,PASD/ava_images___773899.png,../../../mnt/ssd2/29o_rya/datasets/iqa/QualiSR-Set120/hr/ava_images___773899.png,../../../mnt/ssd2/29o_rya/datasets/iqa/QualiSR-Set120/lr/ava_images___773899.png,train,-0.96262836,-2.3793557,-3.9967387,-2.6361194,2.118351,-1.6077898,1.5035775,-1.5801284,1.6083218,-3.5940738,-2.8773873,-2.1438885,-0.6070292,1.247131,-2.8198123,1.5454082,0.5915083,-0.6132444,-0.5747106,3.0576859,-0.101096556,-0.1656675,-0.3297695,0.9624924,0.6647788,-5.078726,0.89691573,-0.6709913,1.3923441,0.13184088,0.2841675,0.5426642,-0.016076654,-0.53495055,-0.059499055,0.24076156,-0.26716405,-0.813661,0.16856842,-0.72353286,-0.30917817,0.13041064,-0.30810916,1.7635972,-0.5878796,-0.13802585,-0.74508804,0.2548048,-0.4054387,-0.8235427,0.2592758,0.39050454,0.2797685,-0.23001844,0.66815215,-0.50438064,1.2739842,0.2968731,0.18843392,-0.38636187,-0.50683707,-0.12590213,-1.7268068,-0.6456908,-1.6054496,0.050461903,2.063157,-0.73723996,0.32155353,1.9721532,0.052741542,0.80221945,0.09564,1.1314317,-0.4840985
QualiSR-Set120/RealESRGAN/ava_images___773899.npy.gz,RealESRGAN,ava_images___773899.png,../../../mnt/ssd2/29o_rya/datasets/iqa/QualiSR-Set120/sr/RealESRGAN/ava_images___773899.png,QualiSR-Set120,ava_images___773899,RealESRGAN/ava_images___773899.png,../../../mnt/ssd2/29o_rya/datasets/iqa/QualiSR-Set120/hr/ava_images___773899.png,../../../mnt/ssd2/29o_rya/datasets/iqa/QualiSR-Set120/lr/ava_images___773899.png,train,-0.9384556,-3.064037,-4.3059993,-1.6590528,2.2494664,-0.9435129,0.9756878,-1.145462,0.83792794,-2.4772074,-2.1166048,-1.4222509,0.0699743,1.02636,-2.408122,1.4260349,0.5346087,0.13785198,-1.0384935,2.181904,0.7256555,0.5929149,-0.45868582,0.56676495,0.9664115,-4.487255,0.14760303,-0.8529142,1.0984527,0.069761395,0.19860151,0.3570409,-0.546751,-0.3566324,0.014147416,0.6289184,-0.9191443,-0.8627951,0.103815824,-1.4653305,0.012039304,1.007915,-0.25815475,2.5984004,-2.5702212,-0.085097596,-0.5175609,2.037304,0.13300782,-1.2643907,2.0051234,0.52635026,-0.2878432,-0.0014360547,-1.0285897,-0.4916575,-0.83799,0.41229528,1.394115,-0.27134338,-0.08276215,-0.1078053,0.84832954,0.6731547,0.93830645,-1.1012008,-1.4402455,1.0102875,-0.30788907,-0.95536447,-0.08684267,-0.6169235,0.13982075,-0.075996995,-0.23355302
QualiSR-Set120/SUPIR/ava_images___773899.npy.gz,SUPIR,ava_images___773899.png,../../../mnt/ssd2/29o_rya/datasets/iqa/QualiSR-Set120/sr/SUPIR/ava_images___773899.png,QualiSR-Set120,ava_images___773899,SUPIR/ava_images___773899.png,../../../mnt/ssd2/29o_rya/datasets/iqa/QualiSR-Set120/hr/ava_images___773899.png,../../../mnt/ssd2/29o_rya/datasets/iqa/QualiSR-Set120/lr/ava_images___773899.png,train,-0.9897152,-2.399047,-4.545113,-2.7657852,2.5496144,-1.9804895,1.5094362,-1.3661609,1.8479503,-3.6756957,-2.964099,-1.9279497,-0.5037869,1.567439,-2.5292878,1.8941205,-0.041545868,-0.46877402,-0.7561717,2.422406,-0.010274738,0.09786558,-0.21389557,1.0877042,1.228896,-4.9667397,0.21812814,-0.6093234,1.345671,-0.042815447,0.3304109,0.7834537,0.07269153,-0.25219584,0.4797809,0.40792286,-0.3399845,-0.2505933,0.23636945,-0.6440144,-0.07245362,0.2770551,-0.46936023,0.8445147,-0.82298166,-0.42096347,-0.4909311,0.36617947,-0.28402323,-0.1772419,0.7929394,-0.17986202,-0.8913857,-0.23552904,0.14476708,-0.123806626,-0.32990438,0.04581532,-0.92656094,0.28957844,-0.23145966,0.9377143,-0.08239624,-0.9455093,0.20431167,0.9656051,-0.2572768,-0.98344564,0.13249084,-0.18234572,-0.2858197,-0.26938683,-0.12086192,-0.80022293,1.1398687
QualiSR-Set120/PASD/ava_images___827653.npy.gz,PASD,ava_images___827653.png,../../../mnt/ssd2/29o_rya/datasets/iqa/QualiSR-Set120/sr/PASD/ava_images___827653.png,QualiSR-Set120,ava_images___827653,PASD/ava_images___827653.png,../../../mnt/ssd2/29o_rya/datasets/iqa/QualiSR-Set120/hr/ava_images___827653.png,../../../mnt/ssd2/29o_rya/datasets/iqa/QualiSR-Set120/lr/ava_images___827653.png,test,0.30490506,-0.6466651,-3.0798633,-0.006184429,2.374981,-0.59294677,-0.37953424,0.38463604,0.15457967,1.0434635,0.6132463,0.14638938,-1.7106903,-0.25655404,2.4209406,0.15755504,0.11028737,-0.06787573,-2.2287264,-2.1836617,0.48145324,-0.48698062,0.3478285,0.99672157,1.0629941,0.9198155,-1.3312052,0.7806022,-0.40961957,-0.59767634,-0.16615666,-0.7215328,0.7559779,-0.2952122,0.07016529,1.2066114,-0.10171463,-0.15572251,0.29130197,-0.30647138,-0.46774662,0.18475029,-0.836472,-0.29376525,0.10574815,-0.4418003,-0.72524667,-0.028052062,0.34908414,0.37023923,-0.5334219,-0.35027868,-0.2710308,-0.1472582,0.5630491,-0.85270965,-0.38110584,0.13992696,-0.56589186,0.042833153,0.10168494,0.11156564,-0.023102105,-1.0358347,0.09422737,0.7888964,0.3346319,-0.7145407,1.2812697,0.19363853,-1.1653588,0.44737774,0.4089288,-0.642568,0.0166763
QualiSR-Set120/RealESRGAN/ava_images___827653.npy.gz,RealESRGAN,ava_images___827653.png,../../../mnt/ssd2/29o_rya/datasets/iqa/QualiSR-Set120/sr/RealESRGAN/ava_images___827653.png,QualiSR-Set120,ava_images___827653,RealESRGAN/ava_images___827653.png,../../../mnt/ssd2/29o_rya/datasets/iqa/QualiSR-Set120/hr/ava_images___827653.png,../../../mnt/ssd2/29o_rya/datasets/iqa/QualiSR-Set120/lr/ava_images___827653.png,test,0.3475026,-0.77005476,-2.6762512,-0.3782961,3.012422,-0.5365133,-0.067288995,0.3316238,-0.105863005,0.48334393,0.8140963,-0.4933427,-2.0830765,-0.488614,2.317623,0.5936186,-0.11232498,0.06539169,-1.9608109,-2.0818515,0.6473479,-0.5634923,0.19942598,0.74109906,0.3664541,0.13038549,-1.6385752,0.35299775,-0.07368919,-0.12328714,-0.30436608,-0.7889731,0.30523235,0.023512468,-0.42847377,1.2991232,-0.08007628,-0.029577464,-0.20360933,-0.60192406,-0.44960022,0.39715704,-0.9144228,0.114117995,-0.1686058,-0.16935381,-0.45998597,0.036941618,0.7890003,0.60754013,-0.69160306,0.10440032,-0.22789167,-0.2254481,0.12000113,-0.66180813,0.083391175,0.16916642,-0.29529473,0.16290146,0.13341764,0.086683825,0.25327402,-0.933684,-0.47084743,0.44313157,0.17138228,-0.5445285,1.1439314,0.34172916,-1.0048803,0.34544474,0.5334255,-0.5288033,-0.1554277
QualiSR-Set120/SUPIR/ava_images___827653.npy.gz,SUPIR,ava_images___827653.png,../../../mnt/ssd2/29o_rya/datasets/iqa/QualiSR-Set120/sr/SUPIR/ava_images___827653.png,QualiSR-Set120,ava_images___827653,SUPIR/ava_images___827653.png,../../../mnt/ssd2/29o_rya/datasets/iqa/QualiSR-Set120/hr/ava_images___827653.png,../../../mnt/ssd2/29o_rya/datasets/iqa/QualiSR-Set120/lr/ava_images___827653.png,test,-0.052213073,0.17138934,-1.9291604,-0.08894697,2.4726553,-0.28296494,-0.41503832,0.10917723,0.18171373,0.80588055,0.88090205,-0.026712373,-2.2781172,-0.6539768,2.2339408,0.11076552,-0.40542608,-0.39742088,-2.0477502,-2.5155475,0.46798617,-0.61877924,0.12128802,1.2128069,1.7806375,0.6410733,-1.1987313,0.44971302,-0.17460245,-0.13895363,-0.11166449,-0.6542563,0.83899367,0.37415293,-0.18998751,1.258315,0.08378768,0.067234725,0.15685,-0.15605225,-0.26045245,0.022495508,-0.7479035,-0.13200924,0.062526405,-0.27157837,-0.4861129,0.08021319,0.41699123,0.17173898,-0.5818934,-0.09674469,-0.6206847,-0.16198617,0.32328632,-0.5972848,-0.091427594,0.09675276,-0.8748362,0.39690155,-0.14062421,0.42197192,-0.09977003,-0.8393402,-0.15757902,0.5902083,-0.08979287,-0.50809216,1.3164748,0.17403603,-1.3376322,0.13962688,0.49799913,-0.6881449,-0.05322011
QualiSR-Set120/PASD/ava_images___842206.npy.gz,PASD,ava_images___842206.png,../../../mnt/ssd2/29o_rya/datasets/iqa/QualiSR-Set120/sr/PASD/ava_images___842206.png,QualiSR-Set120,ava_images___842206,PASD/ava_images___842206.png,../../../mnt/ssd2/29o_rya/datasets/iqa/QualiSR-Set120/hr/ava_images___842206.png,../../../mnt/ssd2/29o_rya/datasets/iqa/QualiSR-Set120/lr/ava_images___842206.png,test,-0.41389406,-1.9773333,2.587249,2.2045383,0.49933875,-0.086719036,-1.237141,-1.3154371,-0.43157595,0.49607044,-1.0993932,-0.93463546,0.29793024,-1.0958672,0.11129163,0.13610047,1.0799959,-0.59851974,-2.2439728,-0.82293385,-1.0117105,-0.073611885,-0.5852575,-1.3946823,-0.22152784,0.013469905,0.05243978,-0.45135546,-0.13610154,0.21351206,0.12549257,0.55916524,-1.131105,0.82031107,-0.00981693,0.2839597,-0.118580915,-0.34106573,0.06284587,0.18171729,0.11673352,0.074905306,0.27148587,0.2300585,-0.23018813,-0.078679204,-0.15132235,0.27108002,-0.45765197,-0.60690665,0.4434182,-0.5014291,0.5247587,0.35661584,-0.4118889,0.44389626,-0.15491515,0.6086915,-0.31766832,-0.11539224,0.5126959,0.3444278,-0.21727256,1.0932889,-0.23587069,-1.0321287,-0.06144531,-0.18951944,-0.04314807,0.08954081,0.14136961,-0.14402492,0.8543238,0.15535879,-0.008813173
QualiSR-Set120/RealESRGAN/ava_images___842206.npy.gz,RealESRGAN,ava_images___842206.png,../../../mnt/ssd2/29o_rya/datasets/iqa/QualiSR-Set120/sr/RealESRGAN/ava_images___842206.png,QualiSR-Set120,ava_images___842206,RealESRGAN/ava_images___842206.png,../../../mnt/ssd2/29o_rya/datasets/iqa/QualiSR-Set120/hr/ava_images___842206.png,../../../mnt/ssd2/29o_rya/datasets/iqa/QualiSR-Set120/lr/ava_images___842206.png,test,-0.6751604,-2.3711774,2.4788504,2.4499326,0.53137505,-0.38180804,-1.3956428,-0.86833096,-0.034764603,0.53643507,-1.0202061,-0.3606618,0.05041659,-0.9106679,0.33961233,0.2908113,0.8807216,-0.9607423,-1.9429213,-1.0805225,-0.9235687,0.38674706,-0.7945162,-1.5927402,-0.35846186,-0.061347708,-0.43395197,-0.60757875,-0.05923064,-0.2932461,-0.01917892,0.7200907,-0.81384134,0.600072,0.38728833,0.71582997,-0.42735192,0.07884681,0.67331773,0.0028207144,-0.48350263,0.2949403,0.107122995,-0.094353914,-0.6455081,0.32116622,-0.3248065,-0.14783451,-0.44974816,0.008526303,0.17255513,-0.73453206,0.3416646,0.10863748,-0.69256526,0.59096986,-0.59721714,0.9125416,-0.16832876,-0.50996333,0.25210813,0.6862513,-0.09843557,0.881709,0.04298836,-0.80127597,-0.06411066,-0.30723387,-0.2814683,0.055780202,0.034578696,-0.19388534,0.6878455,0.30231762,0.1297653
QualiSR-Set120/SUPIR/ava_images___842206.npy.gz,SUPIR,ava_images___842206.png,../../../mnt/ssd2/29o_rya/datasets/iqa/QualiSR-Set120/sr/SUPIR/ava_images___842206.png,QualiSR-Set120,ava_images___842206,SUPIR/ava_images___842206.png,../../../mnt/ssd2/29o_rya/datasets/iqa/QualiSR-Set120/hr/ava_images___842206.png,../../../mnt/ssd2/29o_rya/datasets/iqa/QualiSR-Set120/lr/ava_images___842206.png,test,-0.77175355,-2.1571531,2.965556,2.3197894,0.5674826,-0.14610112,-1.2358416,-1.2919997,0.00073476136,0.61334354,-1.0131761,-0.62165254,-0.009400785,-0.9842397,-0.102911815,0.119166434,0.87851137,-0.5788457,-2.0670948,-1.0219568,-1.1667975,0.11081618,-0.6630262,-1.4408116,-0.23397422,-0.026955724,-0.092953265,-0.7903588,-0.0010375828,0.29528755,0.30910072,0.6792026,-0.9750047,0.83704543,0.24523692,0.32143605,-0.0774479,-0.15477931,0.27106464,0.03515463,0.09494406,-0.106412694,0.1696298,0.18189487,-0.32002997,0.11073226,-0.29270005,0.34283578,-0.5375506,-0.1494898,0.51640445,-0.41448134,0.40098777,0.13092151,-0.4530775,0.696686,-0.30617076,0.6476082,-0.48056597,-0.35561287,0.3028077,0.31331015,-0.034868136,0.7117306,-0.17617136,-0.7132171,-0.07588408,-0.25943774,-0.28010085,0.042711347,0.24646197,-0.025645748,0.5746021,0.103102714,-0.0042603314
QualiSR-Set120/PASD/ava_images___846773.npy.gz,PASD,ava_images___846773.png,../../../mnt/ssd2/29o_rya/datasets/iqa/QualiSR-Set120/sr/PASD/ava_images___846773.png,QualiSR-Set120,ava_images___846773,PASD/ava_images___846773.png,../../../mnt/ssd2/29o_rya/datasets/iqa/QualiSR-Set120/hr/ava_images___846773.png,../../../mnt/ssd2/29o_rya/datasets/iqa/QualiSR-Set120/lr/ava_images___846773.png,train,-2.6043656,-3.2270238,7.756608,3.5479646,6.7003384,-1.27567,-0.21447273,0.042114854,2.4848022,1.7038745,-1.6989543,-2.1107965,1.4390084,-1.2608262,-1.8547854,-0.8287336,1.7058434,-1.7804008,-2.5492067,-0.34183055,-3.6945248,-1.334203,-0.005741477,-0.87423,0.54495215,0.90108544,0.21801764,-1.0630423,0.47865018,0.16509539,0.21787262,0.16338032,-0.19250634,0.157259,0.15897761,-0.03032136,-0.04284159,0.044795156,-0.0756723,-0.09981494,0.08556491,0.0417386,-0.089320526,0.13259879,0.06135881,-0.07721025,0.010152891,-0.2081162,0.076989055,-0.24259087,-0.0035375506,-0.06100294,-0.16631152,-0.26437712,-0.00533928,-0.21675044,0.023159713,0.014453143,0.12646666,0.04658325,-0.006225273,0.18317005,0.19399169,-0.107031584,-0.033104256,0.19849157,0.09392119,-0.06071259,-0.059277594,-0.03975068,0.034226164,-0.13367948,-0.09178801,-0.021728575,-0.08069668
QualiSR-Set120/RealESRGAN/ava_images___846773.npy.gz,RealESRGAN,ava_images___846773.png,../../../mnt/ssd2/29o_rya/datasets/iqa/QualiSR-Set120/sr/RealESRGAN/ava_images___846773.png,QualiSR-Set120,ava_images___846773,RealESRGAN/ava_images___846773.png,../../../mnt/ssd2/29o_rya/datasets/iqa/QualiSR-Set120/hr/ava_images___846773.png,../../../mnt/ssd2/29o_rya/datasets/iqa/QualiSR-Set120/lr/ava_images___846773.png,train,-2.71384,-3.242668,7.3430595,3.1423852,5.8286133,-0.26551723,-0.018138124,1.063049,2.222533,1.2459029,-1.6438134,-1.6380715,1.2117606,-1.19291,-1.2245095,-0.95372736,2.0073357,-1.544932,-2.3547454,-0.56529397,-3.1621895,-0.9203281,0.0820619,-1.0094271,0.34765902,0.77190727,-0.06763768,-0.6898979,0.10046325,0.09684807,0.13820964,-0.068609715,-0.504545,0.33725765,-0.09561877,0.30041867,-0.116495706,-0.16409682,0.053489015,-0.43944144,-0.114037514,0.8096076,-0.20775603,0.01678747,-0.20209533,0.01381284,0.15125543,-0.80350614,-0.06501269,-0.6493509,0.14004388,-0.2013452,0.42782727,0.59132636,-0.4416979,-0.23262197,0.37809286,0.48255706,-0.24446136,0.28457928,-0.07750277,0.115927264,-0.36116302,1.0856798,0.36905992,-0.96494883,0.40279832,-0.38363615,-0.008732885,0.32570046,0.14723222,-0.28386724,1.2206864,0.61546624,0.8062565
QualiSR-Set120/SUPIR/ava_images___846773.npy.gz,SUPIR,ava_images___846773.png,../../../mnt/ssd2/29o_rya/datasets/iqa/QualiSR-Set120/sr/SUPIR/ava_images___846773.png,QualiSR-Set120,ava_images___846773,SUPIR/ava_images___846773.png,../../../mnt/ssd2/29o_rya/datasets/iqa/QualiSR-Set120/hr/ava_images___846773.png,../../../mnt/ssd2/29o_rya/datasets/iqa/QualiSR-Set120/lr/ava_images___846773.png,train,-2.749774,-3.0178962,7.489842,3.190757,6.5198097,-0.658308,-0.14191505,0.60537493,2.3799405,1.7509928,-1.703126,-1.8730248,1.3187786,-1.2049879,-1.628756,-0.81983894,1.8145065,-1.9596359,-2.4120455,-0.42402864,-3.5355408,-1.1015047,0.04566191,-0.9617198,0.55322564,0.90893584,0.23558846,-1.0250758,0.40166014,0.11524284,0.30140647,0.24216405,-0.09988931,0.19741797,0.038456097,-0.0441759,-0.10055076,-0.053188592,-0.007531218,-0.175075,0.14473891,0.16010568,-0.009768933,0.09837505,0.03361404,-0.26457536,-0.10162391,-0.14052522,-0.09847927,-0.16452616,-0.030477427,-0.055230677,-0.4421176,-0.011045426,-0.22223173,-0.30024517,0.08803725,-0.120495975,0.073592275,0.047566503,-0.14227898,0.19486555,0.014973804,0.08819385,-0.21598905,-0.14821157,-0.03821676,-0.033389308,0.036013097,-0.03554544,0.31890005,0.06352013,-0.17354238,-0.18018073,0.075118415
QualiSR-Set120/PASD/ava_images___857447.npy.gz,PASD,ava_images___857447.png,../../../mnt/ssd2/29o_rya/datasets/iqa/QualiSR-Set120/sr/PASD/ava_images___857447.png,QualiSR-Set120,ava_images___857447,PASD/ava_images___857447.png,../../../mnt/ssd2/29o_rya/datasets/iqa/QualiSR-Set120/hr/ava_images___857447.png,../../../mnt/ssd2/29o_rya/datasets/iqa/QualiSR-Set120/lr/ava_images___857447.png,train,-1.378331,-3.5251768,4.372326,4.3691187,2.3209343,-4.9174943,0.046893716,-5.026388,-0.26475164,0.38237748,1.5089523,-0.38600892,0.39115405,-0.23381308,-0.7382972,1.7744448,-2.5935009,3.3910503,2.651626,1.7731639,3.3129497,1.0860415,0.28432146,1.3665979,0.09715518,1.3980459,-0.15933561,1.0218102,-0.46015066,-0.68314046,-0.34569597,-0.2781524,-0.23339781,-0.50334066,0.24404328,0.36551094,0.24399665,0.26742336,0.101387516,0.040160835,0.051224172,0.63566196,-0.69875973,-0.17434612,-0.5358531,-0.88979304,0.4570573,-1.9335512,0.14960653,-1.593641,0.0903735,-0.9522519,1.0199398,-0.8757302,-0.27174824,-0.47965872,-0.2509116,-0.115457445,-0.22286275,0.09750673,0.2073521,-0.07594587,0.08377878,0.053083226,-0.22651762,-0.50046796,-0.17855752,0.08162412,0.49441487,0.28275287,0.92795324,0.3820582,-0.012593195,-0.7553541,0.14997002
QualiSR-Set120/RealESRGAN/ava_images___857447.npy.gz,RealESRGAN,ava_images___857447.png,../../../mnt/ssd2/29o_rya/datasets/iqa/QualiSR-Set120/sr/RealESRGAN/ava_images___857447.png,QualiSR-Set120,ava_images___857447,RealESRGAN/ava_images___857447.png,../../../mnt/ssd2/29o_rya/datasets/iqa/QualiSR-Set120/hr/ava_images___857447.png,../../../mnt/ssd2/29o_rya/datasets/iqa/QualiSR-Set120/lr/ava_images___857447.png,train,-1.6150199,-4.0096974,4.682534,4.7023787,3.309227,-5.311217,-0.4321517,-4.452372,0.057303786,0.3778901,1.4782007,-0.6197807,0.63591707,0.28744668,-0.64722025,1.4293702,-1.8571196,2.9012346,2.777697,1.5203464,2.6685367,0.23637545,0.1774945,1.2785894,0.24040559,1.4288194,-0.21859658,0.29145762,-0.12486878,-0.25116545,-0.3508364,-0.02165562,-0.24657705,-0.09023878,0.32614237,0.09973474,-0.06916319,0.7453929,-0.27062106,0.2295374,-0.17474753,0.1918867,-0.6080542,-0.21317965,-0.28378737,0.13444945,0.94431597,-0.82818484,0.6348381,-1.2529287,0.23451038,-0.655661,0.79709345,-0.443839,0.2672435,0.2744712,0.31231913,0.4465062,-0.2856791,-0.26132566,-0.087253824,0.72335255,0.03604439,-0.6143762,-0.16136698,1.4201953,0.03155125,-0.14875086,-0.8583951,-0.7663488,-2.2982576,-1.5227681,-0.60212386,1.8204876,-0.091528215
QualiSR-Set120/SUPIR/ava_images___857447.npy.gz,SUPIR,ava_images___857447.png,../../../mnt/ssd2/29o_rya/datasets/iqa/QualiSR-Set120/sr/SUPIR/ava_images___857447.png,QualiSR-Set120,ava_images___857447,SUPIR/ava_images___857447.png,../../../mnt/ssd2/29o_rya/datasets/iqa/QualiSR-Set120/hr/ava_images___857447.png,../../../mnt/ssd2/29o_rya/datasets/iqa/QualiSR-Set120/lr/ava_images___857447.png,train,-1.4303199,-3.5248773,4.132762,4.3293977,2.6421762,-4.7640505,-0.38622847,-4.56416,-0.1257177,0.24961618,1.6501218,-0.25343615,0.2866696,-0.14433914,-0.9481305,1.6918607,-2.3754668,3.41134,2.7588334,1.5331631,3.4348621,0.32885402,0.5429794,1.316036,0.1412355,1.3542926,-0.052449465,0.8101022,-0.09381881,-0.59933156,-0.31361675,-0.3081466,-0.6865468,-0.5291348,-0.13028169,0.4244492,-0.015641235,0.21176597,-0.09456002,-0.15164283,0.093657285,0.9162985,-0.6155183,-0.2626179,-0.39195138,-1.1457578,0.40077317,-1.4712664,0.15567303,-1.9425335,0.12827882,-1.337218,0.6902,-1.0535313,-0.21623488,-0.33033043,-0.47976768,-0.20033151,-0.09873974,0.20058234,-0.23753326,-0.14409213,0.06442714,0.14847726,-0.34739622,-0.5231702,-0.064232014,0.3121767,0.49152493,0.15932155,0.9838142,0.6072426,0.085056245,-0.66694814,-0.072758205
QualiSR-Set120/PASD/ava_images___864250.npy.gz,PASD,ava_images___864250.png,../../../mnt/ssd2/29o_rya/datasets/iqa/QualiSR-Set120/sr/PASD/ava_images___864250.png,QualiSR-Set120,ava_images___864250,PASD/ava_images___864250.png,../../../mnt/ssd2/29o_rya/datasets/iqa/QualiSR-Set120/hr/ava_images___864250.png,../../../mnt/ssd2/29o_rya/datasets/iqa/QualiSR-Set120/lr/ava_images___864250.png,train,-0.52857697,-3.163533,0.80741215,2.5829601,0.48957598,-0.91180587,-1.0091993,-1.2840979,0.15025759,1.5596347,-2.2127995,0.6747408,-2.155644,1.9542966,5.6788063,0.22674221,0.20219254,-1.5946171,0.36176646,-3.1749647,1.3743186,-0.7057404,-0.63756394,-1.4897232,-1.5957947,-3.0563276,-0.5536034,-0.12105687,0.03691107,-0.11795169,0.21701923,-0.22068536,-0.4068403,0.24726781,0.14456497,0.06325813,-0.18129164,-0.02998355,0.06639776,-0.60107255,0.27920204,0.9376981,-0.22269724,0.04071808,0.09796113,-0.8101106,0.2641562,-0.7740817,-0.34966287,-0.42937997,-0.34515035,-0.36587292,-1.0327017,1.0481942,-0.37021476,0.0145716015,0.47994623,-0.038158894,0.20869808,0.144075,-0.16922326,-0.30423093,0.47917095,0.36763936,0.15504533,-0.556258,0.24696666,0.23897198,0.17021102,0.05649224,0.18180647,0.38033867,0.0204923,-0.36420554,0.051275518
QualiSR-Set120/RealESRGAN/ava_images___864250.npy.gz,RealESRGAN,ava_images___864250.png,../../../mnt/ssd2/29o_rya/datasets/iqa/QualiSR-Set120/sr/RealESRGAN/ava_images___864250.png,QualiSR-Set120,ava_images___864250,RealESRGAN/ava_images___864250.png,../../../mnt/ssd2/29o_rya/datasets/iqa/QualiSR-Set120/hr/ava_images___864250.png,../../../mnt/ssd2/29o_rya/datasets/iqa/QualiSR-Set120/lr/ava_images___864250.png,train,-0.49412215,-3.3029263,0.5501237,2.5646582,0.40212154,-1.122452,-0.73281527,-1.0432268,0.046230257,1.4952704,-1.971894,0.6811765,-2.1893907,2.1030238,5.716269,0.15929097,0.15090907,-1.34007,0.56098866,-3.095124,1.6486204,-0.69565475,-0.5776547,-1.2400283,-1.5659068,-2.9545557,-0.4391569,-0.032583863,-0.08793607,-0.11987865,0.19790757,-0.309411,-0.3189778,0.17389342,0.0044700205,0.3233769,-0.31269234,0.026309818,-0.069959536,-1.0317942,-0.017894983,1.4471748,-0.29410774,-0.07662186,0.47439194,-0.7640605,0.5326091,-0.429895,-0.055063605,-0.23450848,-0.75036305,-0.42842042,-1.6813301,2.2534437,-0.6636691,-0.015317677,0.594131,0.1660793,0.3510499,0.16484565,-0.12482853,-0.33013642,0.5359707,0.0685862,0.27852517,0.17340577,0.570679,-0.055965066,0.13955435,0.13400662,0.03427373,0.034859255,-0.16316241,0.6707788,-0.67338693
QualiSR-Set120/SUPIR/ava_images___864250.npy.gz,SUPIR,ava_images___864250.png,../../../mnt/ssd2/29o_rya/datasets/iqa/QualiSR-Set120/sr/SUPIR/ava_images___864250.png,QualiSR-Set120,ava_images___864250,SUPIR/ava_images___864250.png,../../../mnt/ssd2/29o_rya/datasets/iqa/QualiSR-Set120/hr/ava_images___864250.png,../../../mnt/ssd2/29o_rya/datasets/iqa/QualiSR-Set120/lr/ava_images___864250.png,train,-0.49943686,-3.4344344,1.1030359,3.017123,0.29376256,-1.3682835,-0.8046666,-1.1963327,0.34435204,2.0607917,-2.07662,0.45722967,-2.3815935,1.8093547,5.855402,0.44101554,0.42221707,-1.5667231,-0.07262829,-3.3158805,1.064566,-0.79814935,-0.82856476,-1.9722078,-1.6499221,-2.8161345,-0.47597528,-0.09031651,-0.023564473,0.020065784,-0.009753175,-0.32048655,0.24639054,-0.06899166,0.24696945,0.23365219,-0.110479094,0.097813815,-0.009202287,-0.35444552,-0.027329147,1.0808141,-0.23728244,-0.7014585,0.36622673,-0.8459429,0.3954731,-0.87493885,-0.26404577,-0.4698514,-0.1783599,-0.35062206,-2.2582564,1.0166556,-0.10005303,-0.5956877,0.49157578,0.1186102,0.26322234,-0.60828555,0.4065755,0.3379613,-0.28235006,0.011488646,0.19159564,0.20144218,-0.024711609,-0.5436022,-0.38555124,-0.31964597,-0.34574062,-0.33573753,-0.42116654,-0.17520991,0.17398664
QualiSR-Set120/PASD/ava_images___865616.npy.gz,PASD,ava_images___865616.png,../../../mnt/ssd2/29o_rya/datasets/iqa/QualiSR-Set120/sr/PASD/ava_images___865616.png,QualiSR-Set120,ava_images___865616,PASD/ava_images___865616.png,../../../mnt/ssd2/29o_rya/datasets/iqa/QualiSR-Set120/hr/ava_images___865616.png,../../../mnt/ssd2/29o_rya/datasets/iqa/QualiSR-Set120/lr/ava_images___865616.png,train,2.2443743,-0.17436813,1.1229727,1.0438175,-0.28617728,-0.034307957,0.02384079,-1.3546432,-5.664416,0.3775231,6.173546,-4.1635714,-0.99368864,4.715674,-1.0277838,-0.475945,3.7875276,-1.9405848,1.0207831,0.29928535,-1.0672156,0.7636084,-0.59360385,-0.54133195,0.5848347,-0.4757583,-0.1564312,0.16107446,-0.53843325,-0.45908493,-0.079123646,-0.30553478,0.1306231,0.20549187,0.217465,-0.26378018,-0.015404984,-0.253717,0.32090425,-0.0767994,0.5859409,-0.29106212,-0.0022363514,0.16629499,1.3955429,-1.5404363,-1.3290244,0.8782815,2.0086918,-0.1142059,0.016107462,-0.6421415,0.110442415,0.06323576,-0.22148652,-0.119030476,-0.27115935,0.1040414,0.019439995,0.243214,-0.11426115,-0.25804472,-0.100339696,-0.02488929,0.15738797,0.039954804,-0.09156859,-0.13046557,-0.1778948,0.14402139,-0.17401047,0.002905324,0.17619911,-0.048721462,0.049058273
QualiSR-Set120/RealESRGAN/ava_images___865616.npy.gz,RealESRGAN,ava_images___865616.png,../../../mnt/ssd2/29o_rya/datasets/iqa/QualiSR-Set120/sr/RealESRGAN/ava_images___865616.png,QualiSR-Set120,ava_images___865616,RealESRGAN/ava_images___865616.png,../../../mnt/ssd2/29o_rya/datasets/iqa/QualiSR-Set120/hr/ava_images___865616.png,../../../mnt/ssd2/29o_rya/datasets/iqa/QualiSR-Set120/lr/ava_images___865616.png,train,2.2479515,0.21341828,0.8911075,0.68765414,-0.31738055,0.11956549,0.17815296,-1.3414288,-5.451345,0.4198562,6.102268,-3.900997,-1.0020162,4.766442,-0.9470985,-0.44903108,3.660307,-1.9478067,1.1191454,0.19054133,-1.3094505,0.9212547,-0.7285378,-0.46416646,0.6239444,-0.49899995,-0.019418836,0.022163197,-0.4049083,-0.32882768,-0.040584363,-0.17245746,0.259853,0.39815217,0.4499818,-0.10229306,0.11949342,-0.27959996,0.32993656,-0.056948192,0.22989511,-0.203844,0.08558315,0.20348316,0.92676586,-0.89673877,-0.7218246,0.45927322,1.2489455,0.016828224,0.08565684,-0.38405013,-0.040172085,-0.17438304,-0.14869602,0.053632043,-0.06949681,0.10270479,-0.010903738,0.032805905,-0.06352022,-0.08347465,-0.07408607,-0.19450006,0.0015466511,-0.18232377,0.0069280267,-0.18620265,-0.033648252,0.02884677,0.027282432,-0.28414768,0.15890339,-0.14675993,-0.1358054
QualiSR-Set120/SUPIR/ava_images___865616.npy.gz,SUPIR,ava_images___865616.png,../../../mnt/ssd2/29o_rya/datasets/iqa/QualiSR-Set120/sr/SUPIR/ava_images___865616.png,QualiSR-Set120,ava_images___865616,SUPIR/ava_images___865616.png,../../../mnt/ssd2/29o_rya/datasets/iqa/QualiSR-Set120/hr/ava_images___865616.png,../../../mnt/ssd2/29o_rya/datasets/iqa/QualiSR-Set120/lr/ava_images___865616.png,train,1.9602512,0.06262903,0.8752538,0.62717855,-0.37430727,0.34861445,-0.067666814,-1.2319304,-5.4464154,0.46023455,5.9457693,-4.062673,-0.9780528,4.5978656,-1.0011101,-0.4983843,3.4345725,-2.1473978,0.67833817,0.20268159,-1.0618353,0.75505906,-0.6180556,-0.72534186,0.5116333,-0.581405,-0.08704883,0.11307439,-0.42100805,-0.5341726,-0.09390263,-0.35892206,0.253171,0.14023304,0.33936298,-0.2918061,-0.12175331,-0.14518827,0.42376602,-0.052574165,0.57902354,-0.17684071,0.035117105,0.2078646,1.4945903,-1.7220411,-1.3969028,0.6693425,2.0826907,-0.23203212,-0.00254149,-0.64522904,-0.068666324,-0.19854224,-0.07266368,-0.07470014,-0.073782116,0.21757112,-0.10967751,0.029908389,0.028905883,-0.33440948,-0.22445855,-0.18437803,0.05772406,-0.09280743,-0.20011961,-0.13749316,-0.23524287,0.07739106,-0.0019858778,0.11004722,-0.11392751,0.11904344,0.28393874
QualiSR-Set120/PASD/ava_images___953752.npy.gz,PASD,ava_images___953752.png,../../../mnt/ssd2/29o_rya/datasets/iqa/QualiSR-Set120/sr/PASD/ava_images___953752.png,QualiSR-Set120,ava_images___953752,PASD/ava_images___953752.png,../../../mnt/ssd2/29o_rya/datasets/iqa/QualiSR-Set120/hr/ava_images___953752.png,../../../mnt/ssd2/29o_rya/datasets/iqa/QualiSR-Set120/lr/ava_images___953752.png,train,-1.1586103,0.79728645,0.16801882,-1.084729,-0.83524853,1.6321465,0.63033265,-1.4066672,-0.39365953,-1.0474973,0.7738224,-0.90871686,-2.414347,-1.4890493,0.5870702,-0.63209754,-1.0840648,0.7451408,0.39249015,0.70902514,-1.1941998,-2.2110476,-2.275008,0.57139814,-3.739372,0.88240784,3.8622417,-2.6441464,-1.1788756,-2.359221,0.27544272,-0.47154337,0.047686964,-0.15433967,0.042170867,0.120542064,-0.014672015,-0.021713704,-0.0051100925,0.025225647,0.1356191,0.1321303,0.0018121153,0.17042595,0.0873456,-0.0549421,-0.030591816,0.12186216,0.108793736,0.037631225,0.21412067,0.08512263,0.07772365,-0.09332181,0.020721138,0.12532951,0.09674603,0.26136914,-0.17137194,0.02707214,-0.14085163,0.106845096,-0.019242927,0.1872887,-0.0014033616,0.13954288,-0.024078466,-0.021182694,0.4633754,-0.18815482,0.05030936,-0.033081643,-0.09185636,-0.14509629,0.01098771
QualiSR-Set120/RealESRGAN/ava_images___953752.npy.gz,RealESRGAN,ava_images___953752.png,../../../mnt/ssd2/29o_rya/datasets/iqa/QualiSR-Set120/sr/RealESRGAN/ava_images___953752.png,QualiSR-Set120,ava_images___953752,RealESRGAN/ava_images___953752.png,../../../mnt/ssd2/29o_rya/datasets/iqa/QualiSR-Set120/hr/ava_images___953752.png,../../../mnt/ssd2/29o_rya/datasets/iqa/QualiSR-Set120/lr/ava_images___953752.png,train,-0.89412653,0.8189942,-0.06310135,-1.1840024,-0.5779882,1.5179561,0.5732666,-1.4142475,-0.4517005,-1.1002901,0.7711191,-1.0760611,-2.4996657,-1.3226049,0.404398,-0.70242876,-0.94900525,0.7352994,0.47675258,0.70980746,-1.180989,-2.0359452,-2.341139,0.57865065,-3.6954513,0.9032344,3.7799873,-2.7294548,-1.0927094,-2.2855663,0.28868824,-0.59320956,0.05852428,-0.1841501,0.08867015,0.061065063,0.120291606,-0.0057471395,-0.044554055,-0.100044094,0.12302834,0.24150512,0.17313944,0.08429657,0.10468033,0.042845786,0.16256368,0.19587754,0.10128921,0.18733317,0.2376694,0.1373038,0.2030935,-0.031870157,-0.6017894,0.2570222,-0.08727002,0.23794991,-0.13155758,0.07970927,0.09142244,0.09189075,-0.030908331,0.3508927,-0.20914721,0.048364267,0.11794793,-0.051805347,0.47378752,0.032904893,-0.13238765,-0.17411178,-0.042718895,-0.18466005,-0.24769038
QualiSR-Set120/SUPIR/ava_images___953752.npy.gz,SUPIR,ava_images___953752.png,../../../mnt/ssd2/29o_rya/datasets/iqa/QualiSR-Set120/sr/SUPIR/ava_images___953752.png,QualiSR-Set120,ava_images___953752,SUPIR/ava_images___953752.png,../../../mnt/ssd2/29o_rya/datasets/iqa/QualiSR-Set120/hr/ava_images___953752.png,../../../mnt/ssd2/29o_rya/datasets/iqa/QualiSR-Set120/lr/ava_images___953752.png,train,-0.97976375,0.7934815,-0.04358834,-1.2253292,-0.6858404,1.4326969,0.5404324,-1.474829,-0.33048046,-1.3586373,0.6814628,-1.020669,-2.6075234,-1.4366565,0.5102134,-0.55206025,-1.1702087,0.65093094,0.44255203,0.76928914,-1.3520519,-2.1614234,-2.5380526,0.6264555,-3.814829,0.9885089,3.9714546,-2.8557901,-1.2408242,-2.5579832,0.29161325,-0.6061343,0.107090175,-0.2517603,0.06429277,0.001424551,-0.039275765,0.04084727,0.10798177,-0.03192669,-0.021146059,0.0556141,-0.042766318,0.015392512,-0.037009537,-0.034661025,-0.046352938,0.0049586594,0.13961166,0.025005005,0.2110547,0.057987332,0.10244532,0.0044825226,-0.24412276,0.20068252,-0.090450525,0.1835789,-0.068875715,0.09196034,-0.08474426,0.062201813,-0.08035084,0.07213023,-0.058281243,0.0582077,0.004683852,-0.06986047,0.2784755,-0.025720716,0.0438831,-0.035148486,-0.05973889,-0.013733089,-0.07848879
QualiSR-Set120/PASD/blur_dataset___out_of_focus0685.npy.gz,PASD,blur_dataset___out_of_focus0685.png,../../../mnt/ssd2/29o_rya/datasets/iqa/QualiSR-Set120/sr/PASD/blur_dataset___out_of_focus0685.png,QualiSR-Set120,blur_dataset___out_of_focus0685,PASD/blur_dataset___out_of_focus0685.png,../../../mnt/ssd2/29o_rya/datasets/iqa/QualiSR-Set120/hr/blur_dataset___out_of_focus0685.png,../../../mnt/ssd2/29o_rya/datasets/iqa/QualiSR-Set120/lr/blur_dataset___out_of_focus0685.png,train,-1.8685881,-2.572026,-2.7986953,-1.3297038,-0.10472715,0.3713802,-0.8163882,-1.049754,2.0141237,-3.7147136,-2.3174982,-1.8207517,-0.53277725,3.230456,-2.6198094,-1.0171065,-1.631902,-0.91481274,1.7517692,-4.153676,-0.044662,0.26504046,0.12364533,-1.5942996,0.6357497,3.176385,-0.17340016,0.9907713,-0.82268953,-0.026776195,-0.32127202,-0.8500918,-1.0113469,-0.23700565,0.15768807,0.25392818,0.20519832,0.07085869,-0.22275923,-0.8920255,-0.36912227,1.0463616,-0.81968945,-0.015185773,-1.4127166,-1.1580262,-0.32253724,0.4939848,-0.5344505,1.0345218,-0.060945477,-0.07500127,0.6734573,-0.6567208,1.2974159,-0.62622786,0.6041685,1.0345669,-1.0697479,0.67470515,1.9122273,-2.1994445,-0.5093403,0.63061684,1.8097008,1.2167002,0.44503957,-1.0340792,0.60856855,-0.9777549,0.46790618,-0.18429798,0.3223026,0.091981694,-0.3267569
QualiSR-Set120/RealESRGAN/blur_dataset___out_of_focus0685.npy.gz,RealESRGAN,blur_dataset___out_of_focus0685.png,../../../mnt/ssd2/29o_rya/datasets/iqa/QualiSR-Set120/sr/RealESRGAN/blur_dataset___out_of_focus0685.png,QualiSR-Set120,blur_dataset___out_of_focus0685,RealESRGAN/blur_dataset___out_of_focus0685.png,../../../mnt/ssd2/29o_rya/datasets/iqa/QualiSR-Set120/hr/blur_dataset___out_of_focus0685.png,../../../mnt/ssd2/29o_rya/datasets/iqa/QualiSR-Set120/lr/blur_dataset___out_of_focus0685.png,train,-1.7671554,-3.0945375,-3.400243,-0.8824884,0.2596153,-0.11414206,-0.631969,0.13478279,1.8484465,-3.7056699,-2.0710673,-1.6132555,-0.30003756,3.203174,-2.3845634,-0.59162647,-1.6449606,-0.9768726,1.9781176,-4.0158467,0.3162294,0.21965206,-0.30795324,-1.5666939,0.5179297,2.9764252,-0.58460784,0.24436957,-0.39635503,0.10639399,-0.50727963,-0.15379965,-0.26586834,-0.04128498,-0.3962289,1.2490008,-0.38385266,1.4624267,-0.32999212,-1.5945164,-0.8992708,2.356946,-2.5963492,-2.1856124,-1.0373542,-0.9797761,-0.6719269,0.63069427,0.81777585,2.1667016,0.25465858,0.34751758,-0.2658226,-0.8167375,0.22789279,1.7963861,-0.07589397,-0.83906364,0.7575365,0.14156753,-0.8043943,0.55206466,0.500105,-0.24623013,-1.5211537,-0.68305016,-0.07995765,1.3199545,-0.2151998,0.34295696,-0.1897868,0.6393285,-0.05123756,0.19645834,-0.16851771
QualiSR-Set120/SUPIR/blur_dataset___out_of_focus0685.npy.gz,SUPIR,blur_dataset___out_of_focus0685.png,../../../mnt/ssd2/29o_rya/datasets/iqa/QualiSR-Set120/sr/SUPIR/blur_dataset___out_of_focus0685.png,QualiSR-Set120,blur_dataset___out_of_focus0685,SUPIR/blur_dataset___out_of_focus0685.png,../../../mnt/ssd2/29o_rya/datasets/iqa/QualiSR-Set120/hr/blur_dataset___out_of_focus0685.png,../../../mnt/ssd2/29o_rya/datasets/iqa/QualiSR-Set120/lr/blur_dataset___out_of_focus0685.png,train,-2.2063928,-2.7579823,-3.2135408,-1.7913593,-0.41311228,-0.6291945,-0.56366074,-0.965146,2.6859336,-4.0491705,-2.7451692,-1.8121444,-0.6340288,3.6821249,-3.016693,-0.68212044,-1.6595862,-1.267681,2.0184307,-4.29355,-0.38690096,0.21911424,0.12017943,-1.4306765,0.49029812,2.9786265,-0.19061148,1.1550311,-0.8883543,-0.2884063,-0.13387018,-0.34487927,-0.2581018,0.011775777,-0.1205301,0.27151173,-0.21830991,0.12071535,-0.0012025982,-0.33273163,-0.1950314,0.2206322,-0.4065454,0.07878062,-0.20856452,0.062518895,-0.44165564,-0.10490307,-0.19870171,0.5428294,-0.008160152,-0.42888212,-0.40308163,-0.0025070906,0.14483666,-0.14313705,0.060024858,-0.039853513,-0.85533416,-0.38071305,-0.7109813,0.6566034,-0.5447769,-0.44339734,-0.233951,0.5364928,-0.18067655,-0.50598943,-0.48203853,0.2832508,-0.08928974,-0.40797275,-0.37224948,-0.30454516,1.3771813
QualiSR-Set120/PASD/voc_emotic_ava___EMOTIC__COCO_train2014_000000244530.npy.gz,PASD,voc_emotic_ava___EMOTIC__COCO_train2014_000000244530.png,../../../mnt/ssd2/29o_rya/datasets/iqa/QualiSR-Set120/sr/PASD/voc_emotic_ava___EMOTIC__COCO_train2014_000000244530.png,QualiSR-Set120,voc_emotic_ava___EMOTIC__COCO_train2014_000000244530,PASD/voc_emotic_ava___EMOTIC__COCO_train2014_000000244530.png,../../../mnt/ssd2/29o_rya/datasets/iqa/QualiSR-Set120/hr/voc_emotic_ava___EMOTIC__COCO_train2014_000000244530.png,../../../mnt/ssd2/29o_rya/datasets/iqa/QualiSR-Set120/lr/voc_emotic_ava___EMOTIC__COCO_train2014_000000244530.png,train,4.4217577,-1.5934339,-3.5206392,2.5676923,3.0972958,2.0438142,-9.24803,0.09072721,-2.150471,1.0258809,-0.2700431,-1.2017415,-0.6774938,-1.528416,0.5172486,-1.384798,-4.5534987,-5.2383842,0.2779311,3.7337482,0.8966423,1.6007612,1.3028294,0.21810667,-0.014599144,-0.2580794,0.08551091,0.0026664138,-0.48723787,-0.815741,0.60724103,0.003296852,-4.1152706,1.8282924,0.017503157,-1.0064662,0.3005197,-1.3929994,-2.142783,0.39209786,0.5837344,-0.34256437,-0.25806898,0.093072325,-0.061644256,-0.38341364,-0.033047706,0.19068082,0.06371462,-0.11149396,-0.24091016,-0.019897863,-0.12987845,0.07782054,1.4726349,-0.75712657,0.043014556,-1.6705549,0.72380507,-0.1645746,-1.8702633,-0.21937276,0.69935346,0.16785555,0.18445513,1.7008868,0.03408628,0.16414551,0.03667465,-0.50001156,0.6610395,0.37325662,0.5525513,0.5414849,0.48898482
QualiSR-Set120/RealESRGAN/voc_emotic_ava___EMOTIC__COCO_train2014_000000244530.npy.gz,RealESRGAN,voc_emotic_ava___EMOTIC__COCO_train2014_000000244530.png,../../../mnt/ssd2/29o_rya/datasets/iqa/QualiSR-Set120/sr/RealESRGAN/voc_emotic_ava___EMOTIC__COCO_train2014_000000244530.png,QualiSR-Set120,voc_emotic_ava___EMOTIC__COCO_train2014_000000244530,RealESRGAN/voc_emotic_ava___EMOTIC__COCO_train2014_000000244530.png,../../../mnt/ssd2/29o_rya/datasets/iqa/QualiSR-Set120/hr/voc_emotic_ava___EMOTIC__COCO_train2014_000000244530.png,../../../mnt/ssd2/29o_rya/datasets/iqa/QualiSR-Set120/lr/voc_emotic_ava___EMOTIC__COCO_train2014_000000244530.png,train,3.8469095,-1.3085598,-3.402756,2.4741688,2.7588058,2.5788922,-8.120143,0.42757857,-2.0313277,0.5375532,0.0022155046,-1.3357296,-0.1576196,-1.4940327,0.27967918,-1.3769329,-4.2051744,-4.5015955,1.4489143,2.9083035,-0.023753285,0.7088533,0.83161795,0.49090016,-0.07220113,-0.17207704,0.010358751,0.28427592,-0.25124583,-0.17143208,0.58392644,-0.0058897734,-2.579088,0.9215012,0.6643802,-0.39999682,-0.009961821,-0.95013964,-1.2194295,-0.28787738,-0.6715323,0.00583601,-0.4175127,-0.48995715,-0.055588007,0.53391254,0.082126796,0.1472802,-0.189904,0.4785066,0.0283361,-0.24538875,0.53211635,0.3122719,-1.2944053,0.54647493,-0.05182159,1.8875871,-0.8561887,-0.08791928,2.229939,0.1281829,-0.6549989,-0.13558286,-0.33860582,-1.7242782,-0.07440548,-0.26022723,-0.5246897,0.9547227,-1.0102746,0.024074644,-0.6774122,-0.12869327,-0.10846127
QualiSR-Set120/SUPIR/voc_emotic_ava___EMOTIC__COCO_train2014_000000244530.npy.gz,SUPIR,voc_emotic_ava___EMOTIC__COCO_train2014_000000244530.png,../../../mnt/ssd2/29o_rya/datasets/iqa/QualiSR-Set120/sr/SUPIR/voc_emotic_ava___EMOTIC__COCO_train2014_000000244530.png,QualiSR-Set120,voc_emotic_ava___EMOTIC__COCO_train2014_000000244530,SUPIR/voc_emotic_ava___EMOTIC__COCO_train2014_000000244530.png,../../../mnt/ssd2/29o_rya/datasets/iqa/QualiSR-Set120/hr/voc_emotic_ava___EMOTIC__COCO_train2014_000000244530.png,../../../mnt/ssd2/29o_rya/datasets/iqa/QualiSR-Set120/lr/voc_emotic_ava___EMOTIC__COCO_train2014_000000244530.png,train,4.1015344,-1.4253106,-3.3827388,2.7342997,3.0976267,2.4806929,-9.082604,0.5827644,-2.4006898,0.7446875,-0.37736276,-1.3157849,-0.29081196,-1.4630138,0.4236381,-1.1644807,-4.2506475,-4.5015435,0.7488816,3.125538,0.35322845,1.1596324,1.0527096,0.30805832,0.14012483,-0.015053466,0.21727154,0.309522,-0.44032776,-0.7702586,0.48372534,0.33652413,-2.990059,1.1886024,0.24427246,-1.0160453,0.42806864,-0.99745405,-1.4876692,0.100454815,0.029201508,-0.42469278,-0.11075887,-0.14425522,-0.22220677,0.071156204,0.17805724,-0.19429794,-0.25714493,0.41262224,-0.100927874,0.09817012,-0.11937523,0.10942781,-0.31409878,0.2755017,-0.6331354,-0.07264641,-0.09331812,0.023357019,0.08397089,0.15500127,-0.19084388,-0.013426647,-0.34010202,-0.5439147,-0.11865064,-0.047785923,0.47214738,-0.055894345,-0.08055942,-0.37704492,-0.30766302,-0.5641428,-0.41850272
QualiSR-Set120/PASD/voc_emotic_ava___EMOTIC__COCO_train2014_000000247190.npy.gz,PASD,voc_emotic_ava___EMOTIC__COCO_train2014_000000247190.png,../../../mnt/ssd2/29o_rya/datasets/iqa/QualiSR-Set120/sr/PASD/voc_emotic_ava___EMOTIC__COCO_train2014_000000247190.png,QualiSR-Set120,voc_emotic_ava___EMOTIC__COCO_train2014_000000247190,PASD/voc_emotic_ava___EMOTIC__COCO_train2014_000000247190.png,../../../mnt/ssd2/29o_rya/datasets/iqa/QualiSR-Set120/hr/voc_emotic_ava___EMOTIC__COCO_train2014_000000247190.png,../../../mnt/ssd2/29o_rya/datasets/iqa/QualiSR-Set120/lr/voc_emotic_ava___EMOTIC__COCO_train2014_000000247190.png,train,-0.54010916,0.35493222,1.671989,-0.29818153,-2.8341734,1.2571273,0.41439998,-1.8377182,-0.93770564,-0.40715867,-0.11412004,-0.86869556,-0.5853659,-0.5671339,-0.017513271,-0.4982181,-1.0845692,0.52306545,-0.25625286,1.6124467,0.11544673,-1.5169301,1.0962389,-2.0567992,0.7036196,-0.23934524,-1.0069607,-0.030933142,-1.9315169,1.5234466,3.1834247,-1.0799657,0.45530856,0.03766027,0.19238235,0.11966501,0.30178905,-0.16689242,0.16830699,0.065251276,0.05695784,-0.18285409,-0.12638347,0.08742075,0.07748163,-0.17742063,0.0678149,0.05879213,-0.034826994,0.031608954,-0.11501829,-0.08463004,0.04456726,-0.36411232,0.50926375,0.24816999,0.3232291,0.051809847,0.20998485,0.28365293,0.14951578,0.60341555,-0.12313457,0.0677966,0.3275429,-0.14544989,0.014945634,0.25274396,0.5853386,0.067714155,0.20607531,-0.262667,0.12422967,-0.13199557,-0.49677306
QualiSR-Set120/RealESRGAN/voc_emotic_ava___EMOTIC__COCO_train2014_000000247190.npy.gz,RealESRGAN,voc_emotic_ava___EMOTIC__COCO_train2014_000000247190.png,../../../mnt/ssd2/29o_rya/datasets/iqa/QualiSR-Set120/sr/RealESRGAN/voc_emotic_ava___EMOTIC__COCO_train2014_000000247190.png,QualiSR-Set120,voc_emotic_ava___EMOTIC__COCO_train2014_000000247190,RealESRGAN/voc_emotic_ava___EMOTIC__COCO_train2014_000000247190.png,../../../mnt/ssd2/29o_rya/datasets/iqa/QualiSR-Set120/hr/voc_emotic_ava___EMOTIC__COCO_train2014_000000247190.png,../../../mnt/ssd2/29o_rya/datasets/iqa/QualiSR-Set120/lr/voc_emotic_ava___EMOTIC__COCO_train2014_000000247190.png,train,-0.55147433,0.57427615,1.6196549,-0.4390775,-2.8987436,1.4662337,0.43873233,-1.9686681,-0.8583267,-0.34859633,-0.41641757,-1.098262,-0.81067425,-0.8684679,0.111570105,-0.4463768,-0.9981746,0.83932614,-0.5600373,1.9399419,-0.25196046,-1.4275827,1.144748,-2.5577137,1.061416,-0.47393715,-1.2193615,0.042366296,-2.3650284,1.8768778,4.376013,-1.7584946,0.2850926,-0.036679775,0.098784134,0.4020093,0.23992348,0.3682393,0.18823896,0.29089594,-0.45341408,0.040407896,-0.09518853,0.08417863,0.1378527,-0.15109506,0.37654096,0.08683562,0.18179107,0.017088458,0.2627415,-0.07736063,0.231504,0.16075534,-0.22682257,0.26078883,0.04317838,0.11303349,-0.19639167,-0.47872102,0.09335385,-0.1933134,0.13019964,0.36257985,-0.47456944,0.3668025,-0.27539682,-0.11014694,-0.010636926,0.2546167,0.115514755,-0.084447905,0.046490863,0.11252087,-0.2548781
QualiSR-Set120/SUPIR/voc_emotic_ava___EMOTIC__COCO_train2014_000000247190.npy.gz,SUPIR,voc_emotic_ava___EMOTIC__COCO_train2014_000000247190.png,../../../mnt/ssd2/29o_rya/datasets/iqa/QualiSR-Set120/sr/SUPIR/voc_emotic_ava___EMOTIC__COCO_train2014_000000247190.png,QualiSR-Set120,voc_emotic_ava___EMOTIC__COCO_train2014_000000247190,SUPIR/voc_emotic_ava___EMOTIC__COCO_train2014_000000247190.png,../../../mnt/ssd2/29o_rya/datasets/iqa/QualiSR-Set120/hr/voc_emotic_ava___EMOTIC__COCO_train2014_000000247190.png,../../../mnt/ssd2/29o_rya/datasets/iqa/QualiSR-Set120/lr/voc_emotic_ava___EMOTIC__COCO_train2014_000000247190.png,train,-0.7580632,0.49179566,1.7596669,-0.44554377,-3.0635967,1.3533105,0.44003913,-1.9334872,-0.7489668,-0.30280235,-0.12506756,-0.9840328,-0.6851343,-0.6650251,-0.035028234,-0.5551958,-1.2596896,0.76229674,-0.3782949,1.8151159,-0.12073372,-1.5297868,1.1435196,-2.3597987,0.9103366,-0.38999707,-1.0820777,-0.096158355,-2.2316108,1.7743537,4.202428,-1.5067385,0.38050425,0.09059593,0.12139712,0.3308702,0.29813737,0.15205428,0.098187596,0.23623402,-0.21993464,-0.036341697,-0.10606128,0.17573613,0.22507581,-0.3038778,0.30641025,0.010112643,0.13033521,0.05635654,0.066523775,-0.015690207,0.08781318,0.051759183,-0.0031549484,0.28432325,-0.062134236,0.036448,-0.12815255,-0.029862538,0.14034143,0.077042416,-0.036522537,0.15730734,-0.03797245,0.17232263,-0.056580327,0.08519609,0.23285168,0.11207491,0.19652084,-0.10143745,0.15670425,-0.038965598,-0.3818702
QualiSR-Set120/PASD/voc_emotic_ava___EMOTIC__COCO_val2014_000000020598.npy.gz,PASD,voc_emotic_ava___EMOTIC__COCO_val2014_000000020598.png,../../../mnt/ssd2/29o_rya/datasets/iqa/QualiSR-Set120/sr/PASD/voc_emotic_ava___EMOTIC__COCO_val2014_000000020598.png,QualiSR-Set120,voc_emotic_ava___EMOTIC__COCO_val2014_000000020598,PASD/voc_emotic_ava___EMOTIC__COCO_val2014_000000020598.png,../../../mnt/ssd2/29o_rya/datasets/iqa/QualiSR-Set120/hr/voc_emotic_ava___EMOTIC__COCO_val2014_000000020598.png,../../../mnt/ssd2/29o_rya/datasets/iqa/QualiSR-Set120/lr/voc_emotic_ava___EMOTIC__COCO_val2014_000000020598.png,train,4.639413,-3.1865222,0.07229483,4.6405153,-3.0082128,-2.0829375,-5.0015593,4.2195206,-2.3150268,-2.6275668,-1.2053231,-0.8020622,-5.2544827,-0.62193286,-2.1556368,1.9494312,3.2816916,4.156844,-4.706438,-0.3500715,1.5864165,0.60473686,-0.16152243,-0.80080646,-0.60672915,0.035848066,-1.0423597,-0.259723,-1.2838812,-1.2459402,-0.28169435,-0.1640622,-3.3408847,1.9192009,0.25957286,-0.0954428,-1.0638431,2.8732293,3.2396574,0.68206203,0.1511505,-1.2707947,0.9347576,-0.42924023,-1.3993232,0.012941122,-2.1911905,-1.122101,-0.5173148,0.39827734,-0.10948571,0.50725603,0.5121217,-0.00093869865,-0.3446023,-0.71078783,0.1387411,0.02953294,1.008954,-0.006946698,0.10180002,-0.9660536,1.092429,0.6586157,0.03246039,0.14530799,0.40778384,0.17147022,0.38543952,0.8197591,-0.74958265,0.18192543,-1.2977078,0.24339408,0.45474073
QualiSR-Set120/RealESRGAN/voc_emotic_ava___EMOTIC__COCO_val2014_000000020598.npy.gz,RealESRGAN,voc_emotic_ava___EMOTIC__COCO_val2014_000000020598.png,../../../mnt/ssd2/29o_rya/datasets/iqa/QualiSR-Set120/sr/RealESRGAN/voc_emotic_ava___EMOTIC__COCO_val2014_000000020598.png,QualiSR-Set120,voc_emotic_ava___EMOTIC__COCO_val2014_000000020598,RealESRGAN/voc_emotic_ava___EMOTIC__COCO_val2014_000000020598.png,../../../mnt/ssd2/29o_rya/datasets/iqa/QualiSR-Set120/hr/voc_emotic_ava___EMOTIC__COCO_val2014_000000020598.png,../../../mnt/ssd2/29o_rya/datasets/iqa/QualiSR-Set120/lr/voc_emotic_ava___EMOTIC__COCO_val2014_000000020598.png,train,4.830025,-2.9399114,-0.71129936,4.5366035,-2.036007,-2.2480693,-5.3455048,4.3388214,-1.8170546,-2.853198,-0.1848816,0.23206095,-4.3254924,-0.31270635,-2.4444456,1.4331367,2.5108418,3.8128088,-3.415073,-0.7742681,1.0314939,-0.97717303,-0.23807408,-0.94886166,0.09630266,0.17743854,0.5085261,0.27099708,-0.77656746,-0.27475792,-0.41908827,-0.42452943,0.022905558,0.62760496,0.91150415,0.7065477,0.5001641,0.9900888,-0.4615928,-0.06757086,-0.23813474,1.0260276,-1.3152405,0.21548626,2.3377237,1.7891278,3.3111079,3.1017148,-0.23140037,-1.711468,0.23201044,-0.44564998,-1.1246716,-0.94494414,0.879875,0.40118498,-0.97097474,-0.5260201,-0.19210404,0.8973476,0.16239867,-0.94803536,-0.4042311,0.1911456,0.5519085,-0.0854311,0.6990959,0.39733875,-0.07542175,0.6057307,-0.27905345,0.27674508,-0.33717585,-0.08755708,0.37833554
QualiSR-Set120/SUPIR/voc_emotic_ava___EMOTIC__COCO_val2014_000000020598.npy.gz,SUPIR,voc_emotic_ava___EMOTIC__COCO_val2014_000000020598.png,../../../mnt/ssd2/29o_rya/datasets/iqa/QualiSR-Set120/sr/SUPIR/voc_emotic_ava___EMOTIC__COCO_val2014_000000020598.png,QualiSR-Set120,voc_emotic_ava___EMOTIC__COCO_val2014_000000020598,SUPIR/voc_emotic_ava___EMOTIC__COCO_val2014_000000020598.png,../../../mnt/ssd2/29o_rya/datasets/iqa/QualiSR-Set120/hr/voc_emotic_ava___EMOTIC__COCO_val2014_000000020598.png,../../../mnt/ssd2/29o_rya/datasets/iqa/QualiSR-Set120/lr/voc_emotic_ava___EMOTIC__COCO_val2014_000000020598.png,train,4.361738,-2.7981055,0.13360423,4.6287694,-3.0945206,-2.0945816,-5.1676817,4.067324,-2.2102554,-2.667744,-0.79216814,-0.10006346,-4.9422936,-0.43319824,-2.2310376,1.7771616,2.6307228,4.1866517,-4.0619993,-0.92825335,0.7993639,-0.65026784,-0.14063202,-0.8576433,-0.31632304,-0.22280021,-0.43749368,0.47256634,-1.276694,-0.5168118,-0.14171228,0.09977004,-2.569863,1.4996212,-0.03755623,0.19274865,-0.06440354,1.7365603,1.0292237,0.67984104,-0.020925403,-0.36502823,-0.16356634,-0.43171734,-0.02512008,0.15248692,-0.3101216,0.11314964,-0.27451986,-0.09368521,0.43519396,0.4147448,-0.08573501,0.56175673,-0.022207975,0.2602066,1.0849514,0.35706553,-0.7368192,0.035858452,-0.12573119,2.0281262,-1.5051675,-0.93596184,-0.31002215,-0.29345095,-0.79406756,-0.47432438,-0.44918624,-1.336627,1.2189344,-0.51571476,1.8395019,-0.34708774,-0.82132787
QualiSR-Set120/PASD/voc_emotic_ava___JPEGImages__2008_003883.npy.gz,PASD,voc_emotic_ava___JPEGImages__2008_003883.png,../../../mnt/ssd2/29o_rya/datasets/iqa/QualiSR-Set120/sr/PASD/voc_emotic_ava___JPEGImages__2008_003883.png,QualiSR-Set120,voc_emotic_ava___JPEGImages__2008_003883,PASD/voc_emotic_ava___JPEGImages__2008_003883.png,../../../mnt/ssd2/29o_rya/datasets/iqa/QualiSR-Set120/hr/voc_emotic_ava___JPEGImages__2008_003883.png,../../../mnt/ssd2/29o_rya/datasets/iqa/QualiSR-Set120/lr/voc_emotic_ava___JPEGImages__2008_003883.png,test,1.2184244,-1.8778763,-1.8998327,0.13134915,0.92459047,1.9109579,-3.5897696,-1.1839159,-1.4384192,0.22311512,-1.5364896,-0.46417803,1.019883,-0.6739234,0.41520494,0.45981663,1.8734021,0.44361925,-1.0322751,-0.21966659,0.35726768,0.861214,-0.15283297,-0.3573364,-0.32670173,0.061676316,-0.19698203,-0.21663494,-0.37265164,-0.6219104,-0.516263,-0.35634232,-0.9059222,0.058038503,-1.0112498,0.53421474,-0.695366,-0.4973738,-0.841822,-0.24266554,0.39642012,0.18232363,0.33277482,-0.26331884,-0.3389104,0.18622547,0.585563,1.00391,0.42179596,-0.96737385,0.6499685,0.36345,0.9805467,-0.12579453,-0.31680351,-0.8522238,-0.20967138,-0.41955787,1.2683139,0.58324176,0.14890264,-0.56746244,0.27705,0.3057477,-0.26518983,0.18873523,-0.049718097,-0.17120788,0.23091099,-0.7244174,-0.35556453,-0.2243944,0.5963045,-0.2916215,-0.18936464
QualiSR-Set120/RealESRGAN/voc_emotic_ava___JPEGImages__2008_003883.npy.gz,RealESRGAN,voc_emotic_ava___JPEGImages__2008_003883.png,../../../mnt/ssd2/29o_rya/datasets/iqa/QualiSR-Set120/sr/RealESRGAN/voc_emotic_ava___JPEGImages__2008_003883.png,QualiSR-Set120,voc_emotic_ava___JPEGImages__2008_003883,RealESRGAN/voc_emotic_ava___JPEGImages__2008_003883.png,../../../mnt/ssd2/29o_rya/datasets/iqa/QualiSR-Set120/hr/voc_emotic_ava___JPEGImages__2008_003883.png,../../../mnt/ssd2/29o_rya/datasets/iqa/QualiSR-Set120/lr/voc_emotic_ava___JPEGImages__2008_003883.png,test,2.4532738,-1.8596573,-2.0021358,-0.21261722,1.5803393,0.88186216,-3.9065921,-0.085301876,-0.88167274,-0.19143373,-1.4681717,-0.5526481,1.418913,-0.12304306,1.0884551,0.48174268,0.5242175,-0.48597527,-0.9092921,-0.17107235,0.6976663,1.2578821,-0.4582613,-0.85145086,0.10326865,0.63862777,-0.12891465,0.24293426,-0.3819387,-0.92653316,-0.58157396,-0.1447421,0.14501914,-0.12734258,-0.9172004,0.68572736,-0.4256,-0.08816737,-0.71296287,0.39975682,0.28452873,0.19610879,0.061358772,-1.2382996,-0.78744584,0.23829174,0.7860051,1.0738549,1.1875212,-0.61615014,0.46988523,0.9058598,0.6735025,0.17384523,-0.74765414,-0.41285288,-0.8906557,-0.27365637,0.28094324,-0.07686247,0.38319737,-0.2273723,0.048170865,-0.43490672,-0.6182841,0.59071136,-0.0840777,-0.3487981,-0.0779604,-0.8880865,0.24203849,-0.4312234,0.20182812,-0.35091978,-0.42546123
QualiSR-Set120/SUPIR/voc_emotic_ava___JPEGImages__2008_003883.npy.gz,SUPIR,voc_emotic_ava___JPEGImages__2008_003883.png,../../../mnt/ssd2/29o_rya/datasets/iqa/QualiSR-Set120/sr/SUPIR/voc_emotic_ava___JPEGImages__2008_003883.png,QualiSR-Set120,voc_emotic_ava___JPEGImages__2008_003883,SUPIR/voc_emotic_ava___JPEGImages__2008_003883.png,../../../mnt/ssd2/29o_rya/datasets/iqa/QualiSR-Set120/hr/voc_emotic_ava___JPEGImages__2008_003883.png,../../../mnt/ssd2/29o_rya/datasets/iqa/QualiSR-Set120/lr/voc_emotic_ava___JPEGImages__2008_003883.png,test,1.7999891,-2.125982,-1.7702601,0.1340611,1.3142458,1.1122701,-4.710161,-0.8043065,-1.4911493,-0.28353888,-1.3722838,-0.7737245,1.319379,-0.6406828,0.50703585,0.62720865,0.9143658,-0.20055924,-1.4057591,0.10967787,0.42352527,1.0496674,-0.18172224,-0.5733833,-0.1742609,-0.04644324,-0.0562495,-0.09578572,-0.48729497,-0.28436023,-0.9052916,-0.7444241,-1.0862707,-0.33082044,-1.2911701,0.708211,-0.45403448,-0.18982711,-0.46955067,0.3990257,0.7376405,-0.14199172,0.06156317,-0.59069437,-0.8544031,-0.0012516379,0.54626125,0.9555657,0.9894031,-0.7617688,0.4864995,0.3923518,0.31115124,0.014136672,0.25899065,-0.71533424,-0.524959,-1.0346514,0.7612856,0.8620986,-0.7927981,-0.3455032,0.15458062,0.050979197,0.12620205,0.8997796,0.08752368,-0.58147514,0.10156016,-1.1997659,0.36798272,0.11330859,0.41268486,-0.23801783,0.12746766
QualiSR-Set120/PASD/voc_emotic_ava___VOC2012__2010_004399.npy.gz,PASD,voc_emotic_ava___VOC2012__2010_004399.png,../../../mnt/ssd2/29o_rya/datasets/iqa/QualiSR-Set120/sr/PASD/voc_emotic_ava___VOC2012__2010_004399.png,QualiSR-Set120,voc_emotic_ava___VOC2012__2010_004399,PASD/voc_emotic_ava___VOC2012__2010_004399.png,../../../mnt/ssd2/29o_rya/datasets/iqa/QualiSR-Set120/hr/voc_emotic_ava___VOC2012__2010_004399.png,../../../mnt/ssd2/29o_rya/datasets/iqa/QualiSR-Set120/lr/voc_emotic_ava___VOC2012__2010_004399.png,train,-1.1454566,-0.4915421,2.0567222,0.5190121,-2.8357909,1.4854058,0.60667574,-1.9528363,-0.26761654,0.26031345,0.07901162,-1.2681566,-0.7899784,-1.8644611,-0.3377888,0.06720412,-1.6648171,0.008338928,-2.7982655,-0.91844004,-1.4640036,6.461541,-2.178179,0.5725974,-0.34507364,-0.63379425,-0.054291666,0.42545065,-1.6773071,0.05880505,-0.51631945,-0.12528467,0.8153697,-0.10705584,0.15611957,0.016092882,0.24207553,-0.5421798,0.021441817,-0.28995255,1.0040687,0.15486917,-0.94175464,0.5350678,1.6545243,-1.2427524,1.0183147,-0.884078,-0.8739345,0.7731688,1.6381027,1.620766,0.6302649,-0.18874577,0.9355547,-0.81008714,0.7887628,-0.69822097,0.8939951,0.6652248,1.1588519,0.57745564,0.12668553,-0.05234778,-0.01833558,-0.22096278,-0.6742041,0.098921195,0.33098918,0.056753725,-0.65327865,0.10178551,-0.29391164,0.5032666,-0.11413858
QualiSR-Set120/RealESRGAN/voc_emotic_ava___VOC2012__2010_004399.npy.gz,RealESRGAN,voc_emotic_ava___VOC2012__2010_004399.png,../../../mnt/ssd2/29o_rya/datasets/iqa/QualiSR-Set120/sr/RealESRGAN/voc_emotic_ava___VOC2012__2010_004399.png,QualiSR-Set120,voc_emotic_ava___VOC2012__2010_004399,RealESRGAN/voc_emotic_ava___VOC2012__2010_004399.png,../../../mnt/ssd2/29o_rya/datasets/iqa/QualiSR-Set120/hr/voc_emotic_ava___VOC2012__2010_004399.png,../../../mnt/ssd2/29o_rya/datasets/iqa/QualiSR-Set120/lr/voc_emotic_ava___VOC2012__2010_004399.png,train,-0.8431035,-0.89149386,1.8903961,0.82601,-3.527017,0.68437386,0.43887743,-2.0297737,-0.1480882,-0.0906492,-0.02769199,-1.5816541,-0.7357318,-2.3077478,-0.37314272,0.026133955,-2.091916,0.13540298,-2.9964962,-0.6187437,-1.0147387,6.8020663,-2.3818552,0.25671673,-0.15465125,-0.93740326,-0.49977958,0.87155366,-1.6279311,-0.53509396,0.5092331,-0.72440183,0.8416298,0.15045589,0.36240757,0.33385843,0.09269105,0.43061003,0.50883037,-0.121616624,-0.017425,0.120781004,-0.38238662,-0.28330344,-0.20412457,0.34416497,0.905252,-0.98778903,0.28860134,0.88997436,0.95224947,1.0040652,0.14284483,0.67773175,-1.6295767,0.37830508,-2.5328221,1.0011168,-1.6857278,-1.4711044,-2.018631,-1.4355459,0.016685277,-0.1897974,0.3093475,0.30965644,1.1075588,-0.30760866,-0.52566826,0.23693657,0.20448545,-0.2183047,0.78275543,-0.33775955,0.06701939
QualiSR-Set120/SUPIR/voc_emotic_ava___VOC2012__2010_004399.npy.gz,SUPIR,voc_emotic_ava___VOC2012__2010_004399.png,../../../mnt/ssd2/29o_rya/datasets/iqa/QualiSR-Set120/sr/SUPIR/voc_emotic_ava___VOC2012__2010_004399.png,QualiSR-Set120,voc_emotic_ava___VOC2012__2010_004399,SUPIR/voc_emotic_ava___VOC2012__2010_004399.png,../../../mnt/ssd2/29o_rya/datasets/iqa/QualiSR-Set120/hr/voc_emotic_ava___VOC2012__2010_004399.png,../../../mnt/ssd2/29o_rya/datasets/iqa/QualiSR-Set120/lr/voc_emotic_ava___VOC2012__2010_004399.png,train,-1.2578573,-0.40179336,1.9385645,0.59152603,-2.8191202,1.5135578,0.44067127,-1.919533,-0.36126906,0.18057522,0.2355677,-1.1534578,-0.76924586,-1.7831603,-0.344475,0.07331234,-1.5843842,0.03227237,-2.756493,-0.83538216,-1.3363303,6.2498226,-2.234723,0.42116672,-0.38897732,-0.7726855,-0.15630114,0.3843824,-1.7261353,0.08695406,-0.14232594,-0.31162667,0.75342333,-0.18028581,0.23465802,0.15700273,0.25221324,-0.35757154,-0.03781931,-0.30917367,1.0060898,0.026801959,-0.8836542,0.43655527,1.2907338,-1.1803851,0.91017765,-0.96708906,-0.65480304,0.642679,1.5589422,1.4868292,0.36575642,-0.06784968,0.16442816,-0.5887726,0.3299353,-0.494119,0.3803334,0.20564097,0.42539316,0.34176883,0.0014352053,-0.35977405,0.09471059,-0.15119947,-0.3069818,-0.06750308,-0.13160202,-0.07279095,-0.06466642,0.38946337,-0.16971815,0.14907366,0.074252926
QualiSR-Set120/PASD/voc_emotic_ava___VOC2012__2012_004043.npy.gz,PASD,voc_emotic_ava___VOC2012__2012_004043.png,../../../mnt/ssd2/29o_rya/datasets/iqa/QualiSR-Set120/sr/PASD/voc_emotic_ava___VOC2012__2012_004043.png,QualiSR-Set120,voc_emotic_ava___VOC2012__2012_004043,PASD/voc_emotic_ava___VOC2012__2012_004043.png,../../../mnt/ssd2/29o_rya/datasets/iqa/QualiSR-Set120/hr/voc_emotic_ava___VOC2012__2012_004043.png,../../../mnt/ssd2/29o_rya/datasets/iqa/QualiSR-Set120/lr/voc_emotic_ava___VOC2012__2012_004043.png,train,2.4334936,-0.24550264,1.3005655,0.29050004,-3.5746107,-2.419754,1.7908279,-0.6232304,-3.7503211,-2.370689,-2.309433,-4.1680527,2.4223585,-1.8593823,1.4009781,1.9952583,0.44415444,-2.865658,-2.6628404,0.50677484,2.8969278,-1.0442208,1.3026416,-0.40807623,-0.8593966,1.6590252,0.15887013,-0.0050872564,-0.58010864,-0.21490759,-0.5785569,-0.14267132,2.857321,0.7563905,2.868845,-1.4829067,0.487955,0.12797993,-1.2242857,0.66307116,-0.7716886,-0.45965785,-0.41287208,0.26668534,-1.0021479,-0.0026908815,-0.6136132,-0.1796327,-0.237162,-0.04209888,-0.22040287,-0.059798956,-0.14747597,-0.38212687,0.3207397,0.17003451,0.20289294,-0.1151706,0.20340025,0.41772577,-0.45787346,0.29195416,0.14643654,-0.21429694,1.0001001,-0.5599239,0.6178388,0.30288628,0.20404191,0.085576236,-0.4347087,-0.11503631,0.2876496,0.3033011,-0.0473565
QualiSR-Set120/RealESRGAN/voc_emotic_ava___VOC2012__2012_004043.npy.gz,RealESRGAN,voc_emotic_ava___VOC2012__2012_004043.png,../../../mnt/ssd2/29o_rya/datasets/iqa/QualiSR-Set120/sr/RealESRGAN/voc_emotic_ava___VOC2012__2012_004043.png,QualiSR-Set120,voc_emotic_ava___VOC2012__2012_004043,RealESRGAN/voc_emotic_ava___VOC2012__2012_004043.png,../../../mnt/ssd2/29o_rya/datasets/iqa/QualiSR-Set120/hr/voc_emotic_ava___VOC2012__2012_004043.png,../../../mnt/ssd2/29o_rya/datasets/iqa/QualiSR-Set120/lr/voc_emotic_ava___VOC2012__2012_004043.png,train,2.9681292,-0.4148872,1.220708,0.6958202,-3.898367,-2.2100415,2.230925,-0.41241032,-4.291303,-2.922742,-2.6183696,-4.4442744,3.0399432,-2.2979043,1.6706145,2.1091144,0.60092217,-3.2758396,-3.2335615,0.31012425,2.7153664,-0.378129,1.0019876,0.10088435,-0.9038841,2.1533513,0.18086019,-0.20507598,-0.052644268,-0.16364282,-0.9420968,0.04031086,3.078187,0.8248069,2.5865319,-1.2854301,0.20213708,0.7372483,-1.0025923,0.4410735,-1.0005369,-0.052999698,0.0006185323,-0.04682198,-0.5823856,0.11938116,0.1106907,0.7499521,-0.40352333,-0.5187142,0.36984664,-0.23183268,-0.08174734,0.9549794,-0.68470746,-0.56083065,0.37179583,0.20086798,0.17331287,-0.64869136,0.82967263,-1.5772927,-0.37022272,0.2843185,-2.8490305,1.1125394,-1.3215375,-0.046583027,0.055853426,-1.1446419,0.17232099,0.80228835,-0.042856768,-0.2270232,0.0901394
QualiSR-Set120/SUPIR/voc_emotic_ava___VOC2012__2012_004043.npy.gz,SUPIR,voc_emotic_ava___VOC2012__2012_004043.png,../../../mnt/ssd2/29o_rya/datasets/iqa/QualiSR-Set120/sr/SUPIR/voc_emotic_ava___VOC2012__2012_004043.png,QualiSR-Set120,voc_emotic_ava___VOC2012__2012_004043,SUPIR/voc_emotic_ava___VOC2012__2012_004043.png,../../../mnt/ssd2/29o_rya/datasets/iqa/QualiSR-Set120/hr/voc_emotic_ava___VOC2012__2012_004043.png,../../../mnt/ssd2/29o_rya/datasets/iqa/QualiSR-Set120/lr/voc_emotic_ava___VOC2012__2012_004043.png,train,2.637916,-0.25166708,1.7510469,0.5389234,-3.7313895,-2.2782536,2.0912027,-0.88496184,-4.076091,-2.4692612,-2.7807207,-4.566378,2.726871,-2.0079026,1.5559585,2.3858678,0.362015,-3.242206,-2.8390074,0.50879824,2.9956632,-1.2542796,1.6284775,0.050799966,-1.1888603,1.7502226,0.119910985,-0.015877068,-0.48121876,0.10614377,-0.36371514,-0.1472458,2.5055573,0.55297154,2.1732426,-1.1220574,0.61165416,0.08190054,-0.91643244,0.7188655,-0.95055854,-0.4176299,-0.63564825,0.44751167,-0.72147506,-0.2501639,-0.7309937,-0.88873386,-0.17341074,0.4606587,-0.46951145,0.3598456,-0.45125374,-0.40838003,0.27301458,0.7278146,-0.16919959,-0.19992965,0.07545321,0.7991083,-0.42137527,1.1474851,0.32032722,-0.07141593,1.8424293,-0.6442714,0.6742544,-0.06434655,-0.39747998,0.92147976,0.31057996,-0.49316,-0.04781905,-0.04568775,0.04549755
