sample_id,sr_method,sr_filename,sr_path,dataset,test_case,rel_path,gt_path,lr_path,set_type,vgg_pca_000,vgg_pca_001,vgg_pca_002,vgg_pca_003,vgg_pca_004,vgg_pca_005,vgg_pca_006,vgg_pca_007,vgg_pca_008,vgg_pca_009,vgg_pca_010,vgg_pca_011,vgg_pca_012,vgg_pca_013,vgg_pca_014,vgg_pca_015,vgg_pca_016,vgg_pca_017,vgg_pca_018,vgg_pca_019,vgg_pca_020,vgg_pca_021,vgg_pca_022,vgg_pca_023,vgg_pca_024,vgg_pca_025,vgg_pca_026,vgg_pca_027,vgg_pca_028,vgg_pca_029,vgg_pca_030,vgg_pca_031,vgg_pca_032,vgg_pca_033,vgg_pca_034,vgg_pca_035,vgg_pca_036,vgg_pca_037,vgg_pca_038,vgg_pca_039,vgg_pca_040,vgg_pca_041,vgg_pca_042,vgg_pca_043,vgg_pca_044,vgg_pca_045,vgg_pca_046,vgg_pca_047,vgg_pca_048,vgg_pca_049
QualiSR-Set120/PASD/1024x768___4962875195.npy.gz,PASD,1024x768___4962875195.png,../../../mnt/ssd2/29o_rya/datasets/iqa/QualiSR-Set120/sr/PASD/1024x768___4962875195.png,QualiSR-Set120,1024x768___4962875195,PASD/1024x768___4962875195.png,../../../mnt/ssd2/29o_rya/datasets/iqa/QualiSR-Set120/hr/1024x768___4962875195.png,../../../mnt/ssd2/29o_rya/datasets/iqa/QualiSR-Set120/lr/1024x768___4962875195.png,train,-4.3575573,-8.770071,-6.5897865,-15.1787815,-4.0960236,-3.779344,-24.373661,3.4154844,-13.419216,-21.08683,-17.468328,-5.508192,15.428644,-62.697117,37.499233,-21.47843,72.42696,-69.63835,24.167202,1.9624181,0.54603815,4.2557054,2.7575161,2.582415,-2.720303,1.2653427,3.073504,0.009473801,1.3159003,-0.0035820007,-1.3011782,-2.2155123,2.679687,0.8054297,-2.078055,-1.2691193,-0.13246663,-2.3006022,-0.5865134,-0.769469,-0.19159675,-1.6567793,-0.3165145,0.40800524,1.8856859,0.13164234,0.56495804,1.5744388,0.6258661,1.0039219
QualiSR-Set120/RealESRGAN/1024x768___4962875195.npy.gz,RealESRGAN,1024x768___4962875195.png,../../../mnt/ssd2/29o_rya/datasets/iqa/QualiSR-Set120/sr/RealESRGAN/1024x768___4962875195.png,QualiSR-Set120,1024x768___4962875195,RealESRGAN/1024x768___4962875195.png,../../../mnt/ssd2/29o_rya/datasets/iqa/QualiSR-Set120/hr/1024x768___4962875195.png,../../../mnt/ssd2/29o_rya/datasets/iqa/QualiSR-Set120/lr/1024x768___4962875195.png,train,-4.1557107,-8.13797,-5.2145977,-15.315523,-2.4072437,-3.3198242,-24.816795,2.5231767,-12.331284,-21.469387,-18.405865,-5.2756605,16.889706,-62.41185,36.995518,-20.997112,73.23497,-68.03414,24.464272,3.1316917,-0.18974257,4.0031047,2.064294,2.1010923,-2.1137147,0.07701969,3.3746848,0.7883606,1.0879354,-0.76451683,1.3873947,-2.4983487,4.02595,0.5225096,-1.0323622,-2.4243255,1.294369,-1.8872114,0.08554196,-2.5875087,-0.054777503,-6.0677247,-0.83822584,1.2952963,2.2879665,-1.2319846,-0.100273296,2.854506,-0.58741665,0.5049504
QualiSR-Set120/SUPIR/1024x768___4962875195.npy.gz,SUPIR,1024x768___4962875195.png,../../../mnt/ssd2/29o_rya/datasets/iqa/QualiSR-Set120/sr/SUPIR/1024x768___4962875195.png,QualiSR-Set120,1024x768___4962875195,SUPIR/1024x768___4962875195.png,../../../mnt/ssd2/29o_rya/datasets/iqa/QualiSR-Set120/hr/1024x768___4962875195.png,../../../mnt/ssd2/29o_rya/datasets/iqa/QualiSR-Set120/lr/1024x768___4962875195.png,train,-4.3288054,-7.80231,-6.6295943,-15.916414,-4.6898766,-2.7878704,-25.702732,2.7944798,-13.840445,-23.076965,-19.432579,-4.7564793,16.743155,-67.037476,41.095276,-22.987692,79.631355,-73.30284,26.24696,1.7960217,-0.23017216,4.287632,4.852474,2.5241523,-5.079582,1.064043,4.815274,-1.3726444,-1.442039,0.24714565,-1.436563,-0.0228436,-0.4595785,0.71689415,-0.16438347,-0.34310913,0.08946039,0.0858376,0.35160542,0.41918433,-0.57802373,0.9103074,0.3917365,-0.67972994,-0.1815927,-0.6959524,-0.33203208,-0.45838344,1.4759533,-0.3879498
QualiSR-Set120/PASD/ava_images___101816.npy.gz,PASD,ava_images___101816.png,../../../mnt/ssd2/29o_rya/datasets/iqa/QualiSR-Set120/sr/PASD/ava_images___101816.png,QualiSR-Set120,ava_images___101816,PASD/ava_images___101816.png,../../../mnt/ssd2/29o_rya/datasets/iqa/QualiSR-Set120/hr/ava_images___101816.png,../../../mnt/ssd2/29o_rya/datasets/iqa/QualiSR-Set120/lr/ava_images___101816.png,train,3.3668776,26.021605,-9.383995,-4.484806,-22.290476,23.12536,-0.5095291,7.1006975,-10.258154,3.9326935,-26.17716,-2.0335314,-4.328674,16.336388,19.052824,3.7366014,-6.7709036,-3.4613495,-25.938438,-10.2359,-65.40842,-43.03096,-9.084621,121.790344,6.8662105,39.990517,18.837921,28.94933,0.34785366,4.945469,13.858715,5.985816,26.74043,18.181244,27.925394,-45.591934,-32.32038,-31.03344,-2.9790587,-2.0988533,5.794489,4.124329,-18.29744,-0.04517436,2.4714494,4.480189,-1.9079163,-5.6560726,-1.3665483,1.5508623
QualiSR-Set120/RealESRGAN/ava_images___101816.npy.gz,RealESRGAN,ava_images___101816.png,../../../mnt/ssd2/29o_rya/datasets/iqa/QualiSR-Set120/sr/RealESRGAN/ava_images___101816.png,QualiSR-Set120,ava_images___101816,RealESRGAN/ava_images___101816.png,../../../mnt/ssd2/29o_rya/datasets/iqa/QualiSR-Set120/hr/ava_images___101816.png,../../../mnt/ssd2/29o_rya/datasets/iqa/QualiSR-Set120/lr/ava_images___101816.png,train,-6.468025,1.6162586,-9.219551,-6.5337825,-17.715464,3.0083127,-7.067267,5.890536,-6.5871563,-5.518894,-17.822083,-2.905277,-5.4851995,7.034791,10.339248,5.914152,-6.685748,-1.0222911,-22.723652,-8.523103,-44.27842,-24.263563,-5.0939527,67.03664,3.8942087,12.195098,3.2235646,8.933471,-6.679415,-1.9142039,-4.027426,-4.4821978,-11.1259165,-9.393784,-14.199825,19.218786,14.861564,14.668297,1.619525,-3.33748,-2.102564,-3.9395537,8.069012,1.2716322,-1.0351179,-2.9679523,-0.15359606,2.1146603,-0.27064043,-0.019173741
QualiSR-Set120/SUPIR/ava_images___101816.npy.gz,SUPIR,ava_images___101816.png,../../../mnt/ssd2/29o_rya/datasets/iqa/QualiSR-Set120/sr/SUPIR/ava_images___101816.png,QualiSR-Set120,ava_images___101816,SUPIR/ava_images___101816.png,../../../mnt/ssd2/29o_rya/datasets/iqa/QualiSR-Set120/hr/ava_images___101816.png,../../../mnt/ssd2/29o_rya/datasets/iqa/QualiSR-Set120/lr/ava_images___101816.png,train,1.9270325,22.279287,-8.596027,-5.629096,-20.131649,15.528706,-6.128605,7.3017716,-7.652132,-2.6279588,-25.361954,-3.2938888,-5.118735,14.526893,15.682964,5.836452,-5.943106,-1.4919662,-26.50079,-11.181094,-60.45668,-37.08043,-4.9794197,108.343666,5.2249346,30.09209,14.459246,20.246204,-4.150053,2.2486935,4.5020823,-0.928332,9.361366,5.1165895,5.4188147,-12.141242,-4.8027773,-6.6682153,-0.44970405,-4.035966,2.7767985,-0.17296791,-1.3022904,-1.1126862,1.777892,-0.70185614,-1.2437818,-3.9466224,-3.0622303,-0.7485602
QualiSR-Set120/PASD/ava_images___158174.npy.gz,PASD,ava_images___158174.png,../../../mnt/ssd2/29o_rya/datasets/iqa/QualiSR-Set120/sr/PASD/ava_images___158174.png,QualiSR-Set120,ava_images___158174,PASD/ava_images___158174.png,../../../mnt/ssd2/29o_rya/datasets/iqa/QualiSR-Set120/hr/ava_images___158174.png,../../../mnt/ssd2/29o_rya/datasets/iqa/QualiSR-Set120/lr/ava_images___158174.png,train,-15.670737,-10.287118,-0.40806675,-68.750145,185.68427,34.357494,0.9902973,-6.39198,-12.677274,2.4433136,-11.749914,18.144999,14.54566,19.263203,-3.147712,-7.948972,-7.7926226,-7.4645977,2.3267155,-4.188742,-5.3701878,-4.317994,3.1749938,-0.039711952,3.8131204,0.7064476,0.7891326,-0.3091936,1.4812026,-1.4148247,2.086379,0.8521962,4.341829,1.0271561,-1.2327143,-2.2280216,2.74413,0.687083,2.2120998,7.7209873,4.4880714,-12.274994,4.5405807,6.843034,-41.37269,28.59679,14.604684,-8.56715,11.352705,5.0002217
QualiSR-Set120/RealESRGAN/ava_images___158174.npy.gz,RealESRGAN,ava_images___158174.png,../../../mnt/ssd2/29o_rya/datasets/iqa/QualiSR-Set120/sr/RealESRGAN/ava_images___158174.png,QualiSR-Set120,ava_images___158174,RealESRGAN/ava_images___158174.png,../../../mnt/ssd2/29o_rya/datasets/iqa/QualiSR-Set120/hr/ava_images___158174.png,../../../mnt/ssd2/29o_rya/datasets/iqa/QualiSR-Set120/lr/ava_images___158174.png,train,-11.088375,-8.235665,-0.40625572,-66.86438,188.3192,31.640896,1.5262747,-6.0616837,-10.638209,1.7779322,-10.016558,16.276144,15.926125,18.447124,-7.305369,-7.486276,-7.624451,-8.449197,4.0043077,-3.730878,-6.1900244,-2.6013246,4.242503,2.0376267,3.9687626,0.29882622,1.2725148,1.8650827,1.7275987,-0.65012264,3.4905481,-0.22392833,5.6382184,3.248736,-3.8399925,-3.8007665,4.700464,1.0945499,3.9224317,7.53474,6.173156,-19.665733,0.21442127,9.009533,-42.65758,29.543423,20.371754,-8.907206,14.555947,3.0225492
QualiSR-Set120/SUPIR/ava_images___158174.npy.gz,SUPIR,ava_images___158174.png,../../../mnt/ssd2/29o_rya/datasets/iqa/QualiSR-Set120/sr/SUPIR/ava_images___158174.png,QualiSR-Set120,ava_images___158174,SUPIR/ava_images___158174.png,../../../mnt/ssd2/29o_rya/datasets/iqa/QualiSR-Set120/hr/ava_images___158174.png,../../../mnt/ssd2/29o_rya/datasets/iqa/QualiSR-Set120/lr/ava_images___158174.png,train,-13.609152,-9.079884,-2.7355309,-68.39032,182.33533,35.3093,4.2237835,-4.9907227,-11.695234,1.6754999,-13.793835,18.084936,16.938295,18.710705,-6.969396,-6.1168075,-9.224041,-8.281398,2.9687538,-2.7466888,-7.493042,-3.9212532,3.9674222,-0.83270466,3.5302482,-0.31770992,1.8602967,-2.0828562,-0.093716145,-0.19056034,-0.056841373,0.534991,-1.1948175,0.44913578,-0.31424057,0.46695852,-0.8419282,-0.6004318,-1.1614761,-1.6846551,-1.7831746,4.5763626,1.9595985,-2.735799,10.146293,-5.95784,-1.828555,2.9362178,-3.3577504,0.093176514
QualiSR-Set120/PASD/ava_images___18037.npy.gz,PASD,ava_images___18037.png,../../../mnt/ssd2/29o_rya/datasets/iqa/QualiSR-Set120/sr/PASD/ava_images___18037.png,QualiSR-Set120,ava_images___18037,PASD/ava_images___18037.png,../../../mnt/ssd2/29o_rya/datasets/iqa/QualiSR-Set120/hr/ava_images___18037.png,../../../mnt/ssd2/29o_rya/datasets/iqa/QualiSR-Set120/lr/ava_images___18037.png,train,-9.670869,-13.088016,-9.648915,-6.6685014,-14.348804,-7.2849565,-8.279852,3.2019958,-9.070869,-10.01257,-9.516134,3.315319,-5.968201,-2.2999332,-2.7809324,6.6626806,-11.608144,-1.8858528,-13.4829,-1.6350801,-12.218416,-3.1215422,0.7226336,-4.470269,-0.17018986,-19.133385,-12.643414,-24.69616,-23.469524,-24.338013,11.512388,-0.06397158,-1.6396804,-0.17213738,-3.5235043,5.083191,5.989822,-38.283882,5.3137913,7.313138,1.1286159,-12.332987,10.778767,-7.8068075,-3.1535566,-8.147434,-1.6801224,2.563251,1.2367549,0.35650727
QualiSR-Set120/RealESRGAN/ava_images___18037.npy.gz,RealESRGAN,ava_images___18037.png,../../../mnt/ssd2/29o_rya/datasets/iqa/QualiSR-Set120/sr/RealESRGAN/ava_images___18037.png,QualiSR-Set120,ava_images___18037,RealESRGAN/ava_images___18037.png,../../../mnt/ssd2/29o_rya/datasets/iqa/QualiSR-Set120/hr/ava_images___18037.png,../../../mnt/ssd2/29o_rya/datasets/iqa/QualiSR-Set120/lr/ava_images___18037.png,train,-10.0530405,-12.624351,-9.418834,-6.0481606,-14.106571,-7.5490246,-8.534072,3.2046459,-9.710668,-9.681303,-9.393387,3.5307736,-6.044294,-1.4615462,-3.4430416,6.634963,-11.543772,-2.1592498,-12.68815,-1.4336946,-11.940468,-3.4776037,0.6872761,-4.7092657,1.2011383,-19.234589,-12.904959,-24.541119,-24.75782,-26.057415,13.160498,0.50936544,0.5928974,0.52412796,-3.0168467,3.8801918,5.861493,-37.214268,6.5176573,7.0252976,1.8139648,-14.681009,12.764351,-9.611512,-3.9673603,-9.478096,-1.3106456,3.0211382,1.4903556,0.43180186
QualiSR-Set120/SUPIR/ava_images___18037.npy.gz,SUPIR,ava_images___18037.png,../../../mnt/ssd2/29o_rya/datasets/iqa/QualiSR-Set120/sr/SUPIR/ava_images___18037.png,QualiSR-Set120,ava_images___18037,SUPIR/ava_images___18037.png,../../../mnt/ssd2/29o_rya/datasets/iqa/QualiSR-Set120/hr/ava_images___18037.png,../../../mnt/ssd2/29o_rya/datasets/iqa/QualiSR-Set120/lr/ava_images___18037.png,train,-9.363918,-12.731676,-9.630636,-6.214125,-13.999815,-7.359064,-8.292557,2.996846,-9.145857,-9.793943,-9.145075,3.245038,-5.815281,-2.1584566,-2.854554,6.368616,-10.9582405,-1.632276,-13.413422,-1.8458779,-11.643837,-3.007464,0.50888443,-4.1518927,0.5370487,-19.738815,-12.435421,-24.13386,-22.479366,-23.566006,11.454754,0.72616076,-1.259614,-0.57144475,-3.1560907,4.3329163,5.1960464,-36.05487,5.153675,6.846519,1.1679411,-12.113295,10.474808,-7.7950153,-3.1345356,-8.027166,-1.4543914,2.812479,1.116721,0.47051966
QualiSR-Set120/PASD/ava_images___217590.npy.gz,PASD,ava_images___217590.png,../../../mnt/ssd2/29o_rya/datasets/iqa/QualiSR-Set120/sr/PASD/ava_images___217590.png,QualiSR-Set120,ava_images___217590,PASD/ava_images___217590.png,../../../mnt/ssd2/29o_rya/datasets/iqa/QualiSR-Set120/hr/ava_images___217590.png,../../../mnt/ssd2/29o_rya/datasets/iqa/QualiSR-Set120/lr/ava_images___217590.png,test,-6.783145,-12.199328,-9.237045,-6.1011157,-13.427107,-6.411539,-5.7109327,2.492559,-9.862666,-9.089838,-7.376966,2.2003655,-4.8077536,-3.2758062,-2.6401608,5.1519766,-10.315327,-1.7247909,-12.882534,-1.7051749,-9.190538,-1.1576633,-0.50967574,-5.129187,3.1938765,-16.740059,-12.008842,-20.78026,-19.820625,-20.399471,9.818588,-0.29650992,3.0059276,2.1192255,-1.1741908,-1.1092434,0.2927716,-10.730015,1.9484355,2.8955605,-0.8715501,-1.6760998,3.418704,-3.1228936,-0.6301925,-0.38013506,0.8132865,0.6621406,-0.37847424,0.17289932
QualiSR-Set120/RealESRGAN/ava_images___217590.npy.gz,RealESRGAN,ava_images___217590.png,../../../mnt/ssd2/29o_rya/datasets/iqa/QualiSR-Set120/sr/RealESRGAN/ava_images___217590.png,QualiSR-Set120,ava_images___217590,RealESRGAN/ava_images___217590.png,../../../mnt/ssd2/29o_rya/datasets/iqa/QualiSR-Set120/hr/ava_images___217590.png,../../../mnt/ssd2/29o_rya/datasets/iqa/QualiSR-Set120/lr/ava_images___217590.png,test,-6.2322474,-11.750548,-9.383417,-6.5299177,-13.210168,-6.1003666,-5.4243293,2.8453972,-10.028356,-8.10694,-7.060427,1.6925329,-4.304978,-3.6926856,-2.9940224,5.7745075,-10.736951,-2.0154407,-12.890206,-1.780977,-9.467201,-0.9063485,-0.16714907,-5.450798,3.0025508,-17.385813,-12.5641,-20.170841,-20.853611,-21.479485,10.622744,-0.8999704,4.5725513,2.5623593,-0.97017187,-1.9021497,-0.21379903,-10.048239,2.5762527,3.5027752,-0.6316141,-2.598916,3.7717056,-3.3857186,-0.9143455,-0.850214,0.83964914,0.7743249,-0.56842625,0.53122663
QualiSR-Set120/SUPIR/ava_images___217590.npy.gz,SUPIR,ava_images___217590.png,../../../mnt/ssd2/29o_rya/datasets/iqa/QualiSR-Set120/sr/SUPIR/ava_images___217590.png,QualiSR-Set120,ava_images___217590,SUPIR/ava_images___217590.png,../../../mnt/ssd2/29o_rya/datasets/iqa/QualiSR-Set120/hr/ava_images___217590.png,../../../mnt/ssd2/29o_rya/datasets/iqa/QualiSR-Set120/lr/ava_images___217590.png,test,-7.076657,-11.94423,-9.099614,-6.294877,-13.492289,-6.0688076,-5.411049,2.5082655,-9.88076,-8.895431,-7.0397267,1.8198403,-4.5202208,-3.3603163,-2.9081557,4.7817273,-10.201613,-1.8163702,-12.746214,-1.572576,-9.184352,-1.5558947,-0.6693442,-5.343821,2.7470098,-16.646109,-11.815912,-20.456146,-20.125738,-20.310635,9.426767,-0.51879644,2.5191302,2.2605095,-0.878544,-1.287457,0.3385287,-11.3001,1.9483192,3.3790941,-1.0218167,-2.0844936,3.47653,-3.1180375,-0.59814,-0.94606876,0.778645,0.5354047,-0.3631965,0.39988393
QualiSR-Set120/PASD/ava_images___251530.npy.gz,PASD,ava_images___251530.png,../../../mnt/ssd2/29o_rya/datasets/iqa/QualiSR-Set120/sr/PASD/ava_images___251530.png,QualiSR-Set120,ava_images___251530,PASD/ava_images___251530.png,../../../mnt/ssd2/29o_rya/datasets/iqa/QualiSR-Set120/hr/ava_images___251530.png,../../../mnt/ssd2/29o_rya/datasets/iqa/QualiSR-Set120/lr/ava_images___251530.png,train,-7.4936275,-9.973846,-8.895104,-7.2811823,-14.046507,-7.9677067,-10.233785,1.9373841,-9.57861,-9.739146,-10.4481945,2.371543,-5.7413616,-3.603485,0.74209726,2.6168976,-11.295494,1.5194092,-14.91234,-0.6926316,-11.915825,-1.4387717,2.6890166,-5.2427287,-1.7063668,-8.207661,-8.154306,-15.358753,-5.515267,-7.334384,1.3524966,-0.65344906,-6.889892,-3.2443557,-3.6555247,7.2183285,0.78604984,-5.57971,-1.3248336,3.945211,-3.981906,14.859888,-16.585543,14.964798,11.333089,27.562546,5.2736664,-3.1963472,-2.7770228,-4.6735497
QualiSR-Set120/RealESRGAN/ava_images___251530.npy.gz,RealESRGAN,ava_images___251530.png,../../../mnt/ssd2/29o_rya/datasets/iqa/QualiSR-Set120/sr/RealESRGAN/ava_images___251530.png,QualiSR-Set120,ava_images___251530,RealESRGAN/ava_images___251530.png,../../../mnt/ssd2/29o_rya/datasets/iqa/QualiSR-Set120/hr/ava_images___251530.png,../../../mnt/ssd2/29o_rya/datasets/iqa/QualiSR-Set120/lr/ava_images___251530.png,train,-9.858949,-11.125954,-9.262703,-7.0307255,-13.001368,-9.323521,-9.431085,2.703079,-9.345465,-8.815931,-10.405657,2.662354,-5.4972806,-3.2315378,0.09191126,3.6315465,-9.796463,0.7124381,-14.309361,-1.4231627,-9.593564,-0.6744407,1.1831133,-4.5240507,-0.505651,-9.500145,-7.0935082,-13.814529,-6.990401,-7.9496264,1.0064425,-1.4580541,-5.451191,-2.6180763,-1.5676777,5.616503,0.9429685,-5.2890363,-1.0938171,2.5065627,-3.3071928,14.697922,-15.330193,13.6497345,10.454439,24.042477,4.413686,-3.2793727,-1.8540447,-3.6429293
QualiSR-Set120/SUPIR/ava_images___251530.npy.gz,SUPIR,ava_images___251530.png,../../../mnt/ssd2/29o_rya/datasets/iqa/QualiSR-Set120/sr/SUPIR/ava_images___251530.png,QualiSR-Set120,ava_images___251530,SUPIR/ava_images___251530.png,../../../mnt/ssd2/29o_rya/datasets/iqa/QualiSR-Set120/hr/ava_images___251530.png,../../../mnt/ssd2/29o_rya/datasets/iqa/QualiSR-Set120/lr/ava_images___251530.png,train,-8.956621,-11.470463,-9.403084,-6.8567557,-12.994771,-8.847317,-8.998034,2.2794638,-9.120388,-9.006141,-10.313163,3.206035,-5.157299,-2.811253,0.653889,3.4866192,-10.189656,1.038268,-14.458852,-1.2003398,-10.059217,-1.9476836,-0.061959267,-3.893507,-1.3135746,-8.546956,-6.744687,-13.606184,-6.293215,-6.3440905,0.36592042,-1.0717946,-7.9303465,-3.3091936,-2.8351011,6.2544904,1.6594071,-4.7373724,-1.4580543,3.0798447,-3.6169965,16.01236,-15.307736,13.992786,11.402129,24.279114,4.4004564,-3.0215087,-1.6404083,-3.2226179
QualiSR-Set120/PASD/ava_images___253900.npy.gz,PASD,ava_images___253900.png,../../../mnt/ssd2/29o_rya/datasets/iqa/QualiSR-Set120/sr/PASD/ava_images___253900.png,QualiSR-Set120,ava_images___253900,PASD/ava_images___253900.png,../../../mnt/ssd2/29o_rya/datasets/iqa/QualiSR-Set120/hr/ava_images___253900.png,../../../mnt/ssd2/29o_rya/datasets/iqa/QualiSR-Set120/lr/ava_images___253900.png,train,6.186137,-12.528848,-1.1554294,-2.749495,-11.097361,-9.350551,-14.598669,-3.8238325,-13.360064,-4.2411184,-10.784728,-0.629941,-2.4678116,-10.197578,-1.0489801,2.3404531,-15.483211,4.1847024,-21.002697,2.257201,-13.518209,10.031553,36.416386,-19.954811,25.107288,-33.680546,79.32463,27.783703,3.582601,1.4455976,-0.19881254,2.4344912,1.3818183,-1.4355358,1.5832337,-1.3205204,-1.6391081,-0.04313755,0.43941903,1.3265378,-0.022793293,-1.7885742,2.3300123,-3.3641198,0.43412948,-3.0295758,-0.7280659,1.7380669,2.255506,-0.5557188
QualiSR-Set120/RealESRGAN/ava_images___253900.npy.gz,RealESRGAN,ava_images___253900.png,../../../mnt/ssd2/29o_rya/datasets/iqa/QualiSR-Set120/sr/RealESRGAN/ava_images___253900.png,QualiSR-Set120,ava_images___253900,RealESRGAN/ava_images___253900.png,../../../mnt/ssd2/29o_rya/datasets/iqa/QualiSR-Set120/hr/ava_images___253900.png,../../../mnt/ssd2/29o_rya/datasets/iqa/QualiSR-Set120/lr/ava_images___253900.png,train,3.2773104,-12.153481,-3.8301601,-3.7797167,-10.9865055,-10.549429,-13.207039,-3.8970938,-13.242071,-4.955905,-13.845621,-1.6757329,-1.3710036,-9.715,-1.9176838,5.938553,-14.287437,4.352961,-17.507614,2.7709625,-14.248197,12.079327,36.245358,-19.617123,25.786018,-29.791542,80.29777,26.460068,3.3869185,2.3067298,4.255367,-1.1388037,4.483269,0.7361455,0.27335304,-1.3257093,2.1789014,-0.69843245,0.8972695,-2.1896656,0.65984464,-3.0595431,3.350977,-2.2406933,-2.353041,-2.850566,-0.20133398,2.214157,-0.73787344,0.35593104
QualiSR-Set120/SUPIR/ava_images___253900.npy.gz,SUPIR,ava_images___253900.png,../../../mnt/ssd2/29o_rya/datasets/iqa/QualiSR-Set120/sr/SUPIR/ava_images___253900.png,QualiSR-Set120,ava_images___253900,SUPIR/ava_images___253900.png,../../../mnt/ssd2/29o_rya/datasets/iqa/QualiSR-Set120/hr/ava_images___253900.png,../../../mnt/ssd2/29o_rya/datasets/iqa/QualiSR-Set120/lr/ava_images___253900.png,train,2.795868,-13.095144,-5.3263407,-3.6239896,-12.117674,-9.216754,-13.814499,-2.7089624,-13.120621,-5.5351076,-13.159637,-1.0570896,-2.3037403,-9.846333,-1.2552991,3.786561,-14.447744,3.351445,-21.275444,2.344515,-13.960588,10.275557,32.252792,-18.70749,22.491726,-28.339676,70.93366,20.961529,1.8456607,1.0746384,-0.05006337,0.9697007,-0.2526636,-0.6397704,0.43606126,1.3639936,0.23798367,0.033352375,1.168437,0.6025033,-1.6309062,-0.78475857,0.9788985,0.1541729,-1.4232137,-0.29590702,0.53985053,-0.026882887,-0.8218367,-0.11020532
QualiSR-Set120/PASD/ava_images___273810.npy.gz,PASD,ava_images___273810.png,../../../mnt/ssd2/29o_rya/datasets/iqa/QualiSR-Set120/sr/PASD/ava_images___273810.png,QualiSR-Set120,ava_images___273810,PASD/ava_images___273810.png,../../../mnt/ssd2/29o_rya/datasets/iqa/QualiSR-Set120/hr/ava_images___273810.png,../../../mnt/ssd2/29o_rya/datasets/iqa/QualiSR-Set120/lr/ava_images___273810.png,train,-28.120094,0.066791534,22.012444,-18.395838,18.690292,-6.962654,42.139114,25.586403,103.33287,-28.62347,6.678074,-126.98274,-22.483347,-12.427581,5.6062956,6.794504,-13.33391,-6.215832,2.8303633,0.45352626,0.047671795,0.14644384,4.6422625,-1.8779213,2.5365193,4.740325,0.15996361,4.0282745,-0.7835307,-1.3665128,0.5038521,-0.31548697,2.048369,-0.35639143,-1.0813674,0.38918042,0.008784832,1.4589744,-1.3128228,-2.6045754,-2.1229634,0.36329842,6.683833,-0.54623914,3.3002343,4.4743137,0.72765774,2.59421,-1.8426931,-18.715456
QualiSR-Set120/RealESRGAN/ava_images___273810.npy.gz,RealESRGAN,ava_images___273810.png,../../../mnt/ssd2/29o_rya/datasets/iqa/QualiSR-Set120/sr/RealESRGAN/ava_images___273810.png,QualiSR-Set120,ava_images___273810,RealESRGAN/ava_images___273810.png,../../../mnt/ssd2/29o_rya/datasets/iqa/QualiSR-Set120/hr/ava_images___273810.png,../../../mnt/ssd2/29o_rya/datasets/iqa/QualiSR-Set120/lr/ava_images___273810.png,train,-26.024513,-1.1260366,23.127426,-17.002178,19.266783,-8.324151,36.99633,27.325085,92.31285,-26.828375,5.89921,-117.110664,-21.721157,-9.253211,4.155226,6.5642004,-12.821264,-7.444286,4.7398424,0.7842889,2.0138817,1.2690804,6.7714214,1.0369805,4.571422,2.1245413,-1.4800086,2.7380714,1.3987842,-0.37115955,3.328906,0.63744545,8.914976,4.1494093,-0.2779348,-1.6397338,6.186768,-1.406957,0.63277364,0.40967712,3.783347,-6.212355,9.336392,2.204196,-0.10823655,4.9087133,9.710212,-3.8063087,-6.788664,-46.758293
QualiSR-Set120/SUPIR/ava_images___273810.npy.gz,SUPIR,ava_images___273810.png,../../../mnt/ssd2/29o_rya/datasets/iqa/QualiSR-Set120/sr/SUPIR/ava_images___273810.png,QualiSR-Set120,ava_images___273810,SUPIR/ava_images___273810.png,../../../mnt/ssd2/29o_rya/datasets/iqa/QualiSR-Set120/hr/ava_images___273810.png,../../../mnt/ssd2/29o_rya/datasets/iqa/QualiSR-Set120/lr/ava_images___273810.png,train,-28.928356,0.67074203,21.918068,-16.236023,17.46206,-9.231968,43.94149,29.344612,102.11925,-29.160849,4.680147,-122.00016,-23.076551,-9.120405,4.605663,6.185505,-12.842682,-7.570711,3.48425,2.7061098,1.5140457,1.9729617,6.58358,-0.48730433,3.7782066,3.8474064,-0.14203215,1.8152761,-0.7706003,0.20941925,-0.6382337,0.19324803,0.97981024,-0.01743102,0.09391385,-2.124485,-0.8611955,1.0581203,-0.29801333,-0.3831257,-0.41199565,-2.07344,2.4577198,-1.2155473,0.33986926,0.24930859,3.1563444,-2.3663173,-1.865511,-16.189384
QualiSR-Set120/PASD/ava_images___295451.npy.gz,PASD,ava_images___295451.png,../../../mnt/ssd2/29o_rya/datasets/iqa/QualiSR-Set120/sr/PASD/ava_images___295451.png,QualiSR-Set120,ava_images___295451,PASD/ava_images___295451.png,../../../mnt/ssd2/29o_rya/datasets/iqa/QualiSR-Set120/hr/ava_images___295451.png,../../../mnt/ssd2/29o_rya/datasets/iqa/QualiSR-Set120/lr/ava_images___295451.png,train,-14.939744,-9.53879,-1.508254,-5.496055,-5.408718,-5.5093756,-1.2516274,8.153236,5.1471167,-7.508713,-8.1559105,8.202532,0.7554121,-5.2355294,9.66549,0.7509618,-8.092043,-0.20721728,-21.231468,-14.607709,-7.830265,-24.173103,-83.99098,-43.973003,-26.726385,28.66927,26.291594,10.42954,3.5460954,2.6235766,3.0133553,0.37012303,3.3606448,0.03140378,-2.0614672,-0.7633753,0.07819694,1.7038906,1.0745099,2.8629148,1.7852473,-4.8165536,5.4124956,-4.0380163,-1.9804738,-0.7958746,2.439604,1.1713405,0.85999465,-1.2276917
QualiSR-Set120/RealESRGAN/ava_images___295451.npy.gz,RealESRGAN,ava_images___295451.png,../../../mnt/ssd2/29o_rya/datasets/iqa/QualiSR-Set120/sr/RealESRGAN/ava_images___295451.png,QualiSR-Set120,ava_images___295451,RealESRGAN/ava_images___295451.png,../../../mnt/ssd2/29o_rya/datasets/iqa/QualiSR-Set120/hr/ava_images___295451.png,../../../mnt/ssd2/29o_rya/datasets/iqa/QualiSR-Set120/lr/ava_images___295451.png,train,-14.669901,-9.658337,-2.7845354,-7.2877407,-4.5887623,-7.364879,-1.8157873,6.928742,2.3814468,-6.824339,-8.701613,6.057207,0.5001087,-9.131849,5.7179446,3.187113,-10.307444,-1.9749074,-20.784203,-12.73125,-8.215152,-20.593842,-73.117805,-37.593067,-20.94364,24.1633,23.303331,8.269095,3.9630656,-1.778543,4.476835,-2.5787673,6.9297976,2.4414926,-1.4001693,-2.746605,3.257588,1.9553738,-0.17627072,0.34214506,5.1328297,-4.537906,1.0923448,0.9562465,0.12467551,-2.5648508,-1.3854702,0.16747403,0.712541,-2.3317301
QualiSR-Set120/SUPIR/ava_images___295451.npy.gz,SUPIR,ava_images___295451.png,../../../mnt/ssd2/29o_rya/datasets/iqa/QualiSR-Set120/sr/SUPIR/ava_images___295451.png,QualiSR-Set120,ava_images___295451,SUPIR/ava_images___295451.png,../../../mnt/ssd2/29o_rya/datasets/iqa/QualiSR-Set120/hr/ava_images___295451.png,../../../mnt/ssd2/29o_rya/datasets/iqa/QualiSR-Set120/lr/ava_images___295451.png,train,-14.637022,-9.431958,-2.339971,-6.809115,-5.2748747,-6.450559,-2.001206,9.60046,3.813756,-8.255592,-10.134757,8.530201,-0.3433094,-6.651678,9.597129,2.9269335,-9.493044,-1.1073453,-21.742533,-12.487063,-8.630026,-23.552265,-79.97642,-41.338966,-24.773396,24.952976,23.759134,7.3896494,1.3709235,1.6897621,2.575419,-0.7222049,1.6738582,-0.15213442,-0.16074628,-0.36021018,0.014600212,0.2025733,0.6571982,0.5143179,0.37544584,-1.0683436,1.0898104,-1.0253634,-0.39622498,-1.8072639,1.0881685,0.69321585,-0.22781074,0.8132303
QualiSR-Set120/PASD/ava_images___308473.npy.gz,PASD,ava_images___308473.png,../../../mnt/ssd2/29o_rya/datasets/iqa/QualiSR-Set120/sr/PASD/ava_images___308473.png,QualiSR-Set120,ava_images___308473,PASD/ava_images___308473.png,../../../mnt/ssd2/29o_rya/datasets/iqa/QualiSR-Set120/hr/ava_images___308473.png,../../../mnt/ssd2/29o_rya/datasets/iqa/QualiSR-Set120/lr/ava_images___308473.png,train,0.16978359,-11.341044,-8.828471,-9.57093,-11.667154,-10.246815,-17.07924,-8.001637,-10.024052,-8.166541,-12.698307,4.204872,-0.44595432,-13.283203,-1.878439,-8.7775955,-5.7677717,6.1684184,-14.415458,1.8562815,-3.2597334,28.62604,-3.832763,-19.418983,81.96567,50.389023,-22.162237,5.275963,7.6820197,3.852871,-0.8653877,1.4402052,0.38894272,-0.23954296,0.2751695,-2.5868855,-0.04630638,-0.015634656,-0.32048225,0.55792165,0.8736887,-2.8099065,1.0306706,-1.1170037,0.8792566,-0.48538494,-0.5648562,-0.7695417,-0.4266708,-0.1848692
QualiSR-Set120/RealESRGAN/ava_images___308473.npy.gz,RealESRGAN,ava_images___308473.png,../../../mnt/ssd2/29o_rya/datasets/iqa/QualiSR-Set120/sr/RealESRGAN/ava_images___308473.png,QualiSR-Set120,ava_images___308473,RealESRGAN/ava_images___308473.png,../../../mnt/ssd2/29o_rya/datasets/iqa/QualiSR-Set120/hr/ava_images___308473.png,../../../mnt/ssd2/29o_rya/datasets/iqa/QualiSR-Set120/lr/ava_images___308473.png,train,-2.3367033,-11.382165,-8.115708,-8.703765,-11.250333,-10.960384,-15.166758,-6.0648336,-10.741983,-8.572459,-12.5719795,4.1282806,-1.3316505,-12.51322,-2.5591307,-6.559381,-3.9786184,3.6959605,-13.6838,2.1921468,-2.3834977,26.80912,-3.0888813,-17.071812,74.77349,42.46595,-20.562523,3.308385,4.8233895,2.9458547,1.3188009,1.2727259,1.6782498,-0.08398342,-1.348712,-1.6953082,1.8570638,-1.3053923,0.22750497,-0.9159717,1.2498176,-1.8532462,2.5654755,-2.4774435,0.0066485405,-0.57342243,0.54814184,-3.1120687,0.8846618,1.5888436
QualiSR-Set120/SUPIR/ava_images___308473.npy.gz,SUPIR,ava_images___308473.png,../../../mnt/ssd2/29o_rya/datasets/iqa/QualiSR-Set120/sr/SUPIR/ava_images___308473.png,QualiSR-Set120,ava_images___308473,SUPIR/ava_images___308473.png,../../../mnt/ssd2/29o_rya/datasets/iqa/QualiSR-Set120/hr/ava_images___308473.png,../../../mnt/ssd2/29o_rya/datasets/iqa/QualiSR-Set120/lr/ava_images___308473.png,train,-0.20276642,-11.964588,-7.477146,-10.645714,-11.387588,-11.93465,-15.279219,-9.341684,-11.242349,-8.538518,-12.4923,4.4197817,-0.7305765,-13.837174,-2.4739892,-9.433744,-5.3303533,5.906014,-15.232483,0.5616007,-1.2038794,29.95793,-3.413055,-19.829079,86.32498,53.521862,-23.658636,5.7123365,7.57523,5.733654,-0.10935664,1.8339125,-0.3831544,2.1952024,-0.19809064,-1.6397042,1.6477997,-1.0821152,0.46742368,0.561955,0.90855694,-2.298821,2.2684574,-1.784086,-0.3218243,-1.1361394,0.8519311,-2.6952627,-1.5308087,0.26084083
QualiSR-Set120/PASD/ava_images___321917.npy.gz,PASD,ava_images___321917.png,../../../mnt/ssd2/29o_rya/datasets/iqa/QualiSR-Set120/sr/PASD/ava_images___321917.png,QualiSR-Set120,ava_images___321917,PASD/ava_images___321917.png,../../../mnt/ssd2/29o_rya/datasets/iqa/QualiSR-Set120/hr/ava_images___321917.png,../../../mnt/ssd2/29o_rya/datasets/iqa/QualiSR-Set120/lr/ava_images___321917.png,train,4.9879904,-14.394211,-10.232374,-4.2053533,-13.299999,-7.434337,-10.576149,1.4364228,-20.702736,-10.035144,-15.886784,0.24453211,-2.95267,-1.8536745,-14.002313,10.079668,-20.519438,-6.4435387,-15.127401,32.426777,-33.83204,1.372467,68.55602,-33.037243,-60.888115,54.954296,-10.847332,7.782401,9.049778,6.743869,3.3233094,0.7919339,0.5239234,-1.3893353,1.4959713,-2.4123468,-0.39688852,-1.1174225,1.2240553,-0.1771842,0.7963078,-4.183147,3.4248724,1.1109432,-0.78913474,-1.357985,-0.7591689,1.876965,0.5690899,-0.56900346
QualiSR-Set120/RealESRGAN/ava_images___321917.npy.gz,RealESRGAN,ava_images___321917.png,../../../mnt/ssd2/29o_rya/datasets/iqa/QualiSR-Set120/sr/RealESRGAN/ava_images___321917.png,QualiSR-Set120,ava_images___321917,RealESRGAN/ava_images___321917.png,../../../mnt/ssd2/29o_rya/datasets/iqa/QualiSR-Set120/hr/ava_images___321917.png,../../../mnt/ssd2/29o_rya/datasets/iqa/QualiSR-Set120/lr/ava_images___321917.png,train,1.0564384,-13.849951,-11.365779,-3.8545063,-11.263138,-7.332821,-12.121742,0.8678565,-18.250988,-9.715534,-14.467918,0.01318121,-3.2047648,-2.0063386,-11.333048,8.848388,-16.92075,-3.60465,-12.163797,27.736412,-30.258839,1.884033,58.53483,-29.550358,-53.376022,46.246758,-13.770775,5.0656233,7.5904346,6.866744,0.8537061,-0.15937442,0.25490475,0.1043303,-1.4729705,-1.3607264,1.7721478,1.289268,1.0014153,-1.1853365,2.083677,-2.17739,1.7105064,0.72066927,-1.1784742,0.11546278,1.7949817,-0.14183617,-0.9610157,1.2484678
QualiSR-Set120/SUPIR/ava_images___321917.npy.gz,SUPIR,ava_images___321917.png,../../../mnt/ssd2/29o_rya/datasets/iqa/QualiSR-Set120/sr/SUPIR/ava_images___321917.png,QualiSR-Set120,ava_images___321917,SUPIR/ava_images___321917.png,../../../mnt/ssd2/29o_rya/datasets/iqa/QualiSR-Set120/hr/ava_images___321917.png,../../../mnt/ssd2/29o_rya/datasets/iqa/QualiSR-Set120/lr/ava_images___321917.png,train,-0.48138714,-14.476902,-11.946112,-4.4428806,-12.585019,-8.005687,-10.629814,-0.71875453,-18.5774,-11.033483,-15.336889,1.7362256,-4.194375,-1.3286709,-11.8317375,9.191284,-17.196922,-5.4672785,-13.23036,28.56842,-30.848034,2.6321068,56.923714,-28.23678,-51.60468,43.497894,-11.230103,5.5946665,6.700358,6.285243,1.9149292,0.31385577,1.6430001,-0.20356858,0.93061805,-1.074934,0.31769696,0.9439888,0.54924536,-0.62692165,1.4086864,-3.0662494,2.817421,0.19252586,0.22304893,-1.2173934,-0.051485464,1.24403,-0.2010271,0.10867444
QualiSR-Set120/PASD/ava_images___360165.npy.gz,PASD,ava_images___360165.png,../../../mnt/ssd2/29o_rya/datasets/iqa/QualiSR-Set120/sr/PASD/ava_images___360165.png,QualiSR-Set120,ava_images___360165,PASD/ava_images___360165.png,../../../mnt/ssd2/29o_rya/datasets/iqa/QualiSR-Set120/hr/ava_images___360165.png,../../../mnt/ssd2/29o_rya/datasets/iqa/QualiSR-Set120/lr/ava_images___360165.png,train,2.0772772,-44.53608,239.8105,75.095634,17.031637,20.513615,-31.173958,-12.056057,-16.623154,8.631697,1.4369087,3.6806145,-3.2537036,-4.656128,-5.0172467,-2.8328137,-0.78854084,2.3996603,6.4323874,-0.43207538,-3.0161786,-3.0110507,1.9169424,5.3096886,-3.7235456,8.483441,-7.2640066,22.574997,73.15415,-108.16438,-17.006279,-7.701849,-7.962962,-2.3226676,-0.80739367,-2.0900273,-2.999611,-0.59644854,-2.9947324,-3.2902043,-2.4126658,4.3864245,-7.039845,-1.8680961,5.845217,-4.4760065,-16.138317,-13.213769,45.766792,-7.7724085
QualiSR-Set120/RealESRGAN/ava_images___360165.npy.gz,RealESRGAN,ava_images___360165.png,../../../mnt/ssd2/29o_rya/datasets/iqa/QualiSR-Set120/sr/RealESRGAN/ava_images___360165.png,QualiSR-Set120,ava_images___360165,RealESRGAN/ava_images___360165.png,../../../mnt/ssd2/29o_rya/datasets/iqa/QualiSR-Set120/hr/ava_images___360165.png,../../../mnt/ssd2/29o_rya/datasets/iqa/QualiSR-Set120/lr/ava_images___360165.png,train,-7.278306,-40.82197,186.96257,57.477192,9.017162,12.544043,-25.196445,-4.5180087,-14.828901,7.8064747,0.9333401,5.4042997,-4.2192316,-0.47664094,-3.5641408,-7.4351754,-0.8015852,-2.9629045,2.319831,-1.809671,0.110770226,0.5703058,3.6849,4.431107,1.516562,-2.2880812,0.6178317,-1.4728546,-7.0699134,5.9073706,1.0371704,1.4287409,10.362572,1.5267184,1.5317925,3.1602201,23.881609,2.0798068,0.62312484,16.19171,96.598595,23.04866,9.070981,6.312441,2.0803835,1.1431706,9.101872,13.613654,-31.455807,8.878983
QualiSR-Set120/SUPIR/ava_images___360165.npy.gz,SUPIR,ava_images___360165.png,../../../mnt/ssd2/29o_rya/datasets/iqa/QualiSR-Set120/sr/SUPIR/ava_images___360165.png,QualiSR-Set120,ava_images___360165,SUPIR/ava_images___360165.png,../../../mnt/ssd2/29o_rya/datasets/iqa/QualiSR-Set120/hr/ava_images___360165.png,../../../mnt/ssd2/29o_rya/datasets/iqa/QualiSR-Set120/lr/ava_images___360165.png,train,-3.774763,-43.279976,201.48306,60.792587,11.01125,17.226183,-24.749676,-6.2356634,-11.930135,6.768901,1.7325764,4.481002,-1.2592301,-2.0188417,-1.7239306,-3.5959768,-0.10076618,1.3474908,1.1440372,-1.2261072,0.08826637,-0.5114976,-0.34372187,4.108939,-1.9782219,4.5392876,1.4899135,5.8116083,18.661707,-22.10886,-1.8708317,-2.9189649,-1.1750135,5.104225,-0.61841434,-1.3819418,-8.272204,-4.0942297,0.11449075,-8.724874,-59.25167,-15.952721,6.4265633,-1.9674103,-9.867756,9.268442,24.696564,16.46914,-69.52195,12.5865755
QualiSR-Set120/PASD/ava_images___426629.npy.gz,PASD,ava_images___426629.png,../../../mnt/ssd2/29o_rya/datasets/iqa/QualiSR-Set120/sr/PASD/ava_images___426629.png,QualiSR-Set120,ava_images___426629,PASD/ava_images___426629.png,../../../mnt/ssd2/29o_rya/datasets/iqa/QualiSR-Set120/hr/ava_images___426629.png,../../../mnt/ssd2/29o_rya/datasets/iqa/QualiSR-Set120/lr/ava_images___426629.png,test,-10.217116,-7.5003,-6.7966723,-6.9550285,-12.28708,-4.760169,-5.3862514,2.9625165,-9.520767,-6.501653,-4.6003776,0.2512498,-3.1193066,-4.6726437,-1.6968699,6.2087064,-10.262149,2.034064,-11.052044,-1.0270262,-8.527976,-2.6826663,2.8972485,-6.4904647,-0.8950143,-12.191854,-6.9286833,-14.954175,-9.497644,-8.959278,2.7992854,0.534372,-1.0274525,1.5470657,-1.045172,2.5132036,2.449761,-12.193424,-0.02990222,5.2074795,-1.0394387,-1.9265218,-0.7066698,-0.10622907,1.6631105,0.37858152,0.5953207,0.46296585,0.28619665,-1.3289583
QualiSR-Set120/RealESRGAN/ava_images___426629.npy.gz,RealESRGAN,ava_images___426629.png,../../../mnt/ssd2/29o_rya/datasets/iqa/QualiSR-Set120/sr/RealESRGAN/ava_images___426629.png,QualiSR-Set120,ava_images___426629,RealESRGAN/ava_images___426629.png,../../../mnt/ssd2/29o_rya/datasets/iqa/QualiSR-Set120/hr/ava_images___426629.png,../../../mnt/ssd2/29o_rya/datasets/iqa/QualiSR-Set120/lr/ava_images___426629.png,test,-9.741517,-3.9881678,-6.2477694,-7.0040703,-11.397766,-4.4188247,-4.8177834,2.5731459,-8.945688,-6.294406,-3.0343523,-0.94082975,-2.6147935,-5.2758203,-2.670379,6.3308277,-10.114718,2.4798362,-10.462079,-0.8478772,-7.46007,-3.0533361,3.2545688,-7.239421,-0.8631668,-12.664043,-6.713855,-15.512066,-8.574848,-9.014444,2.099826,0.7444209,-0.48681974,2.2215104,0.089164674,2.322908,3.3476124,-12.656393,-0.83328784,6.56072,-1.07673,-1.8855577,-0.59268045,-0.6283996,2.23435,-0.20211697,-0.6185665,1.4560902,0.6684646,-1.007708
QualiSR-Set120/SUPIR/ava_images___426629.npy.gz,SUPIR,ava_images___426629.png,../../../mnt/ssd2/29o_rya/datasets/iqa/QualiSR-Set120/sr/SUPIR/ava_images___426629.png,QualiSR-Set120,ava_images___426629,SUPIR/ava_images___426629.png,../../../mnt/ssd2/29o_rya/datasets/iqa/QualiSR-Set120/hr/ava_images___426629.png,../../../mnt/ssd2/29o_rya/datasets/iqa/QualiSR-Set120/lr/ava_images___426629.png,test,-9.405308,-5.87651,-6.742726,-6.900319,-11.174118,-5.0879593,-5.123153,3.162643,-10.373243,-5.3725758,-5.2954426,0.022971153,-3.4978347,-5.091653,-2.2889867,6.577197,-10.018535,2.0842993,-10.2138195,-1.0064343,-8.1071005,-2.8354614,2.1945117,-6.300223,-0.456033,-12.31807,-7.1907535,-15.501259,-8.702755,-9.043194,0.96705675,0.6362815,-1.6262836,2.0906034,-0.8715695,2.5074372,2.8879428,-11.212105,-0.97516453,5.867486,-1.6063213,-0.6450844,-0.49068642,-0.13037229,2.0897176,0.15447092,-0.7872654,0.03837776,0.4111702,-0.928316
QualiSR-Set120/PASD/ava_images___436880.npy.gz,PASD,ava_images___436880.png,../../../mnt/ssd2/29o_rya/datasets/iqa/QualiSR-Set120/sr/PASD/ava_images___436880.png,QualiSR-Set120,ava_images___436880,PASD/ava_images___436880.png,../../../mnt/ssd2/29o_rya/datasets/iqa/QualiSR-Set120/hr/ava_images___436880.png,../../../mnt/ssd2/29o_rya/datasets/iqa/QualiSR-Set120/lr/ava_images___436880.png,train,-2.5045214,6.3535843,-8.755362,-16.97775,-10.523618,-5.2459707,-23.897587,0.114216685,2.4042406,-7.150206,17.249237,6.629799,17.015612,-61.506126,10.5868,-88.579956,-52.77886,60.222218,69.60152,6.5497723,0.7553215,-26.51727,3.4640296,6.604753,-6.6238875,-2.1402197,3.061543,4.1706467,3.082459,3.4778204,6.2401657,0.062765,6.8872333,-3.8784494,2.8299017,0.5786936,-0.5598103,7.9836717,4.5955048,-2.9644291,0.03265524,-9.751999,27.558018,-27.828135,28.018488,36.032814,-4.6007376,-4.082191,-4.6814795,7.696821
QualiSR-Set120/RealESRGAN/ava_images___436880.npy.gz,RealESRGAN,ava_images___436880.png,../../../mnt/ssd2/29o_rya/datasets/iqa/QualiSR-Set120/sr/RealESRGAN/ava_images___436880.png,QualiSR-Set120,ava_images___436880,RealESRGAN/ava_images___436880.png,../../../mnt/ssd2/29o_rya/datasets/iqa/QualiSR-Set120/hr/ava_images___436880.png,../../../mnt/ssd2/29o_rya/datasets/iqa/QualiSR-Set120/lr/ava_images___436880.png,train,-0.7620516,5.3341045,-9.435734,-15.698196,-6.9968596,-8.69389,-24.539738,-3.3377867,0.10739374,-7.312266,14.818056,4.935727,12.357597,-52.70808,8.319564,-74.69081,-42.11939,53.27788,58.491608,5.5745077,0.39024496,-16.012424,2.9499037,7.9366126,-0.48483348,1.1232443,-1.8332286,6.089135,2.9654822,2.9014568,5.602181,-4.689366,9.725676,-5.412223,-1.8677703,-4.669942,2.9742382,-0.7026845,2.5319302,-0.83260983,6.5968857,-14.847359,10.624968,-24.97786,13.614968,20.439495,-10.833274,-9.530736,9.999591,2.962156
QualiSR-Set120/SUPIR/ava_images___436880.npy.gz,SUPIR,ava_images___436880.png,../../../mnt/ssd2/29o_rya/datasets/iqa/QualiSR-Set120/sr/SUPIR/ava_images___436880.png,QualiSR-Set120,ava_images___436880,SUPIR/ava_images___436880.png,../../../mnt/ssd2/29o_rya/datasets/iqa/QualiSR-Set120/hr/ava_images___436880.png,../../../mnt/ssd2/29o_rya/datasets/iqa/QualiSR-Set120/lr/ava_images___436880.png,train,-4.826989,2.6610842,-9.802782,-18.712942,-11.610247,-8.805945,-22.024298,-1.4887638,0.9847164,-8.558583,14.298414,4.8496547,14.352251,-57.198498,8.636876,-80.69624,-48.85683,56.007027,61.215744,5.9068947,0.7809019,-20.636353,3.235041,6.1981497,-5.304284,-0.6593828,-0.42805815,0.19242477,0.94288254,-0.09823036,4.589692,-0.30389857,0.3510208,2.0741115,-0.8890484,-0.15025091,0.5811072,1.3302221,1.8378499,-0.53471804,-0.9002365,-1.0228004,7.6250467,-6.610837,7.3072042,8.80129,-1.3949021,-0.98398167,-2.9043584,0.70268786
QualiSR-Set120/PASD/ava_images___46021.npy.gz,PASD,ava_images___46021.png,../../../mnt/ssd2/29o_rya/datasets/iqa/QualiSR-Set120/sr/PASD/ava_images___46021.png,QualiSR-Set120,ava_images___46021,PASD/ava_images___46021.png,../../../mnt/ssd2/29o_rya/datasets/iqa/QualiSR-Set120/hr/ava_images___46021.png,../../../mnt/ssd2/29o_rya/datasets/iqa/QualiSR-Set120/lr/ava_images___46021.png,train,-9.210667,-11.736989,-7.3207574,4.8603444,-5.330574,-11.140395,-4.9464417,6.3151646,-10.153137,-3.0740938,-10.416771,0.029201508,-3.085878,-1.9992217,-8.1594925,6.597103,-6.0202165,-10.922129,-5.0032916,5.9378624,-11.833197,-0.0017335415,-13.017039,-9.461587,-1.8167357,-46.089073,-48.017284,67.99575,2.932736,11.50406,-0.05640006,0.7269913,3.458672,2.4973955,0.851997,-1.6842628,-0.50610924,0.82719994,0.83580995,-0.07986746,-0.5361904,-2.0069075,1.7133007,0.5775871,-0.45635343,-0.08983946,1.1695209,0.28112805,-0.49822617,0.48435754
QualiSR-Set120/RealESRGAN/ava_images___46021.npy.gz,RealESRGAN,ava_images___46021.png,../../../mnt/ssd2/29o_rya/datasets/iqa/QualiSR-Set120/sr/RealESRGAN/ava_images___46021.png,QualiSR-Set120,ava_images___46021,RealESRGAN/ava_images___46021.png,../../../mnt/ssd2/29o_rya/datasets/iqa/QualiSR-Set120/hr/ava_images___46021.png,../../../mnt/ssd2/29o_rya/datasets/iqa/QualiSR-Set120/lr/ava_images___46021.png,train,-9.031535,-11.364794,-7.5784087,6.6243014,-5.75795,-10.8220415,-3.9620266,6.5910263,-9.73135,-2.956092,-9.532714,-0.048920393,-2.9291723,-2.051445,-7.9396887,5.627607,-6.26353,-10.486626,-3.582768,4.562278,-11.522565,-0.3243338,-13.4467535,-9.428723,-1.8070462,-47.19581,-48.8715,69.93284,4.1205297,12.195161,2.0676284,0.023937106,3.8655896,1.6339281,-0.6016299,-2.2317448,0.74261934,0.6042621,1.3813398,0.20819533,0.20057297,-4.1064343,2.181345,0.6464362,0.03463745,0.6205015,0.2575038,-0.39668065,-0.5650456,-0.03894493
QualiSR-Set120/SUPIR/ava_images___46021.npy.gz,SUPIR,ava_images___46021.png,../../../mnt/ssd2/29o_rya/datasets/iqa/QualiSR-Set120/sr/SUPIR/ava_images___46021.png,QualiSR-Set120,ava_images___46021,SUPIR/ava_images___46021.png,../../../mnt/ssd2/29o_rya/datasets/iqa/QualiSR-Set120/hr/ava_images___46021.png,../../../mnt/ssd2/29o_rya/datasets/iqa/QualiSR-Set120/lr/ava_images___46021.png,train,-9.651464,-12.352843,-7.641818,4.7685256,-5.8483424,-10.575373,-4.978263,5.981141,-11.429548,-4.4930477,-9.749925,0.33885288,-3.3967614,-2.3535233,-7.869337,6.59317,-6.0828266,-8.880374,-5.1699862,6.1461515,-11.266203,0.6965854,-12.518573,-8.530184,-2.3083615,-43.651196,-44.827003,61.22397,2.406283,10.823617,0.20602071,0.028918862,2.5883822,2.1915035,1.1028907,-0.83182335,-1.5648025,0.41582847,-0.5978626,-0.5844508,-0.6561509,-0.18553543,1.1932511,0.30015683,-0.6010437,-0.5370517,0.054665193,0.5058367,0.1720832,0.62576246
QualiSR-Set120/PASD/ava_images___472713.npy.gz,PASD,ava_images___472713.png,../../../mnt/ssd2/29o_rya/datasets/iqa/QualiSR-Set120/sr/PASD/ava_images___472713.png,QualiSR-Set120,ava_images___472713,PASD/ava_images___472713.png,../../../mnt/ssd2/29o_rya/datasets/iqa/QualiSR-Set120/hr/ava_images___472713.png,../../../mnt/ssd2/29o_rya/datasets/iqa/QualiSR-Set120/lr/ava_images___472713.png,test,-3.6466722,0.37244892,4.8889084,11.794603,2.3695593,4.6134477,9.096532,5.371442,8.815405,0.535697,15.928375,-1.8188884,5.7282505,-5.9481783,4.642808,1.4928365,4.5469475,-0.1931046,1.9327583,-3.3029058,2.7708035,-3.9296255,-9.511565,5.2802677,-2.0184731,2.7877054,-0.36511326,6.57767,17.824516,11.387208,-2.1156964,-9.336338,6.531491,4.6510525,-2.2483845,-4.1590123,-1.893731,0.84061885,7.4802084,-1.273185,2.6271565,-9.518608,7.2177887,-0.4750793,0.3788135,-4.060953,1.8442858,-2.1662362,0.45690462,-1.5000951
QualiSR-Set120/RealESRGAN/ava_images___472713.npy.gz,RealESRGAN,ava_images___472713.png,../../../mnt/ssd2/29o_rya/datasets/iqa/QualiSR-Set120/sr/RealESRGAN/ava_images___472713.png,QualiSR-Set120,ava_images___472713,RealESRGAN/ava_images___472713.png,../../../mnt/ssd2/29o_rya/datasets/iqa/QualiSR-Set120/hr/ava_images___472713.png,../../../mnt/ssd2/29o_rya/datasets/iqa/QualiSR-Set120/lr/ava_images___472713.png,test,-2.762454,-1.5944891,3.8643446,8.164257,0.8827553,-0.120615005,7.630147,9.693569,12.423384,-1.005199,13.431625,-0.33558106,8.331251,-2.3671713,3.0176775,3.6014097,1.5784736,-1.4554863,2.4012384,-3.7300751,2.8363848,-1.7490923,-10.561908,3.5126743,-2.8044615,0.8861408,-0.6173439,3.7509832,12.824543,6.85036,-1.580118,-9.927668,6.7480226,6.1164174,0.19172728,-7.6427736,-2.7102554,-0.9822364,4.611758,0.008680068,3.780238,-6.309608,4.294959,-0.61578846,-0.8567457,-3.778759,-4.9575105,-2.7295082,2.2080855,-2.6038387
QualiSR-Set120/SUPIR/ava_images___472713.npy.gz,SUPIR,ava_images___472713.png,../../../mnt/ssd2/29o_rya/datasets/iqa/QualiSR-Set120/sr/SUPIR/ava_images___472713.png,QualiSR-Set120,ava_images___472713,SUPIR/ava_images___472713.png,../../../mnt/ssd2/29o_rya/datasets/iqa/QualiSR-Set120/hr/ava_images___472713.png,../../../mnt/ssd2/29o_rya/datasets/iqa/QualiSR-Set120/lr/ava_images___472713.png,test,-5.9787025,-0.7775068,2.9028578,8.987528,1.4349651,0.6451316,9.434588,7.386891,9.936264,-1.3629489,12.594109,1.71295,5.8076525,-2.6574678,1.4990829,1.5112286,3.3576365,-1.0564579,0.5468731,-2.9201841,3.1100998,-3.2109005,-10.310501,4.99682,-2.3548164,-0.85083485,-1.044539,1.4058046,15.975693,9.859899,-2.2764158,-8.901909,4.6522956,6.1748214,0.3708732,-5.4049444,-2.8227038,-0.7453246,6.0018463,0.7188317,4.3458786,-3.8087726,4.943471,-2.2203248,-1.2088706,-4.22838,-3.0395575,-3.1648607,1.4935929,-3.5194223
QualiSR-Set120/PASD/ava_images___501777.npy.gz,PASD,ava_images___501777.png,../../../mnt/ssd2/29o_rya/datasets/iqa/QualiSR-Set120/sr/PASD/ava_images___501777.png,QualiSR-Set120,ava_images___501777,PASD/ava_images___501777.png,../../../mnt/ssd2/29o_rya/datasets/iqa/QualiSR-Set120/hr/ava_images___501777.png,../../../mnt/ssd2/29o_rya/datasets/iqa/QualiSR-Set120/lr/ava_images___501777.png,test,-8.331069,-9.10652,-2.9834685,-11.1582365,-5.3897066,-2.963242,-3.24868,-5.8440804,2.3575544,-4.163952,2.6171007,-0.2506945,1.5583138,-1.0216651,4.0883656,1.5812719,-7.8902,-1.4022267,-7.4004984,-1.9190924,-3.6879244,-0.064705014,-14.013504,-3.7743826,-0.013880491,0.8944082,-0.18185759,3.4187603,0.67178726,-2.736016,-0.728498,0.7075689,-0.62375593,1.5103712,-1.0697129,0.20583653,2.0809917,-4.1480865,0.42156625,1.8601528,0.85817957,-0.03550148,-1.1263189,1.1119528,2.859284,-0.12368059,-2.0857108,-0.6132435,-0.9192221,0.93098724
QualiSR-Set120/RealESRGAN/ava_images___501777.npy.gz,RealESRGAN,ava_images___501777.png,../../../mnt/ssd2/29o_rya/datasets/iqa/QualiSR-Set120/sr/RealESRGAN/ava_images___501777.png,QualiSR-Set120,ava_images___501777,RealESRGAN/ava_images___501777.png,../../../mnt/ssd2/29o_rya/datasets/iqa/QualiSR-Set120/hr/ava_images___501777.png,../../../mnt/ssd2/29o_rya/datasets/iqa/QualiSR-Set120/lr/ava_images___501777.png,test,-6.7183294,-7.9684086,-3.3847508,-10.540464,-6.577913,-2.4181266,-2.125208,-4.7908154,2.0403404,-4.7878966,0.810194,0.46485877,1.097971,-1.960219,3.6467023,3.0213397,-6.323653,-0.89754295,-7.2500386,-3.6745524,-4.750349,1.019187,-10.459575,-1.4092865,-0.50226617,2.2833052,-0.45779562,1.128478,1.2232966,-3.1970549,1.3344507,0.39886773,-0.539773,0.6675656,-2.2868543,0.3713827,1.6041996,-3.321944,-0.77091503,-0.13945097,1.482007,-0.6830945,-0.9942074,2.6443827,1.3359163,-1.6584749,-2.440495,-1.2344403,-2.307611,0.11848551
QualiSR-Set120/SUPIR/ava_images___501777.npy.gz,SUPIR,ava_images___501777.png,../../../mnt/ssd2/29o_rya/datasets/iqa/QualiSR-Set120/sr/SUPIR/ava_images___501777.png,QualiSR-Set120,ava_images___501777,SUPIR/ava_images___501777.png,../../../mnt/ssd2/29o_rya/datasets/iqa/QualiSR-Set120/hr/ava_images___501777.png,../../../mnt/ssd2/29o_rya/datasets/iqa/QualiSR-Set120/lr/ava_images___501777.png,test,-9.619749,-8.916341,-3.8656693,-11.665123,-6.3221564,-4.244791,-1.6106577,-3.2612858,1.6601515,-5.4782267,2.4686604,-0.6171534,2.3553739,-0.84233654,4.3443832,3.304779,-7.4677396,-1.672306,-7.70992,-2.5614572,-4.8260145,0.16056275,-13.75101,-4.374866,-1.9985495,0.62973595,0.07657766,2.0190668,0.7402382,-0.5427265,-0.112869024,0.19770706,-1.2072167,1.9030323,-0.85082066,-0.29204917,1.7991973,-1.7400743,0.256392,0.12748668,0.30738962,0.58389854,-1.468997,1.4956964,2.6676617,-0.6734147,-1.8772511,0.22554827,-1.5372844,-0.014543742
QualiSR-Set120/PASD/ava_images___564572.npy.gz,PASD,ava_images___564572.png,../../../mnt/ssd2/29o_rya/datasets/iqa/QualiSR-Set120/sr/PASD/ava_images___564572.png,QualiSR-Set120,ava_images___564572,PASD/ava_images___564572.png,../../../mnt/ssd2/29o_rya/datasets/iqa/QualiSR-Set120/hr/ava_images___564572.png,../../../mnt/ssd2/29o_rya/datasets/iqa/QualiSR-Set120/lr/ava_images___564572.png,train,-13.808187,-16.52858,-12.651873,8.937559,-9.181192,-10.789456,3.8879805,14.754518,-23.793804,9.760323,-7.6102605,7.8110027,-11.339357,-0.9857439,-24.042149,79.4004,-39.19144,-32.76518,88.7052,-29.642965,9.75114,3.8154526,-2.6732955,7.38786,2.8323653,9.977334,5.470074,3.0505066,2.4232516,2.9512177,1.2709026,0.8289349,1.174005,1.3840785,-1.4032145,0.0631876,0.8165422,0.60596085,1.2757268,-2.0996187,1.526407,-1.3958335,1.1482267,-1.0982862,-1.25688,-0.57163,1.4781562,1.2852736,-0.5656066,0.53766483
QualiSR-Set120/RealESRGAN/ava_images___564572.npy.gz,RealESRGAN,ava_images___564572.png,../../../mnt/ssd2/29o_rya/datasets/iqa/QualiSR-Set120/sr/RealESRGAN/ava_images___564572.png,QualiSR-Set120,ava_images___564572,RealESRGAN/ava_images___564572.png,../../../mnt/ssd2/29o_rya/datasets/iqa/QualiSR-Set120/hr/ava_images___564572.png,../../../mnt/ssd2/29o_rya/datasets/iqa/QualiSR-Set120/lr/ava_images___564572.png,train,-12.823171,-15.487137,-10.610333,7.2671933,-8.83695,-9.444956,2.0909557,14.372658,-21.180756,8.937061,-7.42887,8.398884,-10.377177,-1.678763,-23.393517,78.83454,-38.650494,-29.634027,83.57315,-32.01048,10.041961,3.5943441,-0.615273,6.975757,3.6794114,9.096393,5.364823,-0.6316538,2.7668843,0.915977,3.3072395,0.08770311,2.2964225,1.4119802,-0.92795134,-2.3615417,1.4197057,3.7577834,1.5934665,-1.7458032,0.13542509,-3.3188386,1.2157946,2.8980849,2.4057403,-0.5638366,2.0733871,1.4113128,-0.60911226,1.3959043
QualiSR-Set120/SUPIR/ava_images___564572.npy.gz,SUPIR,ava_images___564572.png,../../../mnt/ssd2/29o_rya/datasets/iqa/QualiSR-Set120/sr/SUPIR/ava_images___564572.png,QualiSR-Set120,ava_images___564572,SUPIR/ava_images___564572.png,../../../mnt/ssd2/29o_rya/datasets/iqa/QualiSR-Set120/hr/ava_images___564572.png,../../../mnt/ssd2/29o_rya/datasets/iqa/QualiSR-Set120/lr/ava_images___564572.png,train,-13.154612,-15.097769,-13.521374,8.4740505,-10.659961,-10.197705,0.72728634,13.93641,-21.996277,8.176773,-6.747776,8.562837,-10.975897,-3.1512768,-19.754208,78.363914,-38.93276,-29.686815,83.0268,-30.931267,11.425986,2.6426024,-0.5315068,7.5948453,4.742917,8.729981,7.1350665,-0.16078281,1.6780915,2.8284483,-2.0718017,0.78902996,-0.11861372,-0.34366226,-0.34345415,-0.22414088,0.67943186,-0.48063803,0.5886271,0.88868797,-0.4804181,1.3276432,0.410398,-0.843611,0.20756269,0.5501132,-0.4388522,0.9402604,0.8668753,0.16084805
QualiSR-Set120/PASD/ava_images___588008.npy.gz,PASD,ava_images___588008.png,../../../mnt/ssd2/29o_rya/datasets/iqa/QualiSR-Set120/sr/PASD/ava_images___588008.png,QualiSR-Set120,ava_images___588008,PASD/ava_images___588008.png,../../../mnt/ssd2/29o_rya/datasets/iqa/QualiSR-Set120/hr/ava_images___588008.png,../../../mnt/ssd2/29o_rya/datasets/iqa/QualiSR-Set120/lr/ava_images___588008.png,train,-10.566619,-13.178847,-9.567875,-5.1665015,-14.566099,-8.605805,-7.916432,3.5128407,-9.880318,-10.387471,-9.634685,2.514934,-5.8530116,-2.4158077,-3.6750164,6.1163416,-7.7888975,-3.7371862,-12.983809,-0.6647247,-11.247267,-0.5986608,1.2257211,-7.55351,4.5101957,-19.85701,-12.710918,-28.406277,-26.38031,-29.904057,16.345236,-0.20278764,20.832275,6.893001,5.4192114,-16.669195,-10.2631,37.612007,1.88184,-9.460265,1.4181027,-1.6508222,1.876862,-3.026923,-3.8134515,-4.377042,-0.3361808,-0.92710686,-1.0353162,1.2233657
QualiSR-Set120/RealESRGAN/ava_images___588008.npy.gz,RealESRGAN,ava_images___588008.png,../../../mnt/ssd2/29o_rya/datasets/iqa/QualiSR-Set120/sr/RealESRGAN/ava_images___588008.png,QualiSR-Set120,ava_images___588008,RealESRGAN/ava_images___588008.png,../../../mnt/ssd2/29o_rya/datasets/iqa/QualiSR-Set120/hr/ava_images___588008.png,../../../mnt/ssd2/29o_rya/datasets/iqa/QualiSR-Set120/lr/ava_images___588008.png,train,-9.4254,-11.57462,-10.270287,-2.6338348,-11.779581,-6.7651668,-7.681008,3.4462438,-9.50956,-10.13749,-10.564175,2.1650763,-5.824868,-2.5129747,-3.26345,6.9381223,-6.1340685,-3.3551059,-12.136161,0.429101,-10.608925,-1.4788709,1.8157737,-7.5201373,5.0442142,-19.216032,-10.997584,-26.721268,-23.370564,-27.645962,15.260941,-1.2380342,22.199196,7.307489,6.337711,-16.932098,-10.370248,41.3845,1.7630627,-10.220249,2.4166067,-3.0195217,2.058354,0.6430886,-2.110668,-4.458459,-0.8893263,-0.18858933,-2.4809616,1.7479473
QualiSR-Set120/SUPIR/ava_images___588008.npy.gz,SUPIR,ava_images___588008.png,../../../mnt/ssd2/29o_rya/datasets/iqa/QualiSR-Set120/sr/SUPIR/ava_images___588008.png,QualiSR-Set120,ava_images___588008,SUPIR/ava_images___588008.png,../../../mnt/ssd2/29o_rya/datasets/iqa/QualiSR-Set120/hr/ava_images___588008.png,../../../mnt/ssd2/29o_rya/datasets/iqa/QualiSR-Set120/lr/ava_images___588008.png,train,-10.738953,-13.3491335,-9.515068,-4.365308,-13.604311,-9.157309,-7.5822773,3.1223178,-10.164839,-10.35335,-9.730221,2.4410048,-6.0620484,-2.266372,-3.2399917,6.1852303,-6.94742,-3.0806181,-12.703576,0.09601998,-10.890299,-0.194237,1.4965961,-7.0783677,4.592349,-18.224384,-11.454998,-24.270824,-22.362585,-25.020817,13.480352,-0.019808054,15.920948,5.412444,4.0411754,-12.814983,-8.096235,27.354483,1.0478721,-7.4229918,1.1837897,-0.107904434,0.88731766,-2.4022129,-2.8477266,-2.342413,0.34913373,-0.60212135,-0.878003,1.4233125
QualiSR-Set120/PASD/ava_images___645845.npy.gz,PASD,ava_images___645845.png,../../../mnt/ssd2/29o_rya/datasets/iqa/QualiSR-Set120/sr/PASD/ava_images___645845.png,QualiSR-Set120,ava_images___645845,PASD/ava_images___645845.png,../../../mnt/ssd2/29o_rya/datasets/iqa/QualiSR-Set120/hr/ava_images___645845.png,../../../mnt/ssd2/29o_rya/datasets/iqa/QualiSR-Set120/lr/ava_images___645845.png,test,10.693341,1.7065172,-2.3324442,-8.087985,-2.265523,-9.981424,4.6695557,-1.3862002,-6.6825466,6.181217,-4.486492,2.495184,2.0217557,6.7047377,7.0532913,2.4971812,-8.227548,0.26025873,-3.1651096,5.532609,-3.6281464,1.1576807,3.0819476,-4.4423122,-0.7291498,6.194474,-1.0542274,-6.171195,-0.87554884,-8.9007845,3.4170995,-2.3144026,4.714188,0.4014933,1.2510484,-4.2927766,2.5976467,2.2517996,5.357774,3.2097585,-0.12887919,-2.9398732,-2.562844,-4.333621,-4.693901,4.0988593,-1.0851469,-0.7704435,-1.269337,-0.23735222
QualiSR-Set120/RealESRGAN/ava_images___645845.npy.gz,RealESRGAN,ava_images___645845.png,../../../mnt/ssd2/29o_rya/datasets/iqa/QualiSR-Set120/sr/RealESRGAN/ava_images___645845.png,QualiSR-Set120,ava_images___645845,RealESRGAN/ava_images___645845.png,../../../mnt/ssd2/29o_rya/datasets/iqa/QualiSR-Set120/hr/ava_images___645845.png,../../../mnt/ssd2/29o_rya/datasets/iqa/QualiSR-Set120/lr/ava_images___645845.png,test,8.580855,1.417592,-0.6826124,-8.017948,0.019105911,-9.587732,8.433179,-0.19393039,-4.710744,5.4708414,-6.0505023,3.168615,0.77485275,3.2467604,4.9556684,6.7803793,-7.220444,3.1755993,-0.6568632,5.2651577,-0.16698599,0.4528346,3.2874143,-1.3195425,-1.5043356,2.1677265,0.35049915,-4.1854568,4.4796042,-6.6674094,5.0595303,-4.0233173,6.5767493,2.0484486,1.803341,-4.321722,4.010296,-0.4642794,4.427373,4.0463862,-0.5713206,-4.037109,-1.8224878,-3.0521233,-4.0140276,4.3281736,-0.72384745,-1.278298,-0.91707146,1.0091274
QualiSR-Set120/SUPIR/ava_images___645845.npy.gz,SUPIR,ava_images___645845.png,../../../mnt/ssd2/29o_rya/datasets/iqa/QualiSR-Set120/sr/SUPIR/ava_images___645845.png,QualiSR-Set120,ava_images___645845,SUPIR/ava_images___645845.png,../../../mnt/ssd2/29o_rya/datasets/iqa/QualiSR-Set120/hr/ava_images___645845.png,../../../mnt/ssd2/29o_rya/datasets/iqa/QualiSR-Set120/lr/ava_images___645845.png,test,5.278037,-1.8991776,-2.815578,-8.453798,-1.1131344,-9.199301,7.611886,0.4551103,-7.02402,2.093049,-5.720974,2.5992343,0.09394646,4.041081,3.952825,3.4079561,-12.0824585,-0.39011145,-1.3649864,4.074893,-1.6977525,-2.424329,4.7477264,-6.447378,-0.76694703,2.3114576,-0.23255587,-3.433889,0.20513487,-7.4651837,3.5301647,-2.0996904,3.354938,-0.21743786,1.4861509,-1.4558115,2.410216,1.3529623,4.817322,2.8745096,-0.094759226,-3.036767,-0.3304453,-3.1721728,-1.9370329,4.825557,-1.6720573,-1.2510949,-1.5806406,-0.5978079
QualiSR-Set120/PASD/ava_images___699615.npy.gz,PASD,ava_images___699615.png,../../../mnt/ssd2/29o_rya/datasets/iqa/QualiSR-Set120/sr/PASD/ava_images___699615.png,QualiSR-Set120,ava_images___699615,PASD/ava_images___699615.png,../../../mnt/ssd2/29o_rya/datasets/iqa/QualiSR-Set120/hr/ava_images___699615.png,../../../mnt/ssd2/29o_rya/datasets/iqa/QualiSR-Set120/lr/ava_images___699615.png,train,-7.475093,-1.3968134,-82.86451,198.35869,66.56799,13.83024,-7.9049106,-45.119183,-7.2269907,-3.7473445,0.13972759,-28.918983,-5.9000716,-3.3670402,13.323472,-9.642311,5.638072,8.968255,-0.55969524,-7.2151194,7.220545,-2.0964665,1.1371782,2.1293406,-0.95337343,5.6767855,3.235107,-3.8817344,1.5058904,1.4605889,2.5372186,-0.093642354,3.2331424,0.68130565,-0.3537077,-1.8990998,1.0519888,-0.71724224,5.9073687,-0.4002905,-0.13571608,-8.019644,7.0778723,15.026448,5.72143,1.1266596,-3.0758882,3.5137792,0.08789688,2.6216114
QualiSR-Set120/RealESRGAN/ava_images___699615.npy.gz,RealESRGAN,ava_images___699615.png,../../../mnt/ssd2/29o_rya/datasets/iqa/QualiSR-Set120/sr/RealESRGAN/ava_images___699615.png,QualiSR-Set120,ava_images___699615,RealESRGAN/ava_images___699615.png,../../../mnt/ssd2/29o_rya/datasets/iqa/QualiSR-Set120/hr/ava_images___699615.png,../../../mnt/ssd2/29o_rya/datasets/iqa/QualiSR-Set120/lr/ava_images___699615.png,train,-6.63492,-4.7458515,-74.215576,179.62238,61.57874,11.53577,-7.9219875,-39.989674,-8.913642,-1.7375035,0.64980984,-29.40408,-3.377699,-4.192106,9.799998,-8.921349,2.5762215,6.441165,1.5468225,-6.7894545,6.9059887,0.46138048,1.9576209,1.7162565,1.7837797,3.9312525,5.208465,-0.20522976,3.0966735,-2.6741288,5.574567,0.6530117,10.405788,1.9354217,-5.314244,-0.124341965,1.3203741,0.27167082,15.485673,-7.9353437,2.3019266,-41.281876,13.133972,65.69077,25.01664,0.088961124,-16.923386,-1.0337582,1.071573,4.934416
QualiSR-Set120/SUPIR/ava_images___699615.npy.gz,SUPIR,ava_images___699615.png,../../../mnt/ssd2/29o_rya/datasets/iqa/QualiSR-Set120/sr/SUPIR/ava_images___699615.png,QualiSR-Set120,ava_images___699615,SUPIR/ava_images___699615.png,../../../mnt/ssd2/29o_rya/datasets/iqa/QualiSR-Set120/hr/ava_images___699615.png,../../../mnt/ssd2/29o_rya/datasets/iqa/QualiSR-Set120/lr/ava_images___699615.png,train,-9.60702,-3.6222343,-73.9652,178.47565,58.719067,12.2220955,-6.574044,-40.627182,-7.001632,-4.434849,-0.2821064,-26.038874,-4.87156,-2.9636729,10.466795,-6.4928336,3.889083,6.9421563,-3.2604914,-7.491006,5.049735,-2.8762932,-1.8202467,0.4841236,-1.4222846,2.7997856,0.39889193,-3.7037902,-2.0449243,0.58668804,-0.5760334,0.70233345,-1.1721783,-0.030074477,1.8332442,-0.6747184,-0.04610893,-1.511519,-1.2875514,3.443386,-0.25594425,9.64452,-1.047543,-12.069091,-4.2781487,-0.6481147,3.1205375,4.063474,-0.96716905,-0.7706157
QualiSR-Set120/PASD/ava_images___710191.npy.gz,PASD,ava_images___710191.png,../../../mnt/ssd2/29o_rya/datasets/iqa/QualiSR-Set120/sr/PASD/ava_images___710191.png,QualiSR-Set120,ava_images___710191,PASD/ava_images___710191.png,../../../mnt/ssd2/29o_rya/datasets/iqa/QualiSR-Set120/hr/ava_images___710191.png,../../../mnt/ssd2/29o_rya/datasets/iqa/QualiSR-Set120/lr/ava_images___710191.png,train,-12.127734,-7.8459463,6.103286,-15.313612,12.063753,-2.046165,6.204859,7.156188,-4.357762,-11.947718,-12.387676,-3.0966103,-1.632875,-14.962076,13.429919,64.40797,78.258965,100.98993,16.320904,23.371996,9.11674,-8.174443,2.083052,3.1152515,-1.1064372,3.600357,2.0321507,4.6551247,-0.7273488,1.0708303,4.920912,-1.9792781,4.3148904,1.3463581,-3.598967,4.7959847,2.9460287,-0.8242264,11.727396,-9.774969,3.4199913,-12.91482,-11.819025,-6.0653677,26.65944,-16.195152,63.945908,-8.095724,13.508525,4.2275043
QualiSR-Set120/RealESRGAN/ava_images___710191.npy.gz,RealESRGAN,ava_images___710191.png,../../../mnt/ssd2/29o_rya/datasets/iqa/QualiSR-Set120/sr/RealESRGAN/ava_images___710191.png,QualiSR-Set120,ava_images___710191,RealESRGAN/ava_images___710191.png,../../../mnt/ssd2/29o_rya/datasets/iqa/QualiSR-Set120/hr/ava_images___710191.png,../../../mnt/ssd2/29o_rya/datasets/iqa/QualiSR-Set120/lr/ava_images___710191.png,train,-12.736257,-8.068605,3.3115997,-13.347851,8.8894825,-1.5567517,4.0504827,5.1086206,-6.0466485,-12.962893,-12.245687,-1.9580553,-1.1462395,-14.5573435,10.951093,52.71757,62.10932,81.773384,11.779607,17.222216,8.121976,-6.58234,-0.33590865,1.3042325,0.012925863,-0.7599869,-1.7798023,2.4416065,-2.627421,0.32128382,6.3652697,-2.7047374,3.560882,0.78910184,-2.4194427,0.4895718,2.1034405,-0.9696591,4.7191343,-7.721696,4.3615522,-8.71867,-8.778269,-1.8949373,19.128592,-9.104686,35.71842,-7.0027366,9.543056,1.4143984
QualiSR-Set120/SUPIR/ava_images___710191.npy.gz,SUPIR,ava_images___710191.png,../../../mnt/ssd2/29o_rya/datasets/iqa/QualiSR-Set120/sr/SUPIR/ava_images___710191.png,QualiSR-Set120,ava_images___710191,SUPIR/ava_images___710191.png,../../../mnt/ssd2/29o_rya/datasets/iqa/QualiSR-Set120/hr/ava_images___710191.png,../../../mnt/ssd2/29o_rya/datasets/iqa/QualiSR-Set120/lr/ava_images___710191.png,train,-13.864949,-6.369546,1.9023399,-17.64459,12.144714,-1.6005301,4.283182,5.758816,-6.720128,-14.64151,-17.071712,1.8367448,-1.2009683,-16.120094,15.109724,63.993195,75.099785,101.07532,16.059391,19.47899,8.713827,-9.84292,3.9449704,1.4226803,-1.6475394,2.876028,2.850223,3.412099,-1.234901,3.1241841,-0.53315413,-0.8589601,0.5132761,1.9107008,-0.12975895,0.2900834,2.2741697,0.8259938,1.293798,3.0332756,-1.3249559,3.6997108,6.8529654,1.7070165,-9.474036,6.1972075,-17.584469,4.0022674,-4.25264,-1.5115288
QualiSR-Set120/PASD/ava_images___737450.npy.gz,PASD,ava_images___737450.png,../../../mnt/ssd2/29o_rya/datasets/iqa/QualiSR-Set120/sr/PASD/ava_images___737450.png,QualiSR-Set120,ava_images___737450,PASD/ava_images___737450.png,../../../mnt/ssd2/29o_rya/datasets/iqa/QualiSR-Set120/hr/ava_images___737450.png,../../../mnt/ssd2/29o_rya/datasets/iqa/QualiSR-Set120/lr/ava_images___737450.png,train,-22.501705,-5.0796776,-10.066765,45.702698,3.1556454,-13.044658,23.218739,89.93887,102.23248,13.506819,0.3283863,91.962204,30.161875,-1.7261055,-12.132306,-7.0341153,11.186196,-3.8125494,-2.4547625,4.5511,-1.1661882,6.6454415,10.883554,4.106908,2.2844245,2.2594004,1.1660013,-0.7825813,2.4075704,-0.17020702,0.37937748,1.1294287,-0.41521072,0.9300835,-0.67877144,0.4282217,-0.6494756,0.3515582,0.3268819,-0.52125496,-2.021659,-0.8302922,-0.29808283,0.6331382,0.55046964,0.8890047,0.5929115,0.7955184,-0.21941787,-0.5035881
QualiSR-Set120/RealESRGAN/ava_images___737450.npy.gz,RealESRGAN,ava_images___737450.png,../../../mnt/ssd2/29o_rya/datasets/iqa/QualiSR-Set120/sr/RealESRGAN/ava_images___737450.png,QualiSR-Set120,ava_images___737450,RealESRGAN/ava_images___737450.png,../../../mnt/ssd2/29o_rya/datasets/iqa/QualiSR-Set120/hr/ava_images___737450.png,../../../mnt/ssd2/29o_rya/datasets/iqa/QualiSR-Set120/lr/ava_images___737450.png,train,-19.826262,-7.4736204,-7.5916877,42.382637,4.7585564,-14.129301,21.0163,87.514854,98.61545,12.894049,0.5985079,88.43077,26.90087,-1.3887486,-12.7692375,-6.13693,11.043059,-3.538936,-3.1689882,4.405259,-0.03733158,7.282908,10.979021,2.4326715,1.9714006,0.08693886,-0.29423904,2.6966133,1.6706271,-1.8760669,3.47962,2.051118,5.4214015,-0.23528397,0.9684038,-0.9006748,2.0258288,-1.0801489,2.379007,-2.4504788,5.8532057,-3.6193986,2.7645206,4.514793,3.9831886,0.17079353,2.007457,0.8949394,2.4171188,-1.4789091
QualiSR-Set120/SUPIR/ava_images___737450.npy.gz,SUPIR,ava_images___737450.png,../../../mnt/ssd2/29o_rya/datasets/iqa/QualiSR-Set120/sr/SUPIR/ava_images___737450.png,QualiSR-Set120,ava_images___737450,SUPIR/ava_images___737450.png,../../../mnt/ssd2/29o_rya/datasets/iqa/QualiSR-Set120/hr/ava_images___737450.png,../../../mnt/ssd2/29o_rya/datasets/iqa/QualiSR-Set120/lr/ava_images___737450.png,train,-22.709389,-6.266736,-10.444498,39.69728,2.544711,-13.563589,21.273022,84.07352,91.847046,14.221344,0.7927427,84.60569,26.963732,-0.5955796,-9.911055,-4.608476,6.586383,-4.489586,-3.447988,3.0322435,-0.7832346,5.0938935,7.681818,3.1309443,1.9785057,1.9892349,1.7959104,0.25558472,0.7471719,-1.2308137,-0.9889126,0.050796986,-1.2651453,-0.50567627,-0.482265,0.19356465,-1.1847093,0.543905,-0.6645646,1.0635785,-1.2090334,1.0243018,-0.33000326,-1.2427127,-1.4234755,-0.65099955,-0.19639389,-0.1508534,-0.59556437,-0.9682127
QualiSR-Set120/PASD/ava_images___74410.npy.gz,PASD,ava_images___74410.png,../../../mnt/ssd2/29o_rya/datasets/iqa/QualiSR-Set120/sr/PASD/ava_images___74410.png,QualiSR-Set120,ava_images___74410,PASD/ava_images___74410.png,../../../mnt/ssd2/29o_rya/datasets/iqa/QualiSR-Set120/hr/ava_images___74410.png,../../../mnt/ssd2/29o_rya/datasets/iqa/QualiSR-Set120/lr/ava_images___74410.png,train,-8.494423,-11.568148,-3.152295,-7.203363,-12.044846,-5.0730453,-1.9532838,0.80968237,-5.317403,-10.37118,-12.195536,1.9936602,-4.2343616,1.0079203,4.7755194,4.884792,-7.956749,0.72304535,-17.080034,-7.1495514,-11.6318035,-7.369203,-4.891819,5.6189666,-0.3563485,-32.84168,-10.073975,-48.179165,74.60238,34.351856,-0.968868,5.36975,7.2837367,1.703037,4.55181,-4.902961,1.1057184,0.71007156,1.541636,-0.4264451,0.6349187,-5.806421,5.448738,-4.3244057,-2.0512264,-6.864664,-0.018121228,-1.3028424,-0.1997081,-3.774574
QualiSR-Set120/RealESRGAN/ava_images___74410.npy.gz,RealESRGAN,ava_images___74410.png,../../../mnt/ssd2/29o_rya/datasets/iqa/QualiSR-Set120/sr/RealESRGAN/ava_images___74410.png,QualiSR-Set120,ava_images___74410,RealESRGAN/ava_images___74410.png,../../../mnt/ssd2/29o_rya/datasets/iqa/QualiSR-Set120/hr/ava_images___74410.png,../../../mnt/ssd2/29o_rya/datasets/iqa/QualiSR-Set120/lr/ava_images___74410.png,train,-9.765493,-9.9821,-4.0845404,-6.4844923,-12.765677,-4.973893,-3.111436,0.87964535,-5.5230026,-10.9768505,-10.747958,1.1680534,-1.9546776,1.4522567,3.8081465,5.637265,-5.8778257,2.1993032,-15.740713,-7.5864553,-10.633149,-6.076537,-4.5287848,5.6317825,1.4591353,-29.146488,-8.170352,-43.37806,68.27794,32.960293,-1.0905697,3.7123923,9.531006,3.9485774,2.7864656,-3.7782078,3.1348608,0.6458669,1.1100008,-1.9882854,2.673344,-6.249273,6.6081543,-2.7696688,-2.8149765,-6.8509884,-2.1741128,-0.6180325,-0.9961716,-0.13546142
QualiSR-Set120/SUPIR/ava_images___74410.npy.gz,SUPIR,ava_images___74410.png,../../../mnt/ssd2/29o_rya/datasets/iqa/QualiSR-Set120/sr/SUPIR/ava_images___74410.png,QualiSR-Set120,ava_images___74410,SUPIR/ava_images___74410.png,../../../mnt/ssd2/29o_rya/datasets/iqa/QualiSR-Set120/hr/ava_images___74410.png,../../../mnt/ssd2/29o_rya/datasets/iqa/QualiSR-Set120/lr/ava_images___74410.png,train,-9.692619,-11.003014,-4.567382,-5.4254827,-12.853752,-5.2876644,-1.973834,2.9441717,-4.2045927,-12.25963,-11.461899,1.3728933,-1.1720204,1.1390591,4.6279206,5.408227,-2.6819642,-0.43757376,-13.421066,-6.3034697,-12.059843,-7.2528825,-3.9435725,6.0984187,-0.35066223,-28.275208,-10.348879,-41.253952,60.938217,30.200176,0.5061972,3.769781,8.354332,1.5560644,4.6770697,-3.4923935,0.53899175,1.1788065,2.1538856,-1.5985373,2.4199684,-3.6393352,2.406416,-2.3143408,-2.7582133,-4.944332,0.7667635,1.4896829,0.5183075,0.44326687
QualiSR-Set120/PASD/ava_images___751927.npy.gz,PASD,ava_images___751927.png,../../../mnt/ssd2/29o_rya/datasets/iqa/QualiSR-Set120/sr/PASD/ava_images___751927.png,QualiSR-Set120,ava_images___751927,PASD/ava_images___751927.png,../../../mnt/ssd2/29o_rya/datasets/iqa/QualiSR-Set120/hr/ava_images___751927.png,../../../mnt/ssd2/29o_rya/datasets/iqa/QualiSR-Set120/lr/ava_images___751927.png,train,-8.727707,-7.459619,0.7542324,-4.544842,-24.459116,-4.977852,38.7315,-6.491975,-1.9782219,6.024623,-26.837542,7.7113113,-7.2762194,96.52379,99.18426,-21.924511,-4.152074,-2.1630175,32.39303,18.712181,4.9972258,10.125355,3.284084,-10.652469,0.39299345,2.5032349,1.9019065,3.120325,0.28550577,-3.4148283,0.5971012,0.58004665,0.1967659,-0.37163758,1.9022189,0.34816575,-1.3963383,-0.7464858,1.509537,-0.5074906,1.1377149,-0.15109825,-0.8632107,-0.6591983,-0.4924693,-1.3947554,0.07151711,-0.15721595,-0.29452497,-0.10571608
QualiSR-Set120/RealESRGAN/ava_images___751927.npy.gz,RealESRGAN,ava_images___751927.png,../../../mnt/ssd2/29o_rya/datasets/iqa/QualiSR-Set120/sr/RealESRGAN/ava_images___751927.png,QualiSR-Set120,ava_images___751927,RealESRGAN/ava_images___751927.png,../../../mnt/ssd2/29o_rya/datasets/iqa/QualiSR-Set120/hr/ava_images___751927.png,../../../mnt/ssd2/29o_rya/datasets/iqa/QualiSR-Set120/lr/ava_images___751927.png,train,-6.7457705,-7.70215,-0.58018684,-3.2683172,-20.126331,-5.377613,35.657043,-5.086876,-1.5104461,7.3024406,-26.024437,9.51973,-4.486222,89.23481,94.405014,-18.956495,-4.249062,-0.8635464,30.817753,18.11169,5.201398,9.688421,2.2382314,-8.519753,1.4379857,-0.9952955,0.4540696,4.539114,0.9446235,-2.0945215,-0.39189565,-1.7423582,0.8266225,0.7234523,-1.3538171,-0.70139027,0.96286285,1.2564843,0.6885989,-1.5808407,0.7506678,-2.6883798,1.3591671,1.342555,-0.57472706,-1.4079423,-1.2173091,-1.2081349,0.9920428,1.1165595
QualiSR-Set120/SUPIR/ava_images___751927.npy.gz,SUPIR,ava_images___751927.png,../../../mnt/ssd2/29o_rya/datasets/iqa/QualiSR-Set120/sr/SUPIR/ava_images___751927.png,QualiSR-Set120,ava_images___751927,SUPIR/ava_images___751927.png,../../../mnt/ssd2/29o_rya/datasets/iqa/QualiSR-Set120/hr/ava_images___751927.png,../../../mnt/ssd2/29o_rya/datasets/iqa/QualiSR-Set120/lr/ava_images___751927.png,train,-8.816003,-7.9703684,2.2920895,-4.32242,-26.4477,-5.3782067,40.386353,-7.4617395,-1.0303478,6.1587305,-28.737413,7.8215704,-5.8048825,103.55968,105.980034,-22.449207,-4.129288,-2.058812,34.951164,17.423885,4.8903217,10.985714,1.5634124,-7.8595977,0.15372789,-0.8656473,0.93985796,1.776516,1.8356004,-0.6183162,0.2238537,-0.40234703,0.086756706,1.2344875,-2.9723191,-3.9418507,2.39209,0.6190839,-1.2035534,0.2588391,-1.0999409,-1.8894205,2.0765414,0.03961444,-0.66853833,-1.394269,-0.84406835,1.2638588,0.47873724,-0.7992852
QualiSR-Set120/PASD/ava_images___773899.npy.gz,PASD,ava_images___773899.png,../../../mnt/ssd2/29o_rya/datasets/iqa/QualiSR-Set120/sr/PASD/ava_images___773899.png,QualiSR-Set120,ava_images___773899,PASD/ava_images___773899.png,../../../mnt/ssd2/29o_rya/datasets/iqa/QualiSR-Set120/hr/ava_images___773899.png,../../../mnt/ssd2/29o_rya/datasets/iqa/QualiSR-Set120/lr/ava_images___773899.png,train,3.0047436,-5.840812,-4.18355,-16.080814,2.1577654,-8.435754,-8.567155,-8.124216,-5.523305,-16.785412,-9.539297,0.34127212,2.0520973,-12.233074,-0.3354312,-7.208977,-16.7098,13.007881,-18.961334,-2.483126,40.07311,95.83361,-20.316645,39.01559,-36.52227,6.6324167,8.665222,4.605403,2.8233647,0.1350832,3.9448147,-0.11292237,3.638885,-1.8496267,0.33463073,-0.7117224,0.26975983,1.1497402,-0.13347936,-1.1453744,-0.042810082,-1.9050536,4.8971653,-2.7856824,1.2398257,-2.3792052,2.1353483,0.10922682,2.5198307,-2.3508396
QualiSR-Set120/RealESRGAN/ava_images___773899.npy.gz,RealESRGAN,ava_images___773899.png,../../../mnt/ssd2/29o_rya/datasets/iqa/QualiSR-Set120/sr/RealESRGAN/ava_images___773899.png,QualiSR-Set120,ava_images___773899,RealESRGAN/ava_images___773899.png,../../../mnt/ssd2/29o_rya/datasets/iqa/QualiSR-Set120/hr/ava_images___773899.png,../../../mnt/ssd2/29o_rya/datasets/iqa/QualiSR-Set120/lr/ava_images___773899.png,train,-2.9338665,-6.17515,-2.6550555,-14.972712,3.5937262,-6.5210357,-9.083507,-8.030351,-5.0692186,-13.71262,-9.102498,1.2012601,-1.231566,-11.123498,-2.5940526,-4.203756,-14.550851,11.752831,-16.116879,-2.707085,36.923447,87.23826,-18.660536,35.845367,-31.546707,3.4235926,7.0022683,3.8327208,1.9800267,-0.490458,5.279319,-0.18880886,5.8727517,-0.26637113,0.072989225,-1.6761012,1.5499331,1.873147,-0.05185795,0.73897845,0.7606487,-6.6916814,5.389388,-1.2624547,-0.51619554,2.2555861,0.8568728,-1.0958526,-1.1100978,-0.67723906
QualiSR-Set120/SUPIR/ava_images___773899.npy.gz,SUPIR,ava_images___773899.png,../../../mnt/ssd2/29o_rya/datasets/iqa/QualiSR-Set120/sr/SUPIR/ava_images___773899.png,QualiSR-Set120,ava_images___773899,SUPIR/ava_images___773899.png,../../../mnt/ssd2/29o_rya/datasets/iqa/QualiSR-Set120/hr/ava_images___773899.png,../../../mnt/ssd2/29o_rya/datasets/iqa/QualiSR-Set120/lr/ava_images___773899.png,train,-1.3309212,-8.510018,-5.50852,-14.842712,-0.6689415,-9.5642185,-9.389782,-6.535239,-7.6820364,-15.067141,-10.2573805,3.791205,-0.2592535,-11.052773,-1.17127,-5.7332225,-16.90684,12.213595,-19.526394,-3.3235545,33.12964,83.7653,-18.831457,34.719925,-30.783543,2.383335,5.5119653,0.8396864,0.58895063,-1.1550274,0.9701905,1.274674,-0.8895483,-0.21464813,1.3837904,0.1835463,-0.4298197,1.109798,0.9177382,-0.49517784,0.5203166,1.8267131,0.5294447,0.23897743,-0.37530994,-0.27478218,0.39930338,0.42174113,-0.09300691,-0.24954137
QualiSR-Set120/PASD/ava_images___827653.npy.gz,PASD,ava_images___827653.png,../../../mnt/ssd2/29o_rya/datasets/iqa/QualiSR-Set120/sr/PASD/ava_images___827653.png,QualiSR-Set120,ava_images___827653,PASD/ava_images___827653.png,../../../mnt/ssd2/29o_rya/datasets/iqa/QualiSR-Set120/hr/ava_images___827653.png,../../../mnt/ssd2/29o_rya/datasets/iqa/QualiSR-Set120/lr/ava_images___827653.png,test,0.30951214,-8.512392,3.8642035,-5.2560105,3.4044313,-5.77051,2.4721565,-0.023073912,0.74386406,17.847197,4.4822836,3.7736917,4.656376,-1.511367,-4.644527,11.186163,-12.589331,-5.90585,17.981281,-0.73672867,7.984743,-0.22780919,2.8787777,-3.2146027,6.892101,0.79220295,15.690907,6.9111204,6.0515475,0.43457556,-0.77218044,0.7193916,1.8535533,6.989742,-2.702917,-1.2513952,2.2758121,2.1302848,3.904709,1.088315,-2.4244125,-7.9935575,1.5566087,-4.219736,-2.0301087,-4.9351044,5.876221,2.1285899,2.6439269,-4.1744876
QualiSR-Set120/RealESRGAN/ava_images___827653.npy.gz,RealESRGAN,ava_images___827653.png,../../../mnt/ssd2/29o_rya/datasets/iqa/QualiSR-Set120/sr/RealESRGAN/ava_images___827653.png,QualiSR-Set120,ava_images___827653,RealESRGAN/ava_images___827653.png,../../../mnt/ssd2/29o_rya/datasets/iqa/QualiSR-Set120/hr/ava_images___827653.png,../../../mnt/ssd2/29o_rya/datasets/iqa/QualiSR-Set120/lr/ava_images___827653.png,test,3.2543688,-8.734373,0.8988781,-7.0325484,0.9068146,-8.5278845,-1.770227,-0.018967628,0.29958057,12.993248,0.663126,1.6548066,2.4856262,-1.75153,-2.0106173,6.350979,-10.4456005,-1.8254528,7.601062,-1.6630428,6.657382,1.1529717,-0.19808674,-3.2609491,6.750511,-1.2495584,13.084827,4.3060083,3.622189,1.9885511,2.1982696,0.036753893,4.3342156,7.343373,-2.0700288,-0.5596657,3.0189009,0.84827375,3.332588,2.978994,2.473112,-6.6504245,2.6583462,-1.7455308,-0.849267,-1.4529815,2.400312,-0.022551537,0.08325207,-3.2291186
QualiSR-Set120/SUPIR/ava_images___827653.npy.gz,SUPIR,ava_images___827653.png,../../../mnt/ssd2/29o_rya/datasets/iqa/QualiSR-Set120/sr/SUPIR/ava_images___827653.png,QualiSR-Set120,ava_images___827653,SUPIR/ava_images___827653.png,../../../mnt/ssd2/29o_rya/datasets/iqa/QualiSR-Set120/hr/ava_images___827653.png,../../../mnt/ssd2/29o_rya/datasets/iqa/QualiSR-Set120/lr/ava_images___827653.png,test,-2.6858883,-10.107848,2.22128,-5.812703,-3.1839418,-7.8117576,0.5731878,0.7144308,-1.7255855,7.5046606,-0.3045392,3.2924833,2.0308547,0.07415509,0.8876333,6.765274,-12.202762,-2.6573172,7.403846,-0.6635089,5.5537777,-2.3840787,-2.038454,-3.2415342,4.37479,-1.3769512,9.411581,3.053115,4.286679,-0.3802681,0.18343735,1.583475,-0.58398294,5.8186336,-1.6780658,-1.0431471,0.88650215,0.23989868,2.0428107,2.2212138,-1.8869452,-5.543816,-0.93975925,-1.5062463,-0.7957363,-0.38303185,3.1503246,0.3638016,0.34852248,-3.3420663
QualiSR-Set120/PASD/ava_images___842206.npy.gz,PASD,ava_images___842206.png,../../../mnt/ssd2/29o_rya/datasets/iqa/QualiSR-Set120/sr/PASD/ava_images___842206.png,QualiSR-Set120,ava_images___842206,PASD/ava_images___842206.png,../../../mnt/ssd2/29o_rya/datasets/iqa/QualiSR-Set120/hr/ava_images___842206.png,../../../mnt/ssd2/29o_rya/datasets/iqa/QualiSR-Set120/lr/ava_images___842206.png,test,-12.834035,1.8235207,-1.7305231,-5.2474966,-3.973887,-2.0721636,12.298993,-1.5638642,0.78110695,-4.1074147,7.2185593,-1.7088726,-4.9563975,0.011988401,-9.374527,1.28668,8.626397,4.523278,0.0044956207,4.1764164,1.2912502,-3.681375,-5.6535206,-1.637856,5.2282295,-3.3802714,0.27971363,-3.480503,0.7542963,0.64342165,0.3187567,-0.73871434,-0.48553228,0.7994857,-0.6066505,-0.35740876,0.025217043,-1.4275837,5.8864326,-0.0172619,0.59592724,-0.6871176,-0.8318057,-2.1444309,3.4544644,3.380617,5.5344253,2.6528864,2.2703216,6.596722
QualiSR-Set120/RealESRGAN/ava_images___842206.npy.gz,RealESRGAN,ava_images___842206.png,../../../mnt/ssd2/29o_rya/datasets/iqa/QualiSR-Set120/sr/RealESRGAN/ava_images___842206.png,QualiSR-Set120,ava_images___842206,RealESRGAN/ava_images___842206.png,../../../mnt/ssd2/29o_rya/datasets/iqa/QualiSR-Set120/hr/ava_images___842206.png,../../../mnt/ssd2/29o_rya/datasets/iqa/QualiSR-Set120/lr/ava_images___842206.png,test,-12.73769,-0.05678177,-1.0778508,-3.6292415,0.2762947,-0.72169304,14.210116,-2.9611192,2.864791,-4.049065,8.347046,-3.8861363,-4.759647,-1.2918997,-9.749804,1.7029955,8.760098,1.9896188,1.2313118,4.8500576,2.831707,-3.754619,-4.186572,-0.9858215,4.41039,-4.238415,1.3541512,-3.4953446,2.1831508,0.2421546,1.431201,-1.3639655,0.76258135,1.7569888,-2.038908,-3.2514977,2.922852,-0.0965662,7.955452,-1.869962,1.880573,-2.6564412,-0.10394812,-0.7805338,2.9160824,3.239645,7.918381,1.8717949,1.6416643,6.2016525
QualiSR-Set120/SUPIR/ava_images___842206.npy.gz,SUPIR,ava_images___842206.png,../../../mnt/ssd2/29o_rya/datasets/iqa/QualiSR-Set120/sr/SUPIR/ava_images___842206.png,QualiSR-Set120,ava_images___842206,SUPIR/ava_images___842206.png,../../../mnt/ssd2/29o_rya/datasets/iqa/QualiSR-Set120/hr/ava_images___842206.png,../../../mnt/ssd2/29o_rya/datasets/iqa/QualiSR-Set120/lr/ava_images___842206.png,test,-12.667334,-0.5070267,-2.799264,-4.347622,-3.9553046,0.60573816,12.743623,-1.1573012,0.4954033,-4.5764523,6.4068813,-1.1033015,-5.8030596,-0.087935686,-10.555178,1.616029,9.365963,2.4665692,-0.24823856,4.609618,1.5432053,-3.5662503,-4.926619,-1.7741364,4.4643273,-4.096199,0.2329588,-5.7278953,1.7693563,-0.08487558,-0.5241082,-2.477976,-1.2665792,-1.2128247,-0.5075027,-0.21081424,-0.38669696,0.10866833,6.5649614,-1.9976515,0.8596413,-0.29510832,0.26808214,-1.8915145,4.0692196,3.7478957,7.0734925,3.2973619,1.6302775,5.957634
QualiSR-Set120/PASD/ava_images___846773.npy.gz,PASD,ava_images___846773.png,../../../mnt/ssd2/29o_rya/datasets/iqa/QualiSR-Set120/sr/PASD/ava_images___846773.png,QualiSR-Set120,ava_images___846773,PASD/ava_images___846773.png,../../../mnt/ssd2/29o_rya/datasets/iqa/QualiSR-Set120/hr/ava_images___846773.png,../../../mnt/ssd2/29o_rya/datasets/iqa/QualiSR-Set120/lr/ava_images___846773.png,train,-17.979515,-18.295622,-13.782265,0.6103091,-11.664632,-8.668389,11.009366,6.501952,-20.565506,0.50498486,-1.9429083,-11.754036,-25.048225,40.77983,-79.13143,-29.263695,24.916142,-16.553217,20.61903,73.357704,13.465455,-8.077608,-20.806404,12.240336,7.1715045,0.21873474,12.263655,-4.4975915,1.926846,-0.9044161,-2.1514664,0.24201262,-1.8854532,0.7169471,0.17269063,-0.18095303,0.70141935,-0.48334587,-0.41545844,1.2889295,-0.21977699,-0.25322962,0.55762434,0.05230379,0.72110534,0.5723505,0.45365685,-0.17908525,-0.15836048,0.20556739
QualiSR-Set120/RealESRGAN/ava_images___846773.npy.gz,RealESRGAN,ava_images___846773.png,../../../mnt/ssd2/29o_rya/datasets/iqa/QualiSR-Set120/sr/RealESRGAN/ava_images___846773.png,QualiSR-Set120,ava_images___846773,RealESRGAN/ava_images___846773.png,../../../mnt/ssd2/29o_rya/datasets/iqa/QualiSR-Set120/hr/ava_images___846773.png,../../../mnt/ssd2/29o_rya/datasets/iqa/QualiSR-Set120/lr/ava_images___846773.png,train,-18.111185,-15.756848,-11.128354,1.2739229,-9.528626,-7.5370283,12.37551,6.1251307,-20.41898,1.8213949,-2.8558192,-12.828173,-24.924675,40.121487,-77.699356,-29.505203,23.976906,-17.487146,21.51413,72.30507,15.02074,-6.793535,-20.189217,12.7603855,7.173307,0.5233536,13.142256,-4.1002417,2.4261775,-1.1714685,-0.6516777,0.27355337,-1.3535728,0.5671046,0.77756345,-1.8887587,1.8257663,1.1163099,-1.0334607,0.9654421,0.39700866,-1.5759912,2.7884274,-2.8353016,-0.2569821,0.011810303,0.113359846,0.7929735,-1.0576298,-0.18763426
QualiSR-Set120/SUPIR/ava_images___846773.npy.gz,SUPIR,ava_images___846773.png,../../../mnt/ssd2/29o_rya/datasets/iqa/QualiSR-Set120/sr/SUPIR/ava_images___846773.png,QualiSR-Set120,ava_images___846773,SUPIR/ava_images___846773.png,../../../mnt/ssd2/29o_rya/datasets/iqa/QualiSR-Set120/hr/ava_images___846773.png,../../../mnt/ssd2/29o_rya/datasets/iqa/QualiSR-Set120/lr/ava_images___846773.png,train,-17.071682,-18.429247,-13.643541,0.5924163,-11.932456,-9.381362,10.099446,5.685506,-19.626747,-1.647532,-2.9677596,-11.201958,-22.615784,40.221405,-74.38106,-27.698856,22.9188,-16.67389,20.030422,69.61571,12.052575,-6.859791,-19.166363,12.081324,4.487397,0.045653343,11.118023,-4.230997,2.3147912,-1.1270399,-1.070156,0.18566537,-0.34328985,0.78061104,0.5833181,0.4499426,0.96165687,-0.57420814,-0.5560583,-0.22297299,-0.030505896,-0.76976013,-0.1979599,0.9144882,0.68920374,0.07793236,0.13048647,0.40855765,-0.083250046,0.13326025
QualiSR-Set120/PASD/ava_images___857447.npy.gz,PASD,ava_images___857447.png,../../../mnt/ssd2/29o_rya/datasets/iqa/QualiSR-Set120/sr/PASD/ava_images___857447.png,QualiSR-Set120,ava_images___857447,PASD/ava_images___857447.png,../../../mnt/ssd2/29o_rya/datasets/iqa/QualiSR-Set120/hr/ava_images___857447.png,../../../mnt/ssd2/29o_rya/datasets/iqa/QualiSR-Set120/lr/ava_images___857447.png,train,-17.714428,-0.69147396,-3.9594789,-13.19433,-23.770988,8.677492,20.873344,1.9163731,-10.646965,-2.3927488,-5.438323,-9.409559,-14.206193,44.029602,-49.955315,-48.589203,48.924618,16.816826,6.9143744,-89.089745,-2.0723839,1.478524,17.34356,-6.423729,-9.253492,6.889289,-0.11177921,7.7061357,0.12416315,-1.3128669,0.5544367,0.58762324,4.88903,0.49162054,2.5091338,-2.241434,0.7758753,-0.18068302,-0.75531197,-2.0810413,4.93672,-3.5203834,-1.6792679,2.5853503,2.7314897,2.6880808,4.8496146,5.559619,-3.4746165,-10.3006315
QualiSR-Set120/RealESRGAN/ava_images___857447.npy.gz,RealESRGAN,ava_images___857447.png,../../../mnt/ssd2/29o_rya/datasets/iqa/QualiSR-Set120/sr/RealESRGAN/ava_images___857447.png,QualiSR-Set120,ava_images___857447,RealESRGAN/ava_images___857447.png,../../../mnt/ssd2/29o_rya/datasets/iqa/QualiSR-Set120/hr/ava_images___857447.png,../../../mnt/ssd2/29o_rya/datasets/iqa/QualiSR-Set120/lr/ava_images___857447.png,train,-18.81425,-9.785112,-5.518567,-12.140743,-21.221989,1.1920505,15.993548,3.5383716,-8.282365,-6.652037,-6.4503813,-11.14356,-15.552205,40.674164,-49.509464,-41.99747,41.854187,14.982346,6.963702,-74.99785,1.2414637,0.5088531,13.100745,-8.594256,-7.999167,2.136138,-0.76466227,2.555213,0.046343327,-0.9338131,-4.30074,-2.1837878,1.6991119,0.050833225,2.5568023,-1.1848922,-1.0239114,-0.4992497,1.0794194,-2.5159328,0.738708,-1.4557219,0.45685387,-1.5447876,-1.2294648,-1.4982581,-2.474583,0.28894794,0.8062305,-3.3591871
QualiSR-Set120/SUPIR/ava_images___857447.npy.gz,SUPIR,ava_images___857447.png,../../../mnt/ssd2/29o_rya/datasets/iqa/QualiSR-Set120/sr/SUPIR/ava_images___857447.png,QualiSR-Set120,ava_images___857447,SUPIR/ava_images___857447.png,../../../mnt/ssd2/29o_rya/datasets/iqa/QualiSR-Set120/hr/ava_images___857447.png,../../../mnt/ssd2/29o_rya/datasets/iqa/QualiSR-Set120/lr/ava_images___857447.png,train,-17.430199,-3.241146,-5.60783,-11.053333,-23.791668,6.47718,17.62334,1.6417378,-11.115879,-2.7382855,-5.5576134,-7.34935,-14.248024,40.20159,-47.137455,-44.330162,43.44903,14.06172,5.4770956,-81.124214,-1.3340044,2.6067476,14.808146,-7.0380893,-9.109304,2.5876112,0.38763094,4.937669,-0.35889626,-2.0581303,-0.17130065,-1.6372101,2.9553876,1.2266707,1.4624211,-1.5059834,3.2592196,-1.5756236,1.0757136,-2.5558555,4.60997,-1.253581,-1.3904657,1.967201,1.5573952,1.8474445,2.2589333,4.8709407,-3.603024,-8.601854
QualiSR-Set120/PASD/ava_images___864250.npy.gz,PASD,ava_images___864250.png,../../../mnt/ssd2/29o_rya/datasets/iqa/QualiSR-Set120/sr/PASD/ava_images___864250.png,QualiSR-Set120,ava_images___864250,PASD/ava_images___864250.png,../../../mnt/ssd2/29o_rya/datasets/iqa/QualiSR-Set120/hr/ava_images___864250.png,../../../mnt/ssd2/29o_rya/datasets/iqa/QualiSR-Set120/lr/ava_images___864250.png,train,-8.449013,-0.62385654,-8.049629,-2.708549,-1.4960546,6.7725024,37.09721,67.66478,-56.54017,119.18611,39.229614,-39.852474,18.553106,-18.500317,11.886444,-5.408938,2.0642729,2.625235,-14.332091,1.4262006,2.7255497,3.763403,-0.11349702,0.7286743,0.84459245,2.0020857,-1.6447234,-2.150548,0.81838036,-1.5032485,1.2065129,-0.37688136,-1.072258,0.24758291,1.3424028,-1.427371,0.9563665,-1.32187,0.7480211,1.1395588,0.65113544,-0.3254795,0.65646744,1.2210962,0.2062602,0.3527298,-0.42215073,-0.5788504,-0.42627442,-1.5891614
QualiSR-Set120/RealESRGAN/ava_images___864250.npy.gz,RealESRGAN,ava_images___864250.png,../../../mnt/ssd2/29o_rya/datasets/iqa/QualiSR-Set120/sr/RealESRGAN/ava_images___864250.png,QualiSR-Set120,ava_images___864250,RealESRGAN/ava_images___864250.png,../../../mnt/ssd2/29o_rya/datasets/iqa/QualiSR-Set120/hr/ava_images___864250.png,../../../mnt/ssd2/29o_rya/datasets/iqa/QualiSR-Set120/lr/ava_images___864250.png,train,-7.0924997,-1.795495,-8.042202,-0.660511,1.8973951,7.298057,36.590683,69.335014,-54.92952,120.84944,37.61306,-40.550667,19.601498,-18.080982,12.25,-4.0806894,2.8665285,2.3887062,-12.586524,-0.013587713,3.4187422,6.351631,0.763958,-3.2628124,0.14731026,-0.75906277,-1.2570405,2.7456455,1.2420754,-0.86486983,5.9079075,-3.2458253,3.1231942,2.661601,-4.356989,-2.6957374,4.7554245,1.2434986,1.9182303,-0.33102456,3.8667367,-5.4421306,-2.793,4.010968,5.1977925,-0.95009375,-3.3359687,-1.3588555,-0.85734797,-3.4464266
QualiSR-Set120/SUPIR/ava_images___864250.npy.gz,SUPIR,ava_images___864250.png,../../../mnt/ssd2/29o_rya/datasets/iqa/QualiSR-Set120/sr/SUPIR/ava_images___864250.png,QualiSR-Set120,ava_images___864250,SUPIR/ava_images___864250.png,../../../mnt/ssd2/29o_rya/datasets/iqa/QualiSR-Set120/hr/ava_images___864250.png,../../../mnt/ssd2/29o_rya/datasets/iqa/QualiSR-Set120/lr/ava_images___864250.png,train,-7.157161,0.23903847,-9.134517,-1.1010666,-0.68610287,6.9176307,42.148865,74.25184,-63.118134,130.4487,38.250557,-43.00691,20.829802,-15.339925,13.134925,-5.2213492,4.12914,2.9655728,-14.344476,0.5901842,4.492425,4.7313547,-0.13343024,-0.15343499,-1.1575816,3.4004517,-1.667428,-2.215754,1.6195626,0.36481905,0.057556152,0.16295683,1.801599,-0.7658527,-0.6141088,-0.07987738,-0.7644459,-0.35135186,1.4770842,-1.2465122,0.012791991,-1.0438018,0.41404486,-0.12602162,-0.38220024,-1.7803397,0.49821216,0.22019196,0.3596028,-0.5881684
QualiSR-Set120/PASD/ava_images___865616.npy.gz,PASD,ava_images___865616.png,../../../mnt/ssd2/29o_rya/datasets/iqa/QualiSR-Set120/sr/PASD/ava_images___865616.png,QualiSR-Set120,ava_images___865616,PASD/ava_images___865616.png,../../../mnt/ssd2/29o_rya/datasets/iqa/QualiSR-Set120/hr/ava_images___865616.png,../../../mnt/ssd2/29o_rya/datasets/iqa/QualiSR-Set120/lr/ava_images___865616.png,train,24.446548,-4.742289,-5.7528157,-24.336615,-7.165984,-30.961664,-63.921444,-101.89334,79.04591,109.93596,-18.14138,2.7078602,-5.322268,3.259019,-9.562574,6.8933706,13.893563,-3.0209453,6.357175,-0.04330361,2.1898737,-5.422535,-0.17945528,0.48116148,-5.1527414,-1.7268715,-1.1267333,1.4499769,-1.6165719,0.32412386,8.508659,-3.8118534,18.291296,-52.161617,9.8537,-19.135672,20.59892,-0.26225936,-6.4063416,11.173374,-8.2617655,5.3981905,-1.8310947,2.3125486,-0.33319497,-3.962514,2.6281104,-0.96729666,-1.1443099,-0.3371391
QualiSR-Set120/RealESRGAN/ava_images___865616.npy.gz,RealESRGAN,ava_images___865616.png,../../../mnt/ssd2/29o_rya/datasets/iqa/QualiSR-Set120/sr/RealESRGAN/ava_images___865616.png,QualiSR-Set120,ava_images___865616,RealESRGAN/ava_images___865616.png,../../../mnt/ssd2/29o_rya/datasets/iqa/QualiSR-Set120/hr/ava_images___865616.png,../../../mnt/ssd2/29o_rya/datasets/iqa/QualiSR-Set120/lr/ava_images___865616.png,train,23.484749,-2.4849787,-5.025342,-26.262249,-5.303582,-33.269684,-63.568653,-102.991196,81.5571,115.95958,-20.50341,0.76354194,-8.614865,6.74174,-9.896853,7.148557,12.211886,-1.1346014,5.496772,0.33359003,2.7444258,-3.231915,-0.46787024,0.75476277,-3.776112,-1.5693369,-1.6140561,0.48795795,2.0107388,-0.85685825,5.7800303,-2.5506268,10.22315,-16.21049,2.6368437,-6.529277,6.292555,-0.6025872,-0.6783391,2.468047,1.1851318,-1.4109197,-0.41087484,3.481568,-0.39304805,-0.19557619,-0.030855723,-0.2780844,-0.42633438,1.4823613
QualiSR-Set120/SUPIR/ava_images___865616.npy.gz,SUPIR,ava_images___865616.png,../../../mnt/ssd2/29o_rya/datasets/iqa/QualiSR-Set120/sr/SUPIR/ava_images___865616.png,QualiSR-Set120,ava_images___865616,SUPIR/ava_images___865616.png,../../../mnt/ssd2/29o_rya/datasets/iqa/QualiSR-Set120/hr/ava_images___865616.png,../../../mnt/ssd2/29o_rya/datasets/iqa/QualiSR-Set120/lr/ava_images___865616.png,train,21.29589,-5.9061213,-7.1935463,-24.204699,-7.084683,-32.431217,-62.24984,-95.62968,74.132065,103.34331,-17.02309,2.55201,-5.2990437,5.8702364,-7.4413958,8.137841,13.090638,-2.9926434,4.002734,-0.60767317,1.4358816,-4.5299683,-0.4029293,-0.28456056,-3.7706485,0.48907948,-3.8563812,-1.0481815,-0.963356,-0.7583389,4.735565,-4.7757473,17.466967,-48.046673,9.985496,-18.359936,20.993923,-0.40249956,-4.55132,9.657333,-10.40732,3.058653,-2.1764622,1.3001287,0.97635114,-2.5269675,-0.26038295,-0.26471066,0.026287377,1.8460112
QualiSR-Set120/PASD/ava_images___953752.npy.gz,PASD,ava_images___953752.png,../../../mnt/ssd2/29o_rya/datasets/iqa/QualiSR-Set120/sr/PASD/ava_images___953752.png,QualiSR-Set120,ava_images___953752,PASD/ava_images___953752.png,../../../mnt/ssd2/29o_rya/datasets/iqa/QualiSR-Set120/hr/ava_images___953752.png,../../../mnt/ssd2/29o_rya/datasets/iqa/QualiSR-Set120/lr/ava_images___953752.png,train,240.18126,-32.371613,-2.0497823,3.244906,10.486111,-4.73901,21.850235,16.423979,7.765581,-13.614536,9.359079,-4.1818027,-1.0380149,4.7460794,-3.057532,-4.3353,5.6877127,-0.10096592,7.508441,-2.474449,-1.8434005,-4.756912,-4.6384954,-1.3363978,0.77248144,2.2241678,-0.56932974,0.28290367,2.2439475,1.0585117,1.4125519,0.16022325,1.810741,1.6130226,1.66124,0.85690784,-3.5081284,-3.6066477,2.3622272,-4.5175653,0.7102907,-3.597321,0.7842727,6.572422,-4.1917715,-6.1934032,0.589948,13.362947,0.60077155,-8.41388
QualiSR-Set120/RealESRGAN/ava_images___953752.npy.gz,RealESRGAN,ava_images___953752.png,../../../mnt/ssd2/29o_rya/datasets/iqa/QualiSR-Set120/sr/RealESRGAN/ava_images___953752.png,QualiSR-Set120,ava_images___953752,RealESRGAN/ava_images___953752.png,../../../mnt/ssd2/29o_rya/datasets/iqa/QualiSR-Set120/hr/ava_images___953752.png,../../../mnt/ssd2/29o_rya/datasets/iqa/QualiSR-Set120/lr/ava_images___953752.png,train,236.27484,-33.195107,-0.4717121,3.891603,12.222967,-5.5172625,19.6153,18.174309,7.078497,-13.952219,10.121134,-5.705206,0.48134756,2.303948,-4.099907,0.95948744,8.289833,1.2253749,6.9538374,-1.8951571,-3.6069775,1.393846,-6.475359,0.5020834,0.36375833,0.13420296,-2.2847023,2.1033916,2.1040587,3.793292,0.85756195,0.6326468,5.958198,-1.9815818,3.5721965,-1.0855398,-0.14148003,0.37151527,0.9332669,-1.8067421,1.1478841,-5.056293,0.24857473,-0.23042583,-5.684781,-0.9182191,-1.1512146,5.0511427,1.3938756,-1.3386312
QualiSR-Set120/SUPIR/ava_images___953752.npy.gz,SUPIR,ava_images___953752.png,../../../mnt/ssd2/29o_rya/datasets/iqa/QualiSR-Set120/sr/SUPIR/ava_images___953752.png,QualiSR-Set120,ava_images___953752,SUPIR/ava_images___953752.png,../../../mnt/ssd2/29o_rya/datasets/iqa/QualiSR-Set120/hr/ava_images___953752.png,../../../mnt/ssd2/29o_rya/datasets/iqa/QualiSR-Set120/lr/ava_images___953752.png,train,239.68877,-33.971077,-2.820691,4.9913087,10.34329,-2.5264225,21.906952,20.124706,8.021739,-15.501614,8.186201,-5.1244698,-0.21162844,6.875182,-3.7618647,0.31233883,2.6004562,1.627922,4.761203,-1.1689193,-1.7609425,-1.8866713,-4.9618864,-0.9965874,-0.42070818,-0.4370718,0.4706831,-1.7779884,0.24097633,1.4423828,-0.19130486,1.1588398,0.9917588,-0.22348571,-0.117747426,-0.071841,0.7264586,1.1643128,0.39734626,0.2294955,1.2564447,-1.1744556,0.21138573,0.06736684,-0.39781022,0.6908164,-0.46334374,-0.9965325,-0.64036393,1.309793
QualiSR-Set120/PASD/blur_dataset___out_of_focus0685.npy.gz,PASD,blur_dataset___out_of_focus0685.png,../../../mnt/ssd2/29o_rya/datasets/iqa/QualiSR-Set120/sr/PASD/blur_dataset___out_of_focus0685.png,QualiSR-Set120,blur_dataset___out_of_focus0685,PASD/blur_dataset___out_of_focus0685.png,../../../mnt/ssd2/29o_rya/datasets/iqa/QualiSR-Set120/hr/blur_dataset___out_of_focus0685.png,../../../mnt/ssd2/29o_rya/datasets/iqa/QualiSR-Set120/lr/blur_dataset___out_of_focus0685.png,train,2.7127924,-12.651366,-4.5573425,-15.837559,-5.4997153,-9.903334,-5.3947344,3.1651032,-10.526625,-16.135609,-10.431152,10.125542,-3.7809362,-2.6200938,11.268277,2.5701365,-15.697764,-15.492789,-40.258877,-6.5643053,108.72025,-58.18222,25.11553,12.788395,-0.89463663,11.097774,-3.0099883,11.87065,2.8617978,1.123847,1.3830225,0.23404813,2.2548842,-0.41999853,1.7458087,0.83816314,-0.34635893,-0.37204647,1.3453507,-0.6954103,1.1830015,-3.6724858,5.6355047,-2.5868256,-0.43215108,-5.0291815,1.7275915,2.7203908,1.581291,-3.2067342
QualiSR-Set120/RealESRGAN/blur_dataset___out_of_focus0685.npy.gz,RealESRGAN,blur_dataset___out_of_focus0685.png,../../../mnt/ssd2/29o_rya/datasets/iqa/QualiSR-Set120/sr/RealESRGAN/blur_dataset___out_of_focus0685.png,QualiSR-Set120,blur_dataset___out_of_focus0685,RealESRGAN/blur_dataset___out_of_focus0685.png,../../../mnt/ssd2/29o_rya/datasets/iqa/QualiSR-Set120/hr/blur_dataset___out_of_focus0685.png,../../../mnt/ssd2/29o_rya/datasets/iqa/QualiSR-Set120/lr/blur_dataset___out_of_focus0685.png,train,4.4817038,-11.377819,-1.9189272,-13.260729,-5.0305505,-10.0152855,-7.995533,4.775901,-7.77797,-11.98266,-9.628077,10.54507,-5.0251384,-2.1190968,6.5457797,4.028239,-13.430847,-12.555059,-34.556538,-6.0553837,90.10327,-46.129135,18.7225,10.282961,1.1869311,9.011941,-3.9009564,8.817931,-2.1101718,-0.2924466,3.0890355,0.39711595,3.5044065,-1.1299655,-0.54348373,-2.519095,-0.1072329,1.6487174,1.1543119,-0.04212416,1.8649309,-4.158446,1.8806691,-1.3759577,0.44327664,-0.43606997,-1.5781882,-1.6377704,1.6131942,-0.18958959
QualiSR-Set120/SUPIR/blur_dataset___out_of_focus0685.npy.gz,SUPIR,blur_dataset___out_of_focus0685.png,../../../mnt/ssd2/29o_rya/datasets/iqa/QualiSR-Set120/sr/SUPIR/blur_dataset___out_of_focus0685.png,QualiSR-Set120,blur_dataset___out_of_focus0685,SUPIR/blur_dataset___out_of_focus0685.png,../../../mnt/ssd2/29o_rya/datasets/iqa/QualiSR-Set120/hr/blur_dataset___out_of_focus0685.png,../../../mnt/ssd2/29o_rya/datasets/iqa/QualiSR-Set120/lr/blur_dataset___out_of_focus0685.png,train,-1.6735544,-11.472247,-4.659394,-13.557871,-5.577965,-8.595742,-6.750682,4.623948,-10.933615,-14.214024,-10.284292,10.34651,-6.4771595,-2.7263327,9.966528,2.974571,-15.382076,-10.2767,-37.746735,-6.3835354,92.54252,-50.41886,20.637398,11.799292,1.1017107,7.909692,-2.5336142,5.5520897,2.4538836,0.9250307,0.373937,-1.2086164,1.1279707,-0.30563045,-0.6635308,-0.053150415,-0.21704674,2.274529,-0.5421648,1.22216,-1.3943274,1.3690245,0.90300035,0.7169056,-0.32218647,1.0513418,-0.40743858,0.3954159,-0.7756367,1.3360525
QualiSR-Set120/PASD/voc_emotic_ava___EMOTIC__COCO_train2014_000000244530.npy.gz,PASD,voc_emotic_ava___EMOTIC__COCO_train2014_000000244530.png,../../../mnt/ssd2/29o_rya/datasets/iqa/QualiSR-Set120/sr/PASD/voc_emotic_ava___EMOTIC__COCO_train2014_000000244530.png,QualiSR-Set120,voc_emotic_ava___EMOTIC__COCO_train2014_000000244530,PASD/voc_emotic_ava___EMOTIC__COCO_train2014_000000244530.png,../../../mnt/ssd2/29o_rya/datasets/iqa/QualiSR-Set120/hr/voc_emotic_ava___EMOTIC__COCO_train2014_000000244530.png,../../../mnt/ssd2/29o_rya/datasets/iqa/QualiSR-Set120/lr/voc_emotic_ava___EMOTIC__COCO_train2014_000000244530.png,train,-11.358981,-11.9730015,-3.0693035,-7.1702113,-21.490847,-7.3333316,-22.67736,-34.502193,1.4428682,-30.690533,75.512375,-22.260792,124.47696,38.771973,-10.665289,12.656712,5.0292854,-3.807733,0.6869211,1.9129641,-0.6631756,-0.083541274,-0.08861232,2.1352673,0.8480574,3.98868,2.014771,2.908678,4.507688,-0.026259422,11.069954,3.9890213,33.551907,-11.928125,-35.176094,18.221289,-24.919142,-2.8125958,-13.007016,4.202081,-1.9358921,8.912479,1.4915576,-2.501054,1.4593399,-0.18475533,-0.46143192,3.1572895,6.316017,-21.429554
QualiSR-Set120/RealESRGAN/voc_emotic_ava___EMOTIC__COCO_train2014_000000244530.npy.gz,RealESRGAN,voc_emotic_ava___EMOTIC__COCO_train2014_000000244530.png,../../../mnt/ssd2/29o_rya/datasets/iqa/QualiSR-Set120/sr/RealESRGAN/voc_emotic_ava___EMOTIC__COCO_train2014_000000244530.png,QualiSR-Set120,voc_emotic_ava___EMOTIC__COCO_train2014_000000244530,RealESRGAN/voc_emotic_ava___EMOTIC__COCO_train2014_000000244530.png,../../../mnt/ssd2/29o_rya/datasets/iqa/QualiSR-Set120/hr/voc_emotic_ava___EMOTIC__COCO_train2014_000000244530.png,../../../mnt/ssd2/29o_rya/datasets/iqa/QualiSR-Set120/lr/voc_emotic_ava___EMOTIC__COCO_train2014_000000244530.png,train,-10.392793,-8.0319195,-1.6173964,-4.7011347,-21.93797,-6.668057,-20.010546,-35.779346,6.0185757,-33.027092,80.555275,-25.661373,134.11732,38.770115,-9.895288,19.685942,7.653281,-3.2826822,3.141595,2.2375228,-0.5697341,0.13194704,2.799229,4.583366,0.37191808,2.8566923,1.7463651,2.9133463,5.6683135,0.06365299,9.387072,1.9363998,29.674665,-2.5418656,-34.962276,18.22845,-20.641697,-5.4992237,-17.210411,6.207917,3.9557378,-2.4511938,-6.322144,2.900792,-2.8307846,-1.0310626,-1.4915764,-2.6861455,-7.516904,29.82318
QualiSR-Set120/SUPIR/voc_emotic_ava___EMOTIC__COCO_train2014_000000244530.npy.gz,SUPIR,voc_emotic_ava___EMOTIC__COCO_train2014_000000244530.png,../../../mnt/ssd2/29o_rya/datasets/iqa/QualiSR-Set120/sr/SUPIR/voc_emotic_ava___EMOTIC__COCO_train2014_000000244530.png,QualiSR-Set120,voc_emotic_ava___EMOTIC__COCO_train2014_000000244530,SUPIR/voc_emotic_ava___EMOTIC__COCO_train2014_000000244530.png,../../../mnt/ssd2/29o_rya/datasets/iqa/QualiSR-Set120/hr/voc_emotic_ava___EMOTIC__COCO_train2014_000000244530.png,../../../mnt/ssd2/29o_rya/datasets/iqa/QualiSR-Set120/lr/voc_emotic_ava___EMOTIC__COCO_train2014_000000244530.png,train,-11.148907,-11.22434,-5.979765,-6.4577327,-21.813885,-6.7384243,-22.574348,-33.644165,3.9896116,-32.10504,80.35319,-22.476154,127.72279,37.81743,-10.462655,15.069986,3.63453,-4.1899533,-0.13521862,0.42214918,1.1138735,-1.8451004,-0.23943949,2.2813592,1.6523888,3.3560333,1.7480454,3.1108885,1.8558869,-1.8981445,7.7628675,2.9811625,20.140253,-4.0700603,-19.513678,9.387906,-11.111304,-2.080405,-5.509391,0.54213005,0.8048663,4.5642076,1.159554,-0.8370137,-0.13549352,0.4096136,-1.0866336,1.8308511,0.8717777,-9.365868
QualiSR-Set120/PASD/voc_emotic_ava___EMOTIC__COCO_train2014_000000247190.npy.gz,PASD,voc_emotic_ava___EMOTIC__COCO_train2014_000000247190.png,../../../mnt/ssd2/29o_rya/datasets/iqa/QualiSR-Set120/sr/PASD/voc_emotic_ava___EMOTIC__COCO_train2014_000000247190.png,QualiSR-Set120,voc_emotic_ava___EMOTIC__COCO_train2014_000000247190,PASD/voc_emotic_ava___EMOTIC__COCO_train2014_000000247190.png,../../../mnt/ssd2/29o_rya/datasets/iqa/QualiSR-Set120/hr/voc_emotic_ava___EMOTIC__COCO_train2014_000000247190.png,../../../mnt/ssd2/29o_rya/datasets/iqa/QualiSR-Set120/lr/voc_emotic_ava___EMOTIC__COCO_train2014_000000247190.png,train,22.293167,95.57751,1.8441486,-2.2281156,-38.51449,180.7695,-35.884224,12.910258,17.91116,9.07279,-30.44757,-7.3169003,9.412948,2.5434422,-5.8313465,5.2618837,4.5800047,-3.1696603,9.469571,7.8014736,9.453986,0.31597602,0.37506986,-8.875563,-1.9927855,0.49092007,-1.9246035,9.643767,12.885281,-9.973041,64.63561,91.85645,-29.006786,-9.907196,10.90839,12.797347,-17.694887,17.77391,15.259494,51.79816,-0.83424646,-8.571177,-7.1575418,-1.1677089,4.875683,-4.7031164,-0.48212105,-10.250406,-5.2498965,-0.07818797
QualiSR-Set120/RealESRGAN/voc_emotic_ava___EMOTIC__COCO_train2014_000000247190.npy.gz,RealESRGAN,voc_emotic_ava___EMOTIC__COCO_train2014_000000247190.png,../../../mnt/ssd2/29o_rya/datasets/iqa/QualiSR-Set120/sr/RealESRGAN/voc_emotic_ava___EMOTIC__COCO_train2014_000000247190.png,QualiSR-Set120,voc_emotic_ava___EMOTIC__COCO_train2014_000000247190,RealESRGAN/voc_emotic_ava___EMOTIC__COCO_train2014_000000247190.png,../../../mnt/ssd2/29o_rya/datasets/iqa/QualiSR-Set120/hr/voc_emotic_ava___EMOTIC__COCO_train2014_000000247190.png,../../../mnt/ssd2/29o_rya/datasets/iqa/QualiSR-Set120/lr/voc_emotic_ava___EMOTIC__COCO_train2014_000000247190.png,train,18.419922,79.25222,-4.514583,-4.291469,-33.923843,161.9248,-33.521233,12.817887,17.676285,6.564315,-25.99533,-8.692251,9.270886,7.297246,-10.179766,2.3212497,-1.2732458,0.8560437,5.014901,3.7068412,12.017417,4.9960895,0.15945625,-12.609391,-0.21817946,-3.5166392,1.0268912,3.392375,-1.3515649,1.241169,20.57205,11.537444,9.710569,10.748709,-17.689854,5.249322,49.550674,-13.448185,-23.697586,-69.27198,0.9531865,10.190243,-2.3453662,2.401617,-10.366155,-6.7684546,-10.929614,-52.046143,-13.212324,7.5730085
QualiSR-Set120/SUPIR/voc_emotic_ava___EMOTIC__COCO_train2014_000000247190.npy.gz,SUPIR,voc_emotic_ava___EMOTIC__COCO_train2014_000000247190.png,../../../mnt/ssd2/29o_rya/datasets/iqa/QualiSR-Set120/sr/SUPIR/voc_emotic_ava___EMOTIC__COCO_train2014_000000247190.png,QualiSR-Set120,voc_emotic_ava___EMOTIC__COCO_train2014_000000247190,SUPIR/voc_emotic_ava___EMOTIC__COCO_train2014_000000247190.png,../../../mnt/ssd2/29o_rya/datasets/iqa/QualiSR-Set120/hr/voc_emotic_ava___EMOTIC__COCO_train2014_000000247190.png,../../../mnt/ssd2/29o_rya/datasets/iqa/QualiSR-Set120/lr/voc_emotic_ava___EMOTIC__COCO_train2014_000000247190.png,train,20.537415,95.55797,-5.1299615,-0.24008083,-38.46926,190.26093,-36.87109,10.761154,22.148111,4.423292,-30.871675,-7.383333,10.398675,5.5649633,-10.436325,4.9286194,-4.700247,0.83811986,3.3509817,6.2189026,10.225202,3.375423,-2.704391,-10.675733,2.5826268,-0.90715027,-1.5658927,-0.013634682,-0.52990437,0.58616495,9.763447,1.8002635,7.634475,2.9139128,-0.12729758,-7.1297216,10.4259405,-6.453978,-8.115851,-34.560112,-4.7515707,11.5705185,7.079138,0.080651045,-0.98906755,18.028782,7.336852,76.84527,25.437243,-4.7165813
QualiSR-Set120/PASD/voc_emotic_ava___EMOTIC__COCO_val2014_000000020598.npy.gz,PASD,voc_emotic_ava___EMOTIC__COCO_val2014_000000020598.png,../../../mnt/ssd2/29o_rya/datasets/iqa/QualiSR-Set120/sr/PASD/voc_emotic_ava___EMOTIC__COCO_val2014_000000020598.png,QualiSR-Set120,voc_emotic_ava___EMOTIC__COCO_val2014_000000020598,PASD/voc_emotic_ava___EMOTIC__COCO_val2014_000000020598.png,../../../mnt/ssd2/29o_rya/datasets/iqa/QualiSR-Set120/hr/voc_emotic_ava___EMOTIC__COCO_val2014_000000020598.png,../../../mnt/ssd2/29o_rya/datasets/iqa/QualiSR-Set120/lr/voc_emotic_ava___EMOTIC__COCO_val2014_000000020598.png,train,-8.1279335,0.997653,-11.78093,-21.674095,5.867922,33.01732,-26.19917,-12.450656,11.569153,-13.413595,153.16931,32.967545,-93.60377,6.306407,21.098352,3.688931,14.392642,-9.95752,-2.9173632,1.271375,-3.4423103,4.332491,5.702695,1.2173144,-0.09974718,4.5147934,1.6427789,6.7524233,5.5077167,0.56935406,4.250713,0.98739636,12.770493,0.69179034,-10.699325,-2.3285794,2.8064811,0.55607796,45.869656,-1.8130664,-4.085572,18.931007,-3.0544114,-7.2218657,-6.6105795,-3.478015,0.45766705,10.685178,3.1653423,-4.9906616
QualiSR-Set120/RealESRGAN/voc_emotic_ava___EMOTIC__COCO_val2014_000000020598.npy.gz,RealESRGAN,voc_emotic_ava___EMOTIC__COCO_val2014_000000020598.png,../../../mnt/ssd2/29o_rya/datasets/iqa/QualiSR-Set120/sr/RealESRGAN/voc_emotic_ava___EMOTIC__COCO_val2014_000000020598.png,QualiSR-Set120,voc_emotic_ava___EMOTIC__COCO_val2014_000000020598,RealESRGAN/voc_emotic_ava___EMOTIC__COCO_val2014_000000020598.png,../../../mnt/ssd2/29o_rya/datasets/iqa/QualiSR-Set120/hr/voc_emotic_ava___EMOTIC__COCO_val2014_000000020598.png,../../../mnt/ssd2/29o_rya/datasets/iqa/QualiSR-Set120/lr/voc_emotic_ava___EMOTIC__COCO_val2014_000000020598.png,train,-12.4483795,-1.0488529,-11.373889,-15.6002445,4.360444,26.048923,-20.808678,-11.882077,11.432377,-13.68928,140.57149,30.651163,-85.8638,7.83165,19.698002,5.3107557,14.859824,-7.765522,-3.7387748,2.5860088,-4.0637794,3.8140588,1.4139993,1.2303029,-0.6626859,5.2899523,1.7225842,8.3424635,5.247186,1.112957,7.195685,-3.9001427,14.021875,2.608543,-16.24521,-0.8314786,8.960424,-3.3073034,58.335896,-3.481845,-5.4835415,14.593681,-7.4184747,-0.13137674,-3.3317292,3.4492068,-10.63889,-13.089217,-4.7448463,5.6709185
QualiSR-Set120/SUPIR/voc_emotic_ava___EMOTIC__COCO_val2014_000000020598.npy.gz,SUPIR,voc_emotic_ava___EMOTIC__COCO_val2014_000000020598.png,../../../mnt/ssd2/29o_rya/datasets/iqa/QualiSR-Set120/sr/SUPIR/voc_emotic_ava___EMOTIC__COCO_val2014_000000020598.png,QualiSR-Set120,voc_emotic_ava___EMOTIC__COCO_val2014_000000020598,SUPIR/voc_emotic_ava___EMOTIC__COCO_val2014_000000020598.png,../../../mnt/ssd2/29o_rya/datasets/iqa/QualiSR-Set120/hr/voc_emotic_ava___EMOTIC__COCO_val2014_000000020598.png,../../../mnt/ssd2/29o_rya/datasets/iqa/QualiSR-Set120/lr/voc_emotic_ava___EMOTIC__COCO_val2014_000000020598.png,train,-11.309741,2.6059895,-12.873632,-13.364873,2.7219563,32.35175,-24.488213,-12.631452,9.614162,-13.763959,146.30093,33.49299,-88.089745,-0.43586397,21.061058,5.2385674,11.882258,-7.745088,-1.0551815,1.7109025,-3.0213356,3.032012,4.0519466,1.9828726,1.3761326,4.3155546,3.1651301,5.125492,3.4407668,2.0714846,3.4041276,0.25380564,3.6533532,1.1747766,-1.397148,0.1502583,-0.016454158,-1.5124662,0.23115277,-1.3522204,-1.9311619,1.1212273,7.6154203,1.214452,2.9200778,-1.4486194,0.7815426,3.3880858,-0.57549524,1.0851606
QualiSR-Set120/PASD/voc_emotic_ava___JPEGImages__2008_003883.npy.gz,PASD,voc_emotic_ava___JPEGImages__2008_003883.png,../../../mnt/ssd2/29o_rya/datasets/iqa/QualiSR-Set120/sr/PASD/voc_emotic_ava___JPEGImages__2008_003883.png,QualiSR-Set120,voc_emotic_ava___JPEGImages__2008_003883,PASD/voc_emotic_ava___JPEGImages__2008_003883.png,../../../mnt/ssd2/29o_rya/datasets/iqa/QualiSR-Set120/hr/voc_emotic_ava___JPEGImages__2008_003883.png,../../../mnt/ssd2/29o_rya/datasets/iqa/QualiSR-Set120/lr/voc_emotic_ava___JPEGImages__2008_003883.png,test,4.226041,-6.822445,-1.5586953,-5.0898705,-4.0252137,-4.5631166,-12.07517,-6.982109,0.18519783,6.325824,-1.5417514,-1.1696091,2.8134847,-10.701936,6.3383203,-5.799297,-0.29738808,0.7733396,0.60409737,2.2952654,-1.194108,-5.2670174,-0.30126476,-2.7995782,1.4184315,6.13408,-2.735901,-2.5431104,3.6591067,1.3424416,3.4605637,-4.2325125,2.3460784,-1.7954267,1.5365044,1.0168099,4.4527783,0.41249418,0.02598977,1.4197388,-0.83861744,-4.692106,-0.003689766,6.61174,3.0763104,2.6565168,3.854903,-0.49780643,-3.9269743,0.5680553
QualiSR-Set120/RealESRGAN/voc_emotic_ava___JPEGImages__2008_003883.npy.gz,RealESRGAN,voc_emotic_ava___JPEGImages__2008_003883.png,../../../mnt/ssd2/29o_rya/datasets/iqa/QualiSR-Set120/sr/RealESRGAN/voc_emotic_ava___JPEGImages__2008_003883.png,QualiSR-Set120,voc_emotic_ava___JPEGImages__2008_003883,RealESRGAN/voc_emotic_ava___JPEGImages__2008_003883.png,../../../mnt/ssd2/29o_rya/datasets/iqa/QualiSR-Set120/hr/voc_emotic_ava___JPEGImages__2008_003883.png,../../../mnt/ssd2/29o_rya/datasets/iqa/QualiSR-Set120/lr/voc_emotic_ava___JPEGImages__2008_003883.png,test,6.7598906,-6.578277,-4.647542,-5.4772863,-4.7353215,-4.8361893,-8.498046,-2.2662492,-2.1499677,0.4102726,-2.0075192,-1.1997674,4.23979,-7.0238786,3.3588035,-1.3748231,-1.7355828,-1.3474374,-2.765853,1.0272415,-2.937765,-0.5237969,-1.5171466,-0.8449303,-0.6219361,4.0912237,-7.073353,-4.1495647,5.270326,1.0578828,1.2611544,-2.873158,0.5372329,0.72207785,1.2985148,0.69140124,4.110087,0.32372642,0.05075717,-2.2030709,-2.4660246,-2.5887427,-2.0014446,4.8618727,0.2834773,3.8403254,1.8014137,-1.8017159,-3.1002512,-0.33184913
QualiSR-Set120/SUPIR/voc_emotic_ava___JPEGImages__2008_003883.npy.gz,SUPIR,voc_emotic_ava___JPEGImages__2008_003883.png,../../../mnt/ssd2/29o_rya/datasets/iqa/QualiSR-Set120/sr/SUPIR/voc_emotic_ava___JPEGImages__2008_003883.png,QualiSR-Set120,voc_emotic_ava___JPEGImages__2008_003883,SUPIR/voc_emotic_ava___JPEGImages__2008_003883.png,../../../mnt/ssd2/29o_rya/datasets/iqa/QualiSR-Set120/hr/voc_emotic_ava___JPEGImages__2008_003883.png,../../../mnt/ssd2/29o_rya/datasets/iqa/QualiSR-Set120/lr/voc_emotic_ava___JPEGImages__2008_003883.png,test,2.08284,-0.81457233,-3.3379593,-3.1750414,-6.599476,-4.813038,-9.656166,-6.6508713,0.4727173,1.854084,-1.8027902,1.195446,1.9313879,-8.277903,4.940508,-1.0743284,-0.60861444,-3.7214131,0.055138588,1.8017733,-1.3491888,-2.8194356,-1.4674147,-0.21631014,1.3546388,2.6650314,-6.708925,-4.5117025,3.5905147,0.9855552,1.8376381,-2.8260694,-0.18436193,0.19959879,-0.15876499,1.4299345,3.732589,1.0500414,-0.055186987,-0.28995553,-1.0274596,-2.7054195,-3.4077196,2.1070113,2.688082,3.797357,1.6511912,-0.120584846,-2.3782902,1.0412984
QualiSR-Set120/PASD/voc_emotic_ava___VOC2012__2010_004399.npy.gz,PASD,voc_emotic_ava___VOC2012__2010_004399.png,../../../mnt/ssd2/29o_rya/datasets/iqa/QualiSR-Set120/sr/PASD/voc_emotic_ava___VOC2012__2010_004399.png,QualiSR-Set120,voc_emotic_ava___VOC2012__2010_004399,PASD/voc_emotic_ava___VOC2012__2010_004399.png,../../../mnt/ssd2/29o_rya/datasets/iqa/QualiSR-Set120/hr/voc_emotic_ava___VOC2012__2010_004399.png,../../../mnt/ssd2/29o_rya/datasets/iqa/QualiSR-Set120/lr/voc_emotic_ava___VOC2012__2010_004399.png,train,-5.606699,29.564322,17.475903,-4.231245,-14.2765465,16.72916,139.509,-81.37274,-2.3008623,0.45703983,3.75739,32.91043,5.4747553,-36.278805,-8.358332,3.683826,-7.019811,-10.798771,-1.4126654,5.637805,-2.219751,-2.2466645,1.3186467,0.31958663,4.4609327,0.7422495,-1.5043507,1.7964706,-1.7401624,-4.8262234,-0.32069564,1.0270511,10.021502,-20.018276,39.68892,42.220516,-17.768044,-2.0748718,9.915139,-20.115515,8.249466,-5.6757665,1.7784333,0.63626075,-10.516714,-1.096003,-3.254275,-15.267263,-16.956264,-41.82829
QualiSR-Set120/RealESRGAN/voc_emotic_ava___VOC2012__2010_004399.npy.gz,RealESRGAN,voc_emotic_ava___VOC2012__2010_004399.png,../../../mnt/ssd2/29o_rya/datasets/iqa/QualiSR-Set120/sr/RealESRGAN/voc_emotic_ava___VOC2012__2010_004399.png,QualiSR-Set120,voc_emotic_ava___VOC2012__2010_004399,RealESRGAN/voc_emotic_ava___VOC2012__2010_004399.png,../../../mnt/ssd2/29o_rya/datasets/iqa/QualiSR-Set120/hr/voc_emotic_ava___VOC2012__2010_004399.png,../../../mnt/ssd2/29o_rya/datasets/iqa/QualiSR-Set120/lr/voc_emotic_ava___VOC2012__2010_004399.png,train,-1.7160301,40.597473,16.807293,-0.7332268,-13.756164,21.720648,172.36356,-96.29628,3.3254023,4.814069,6.5745363,33.142426,8.333409,-37.798687,-9.133709,2.7559226,-3.439097,-6.427951,-1.101161,4.870981,-1.0021863,1.6135538,7.142132,3.4273286,-3.034411,2.8004847,2.0894752,4.134324,0.24129868,-2.1039546,9.721741,-6.1159277,26.10499,63.15467,-23.59779,-22.331919,58.244465,7.850303,-21.36089,53.469913,-21.794165,4.7922707,-4.1133566,-1.4200113,10.27245,-3.8086338,-2.2069318,1.8153856,2.259615,-7.0976086
QualiSR-Set120/SUPIR/voc_emotic_ava___VOC2012__2010_004399.npy.gz,SUPIR,voc_emotic_ava___VOC2012__2010_004399.png,../../../mnt/ssd2/29o_rya/datasets/iqa/QualiSR-Set120/sr/SUPIR/voc_emotic_ava___VOC2012__2010_004399.png,QualiSR-Set120,voc_emotic_ava___VOC2012__2010_004399,SUPIR/voc_emotic_ava___VOC2012__2010_004399.png,../../../mnt/ssd2/29o_rya/datasets/iqa/QualiSR-Set120/hr/voc_emotic_ava___VOC2012__2010_004399.png,../../../mnt/ssd2/29o_rya/datasets/iqa/QualiSR-Set120/lr/voc_emotic_ava___VOC2012__2010_004399.png,train,-7.305412,37.78543,19.28757,-4.559694,-15.38229,20.054913,150.09827,-82.97676,-0.75321436,1.7378159,1.4406424,31.83807,8.623727,-35.86135,-6.460834,2.5235343,-2.6598134,-9.259818,-3.958365,6.293663,-3.2715728,-2.225161,3.655999,0.24426222,3.8008592,3.0070992,1.3806672,1.9663076,0.525805,-1.7885625,4.597326,-9.621377,37.637196,0.077139854,59.163834,61.44921,-0.5655418,-1.850228,5.5255537,-4.690265,-5.612664,5.5349174,-5.239463,1.5376228,0.4875884,2.6809673,-0.047439083,8.47805,13.759575,33.35565
QualiSR-Set120/PASD/voc_emotic_ava___VOC2012__2012_004043.npy.gz,PASD,voc_emotic_ava___VOC2012__2012_004043.png,../../../mnt/ssd2/29o_rya/datasets/iqa/QualiSR-Set120/sr/PASD/voc_emotic_ava___VOC2012__2012_004043.png,QualiSR-Set120,voc_emotic_ava___VOC2012__2012_004043,PASD/voc_emotic_ava___VOC2012__2012_004043.png,../../../mnt/ssd2/29o_rya/datasets/iqa/QualiSR-Set120/hr/voc_emotic_ava___VOC2012__2012_004043.png,../../../mnt/ssd2/29o_rya/datasets/iqa/QualiSR-Set120/lr/voc_emotic_ava___VOC2012__2012_004043.png,train,23.42413,219.22884,37.360573,14.290003,24.060932,-84.07315,-14.598604,16.841057,-17.47879,-10.921434,3.9923763,-2.5406468,-2.605056,14.12856,-6.5216365,3.7274618,8.501809,-5.585537,3.717084,-1.2364945,3.2645283,2.0656562,-0.030646563,-4.880993,2.8912861,0.6765995,1.6303763,1.7768812,12.16807,4.9678116,72.04742,-49.417946,-24.442259,0.9277518,4.6259885,-2.7328634,-16.01544,-0.3929249,-4.6961207,7.921731,-4.0372715,21.980404,26.966415,12.577818,-2.828684,-5.8119507,6.182973,-7.603932,2.8458366,-2.2369864
QualiSR-Set120/RealESRGAN/voc_emotic_ava___VOC2012__2012_004043.npy.gz,RealESRGAN,voc_emotic_ava___VOC2012__2012_004043.png,../../../mnt/ssd2/29o_rya/datasets/iqa/QualiSR-Set120/sr/RealESRGAN/voc_emotic_ava___VOC2012__2012_004043.png,QualiSR-Set120,voc_emotic_ava___VOC2012__2012_004043,RealESRGAN/voc_emotic_ava___VOC2012__2012_004043.png,../../../mnt/ssd2/29o_rya/datasets/iqa/QualiSR-Set120/hr/voc_emotic_ava___VOC2012__2012_004043.png,../../../mnt/ssd2/29o_rya/datasets/iqa/QualiSR-Set120/lr/voc_emotic_ava___VOC2012__2012_004043.png,train,16.481262,181.407,28.531334,11.375385,25.064419,-71.47338,-14.06211,12.599589,-12.363272,-8.991718,4.696707,-4.303296,-3.8828983,11.568558,-5.1338124,5.1210203,9.796855,-4.716819,1.250844,0.5597615,2.412959,3.3181858,2.7713048,-5.344311,2.3932972,-3.5157561,0.6489825,0.32823658,10.100096,3.5377378,35.759884,-37.84497,-10.791355,-6.3389134,-11.550888,8.726345,13.564197,7.7000127,5.503846,-5.888893,15.207144,-49.09619,-70.72989,-25.473148,-0.31659722,6.7141905,-23.464165,16.283821,-10.96572,-3.9660757
QualiSR-Set120/SUPIR/voc_emotic_ava___VOC2012__2012_004043.npy.gz,SUPIR,voc_emotic_ava___VOC2012__2012_004043.png,../../../mnt/ssd2/29o_rya/datasets/iqa/QualiSR-Set120/sr/SUPIR/voc_emotic_ava___VOC2012__2012_004043.png,QualiSR-Set120,voc_emotic_ava___VOC2012__2012_004043,SUPIR/voc_emotic_ava___VOC2012__2012_004043.png,../../../mnt/ssd2/29o_rya/datasets/iqa/QualiSR-Set120/hr/voc_emotic_ava___VOC2012__2012_004043.png,../../../mnt/ssd2/29o_rya/datasets/iqa/QualiSR-Set120/lr/voc_emotic_ava___VOC2012__2012_004043.png,train,23.980385,218.05676,35.91504,14.207743,19.600582,-86.695854,-16.937162,15.109521,-17.963703,-9.422277,6.0148,0.1763792,-3.3213358,14.6272135,-4.379801,1.1469734,6.301512,-5.2558026,4.0942717,-0.39181268,0.14560175,-0.2307595,2.1663425,-4.258042,1.6679714,3.834571,0.67067623,-3.362949,2.894545,2.8558254,19.922596,-15.087998,-4.065492,2.526451,5.121042,-0.0734241,-2.8429518,-2.3324103,-2.4882185,-0.14472172,-6.9179764,25.890558,35.37501,8.7651825,-0.052805662,-0.7101793,10.563131,-6.449099,4.7157617,7.312337
