sample_id,sr_method,sr_filename,sr_path,dataset,test_case,rel_path,gt_path,lr_path,set_type,vgg_pca_000,vgg_pca_001,vgg_pca_002,vgg_pca_003,vgg_pca_004,vgg_pca_005,vgg_pca_006,vgg_pca_007,vgg_pca_008,vgg_pca_009,vgg_pca_010,vgg_pca_011,vgg_pca_012,vgg_pca_013,vgg_pca_014,vgg_pca_015,vgg_pca_016,vgg_pca_017,vgg_pca_018,vgg_pca_019,vgg_pca_020,vgg_pca_021,vgg_pca_022,vgg_pca_023,vgg_pca_024,vgg_pca_025,vgg_pca_026,vgg_pca_027,vgg_pca_028,vgg_pca_029,vgg_pca_030,vgg_pca_031,vgg_pca_032,vgg_pca_033,vgg_pca_034,vgg_pca_035,vgg_pca_036,vgg_pca_037,vgg_pca_038,vgg_pca_039,vgg_pca_040,vgg_pca_041,vgg_pca_042,vgg_pca_043,vgg_pca_044,vgg_pca_045,vgg_pca_046,vgg_pca_047,vgg_pca_048,vgg_pca_049
QualiSR-Set120/PASD/1024x768___4962875195.npy.gz,PASD,1024x768___4962875195.png,../../../mnt/ssd2/29o_rya/datasets/iqa/QualiSR-Set120/sr/PASD/1024x768___4962875195.png,QualiSR-Set120,1024x768___4962875195,PASD/1024x768___4962875195.png,../../../mnt/ssd2/29o_rya/datasets/iqa/QualiSR-Set120/hr/1024x768___4962875195.png,../../../mnt/ssd2/29o_rya/datasets/iqa/QualiSR-Set120/lr/1024x768___4962875195.png,train,-7.381428,-9.208598,-7.3646207,-13.14072,-0.83698463,-3.4978352,-19.810236,-17.72239,-10.898531,-19.396362,-19.90268,-11.578148,-8.150194,-37.890793,18.624626,37.96631,-21.138908,-79.10491,-60.735287,60.87979,1.1451417,6.8201823,-1.4039744,12.956085,-6.0696907,0.25314093,4.954694,-4.15413,-1.3409376,-2.0712137,-2.688387,0.035357952,-0.9276999,1.194749,0.51431334,1.0503788,-1.2739844,-0.32774666,-0.3638426,1.2482035,-0.11380792,0.19271946,-0.48219132,0.014319658,0.34757805,-1.05719,-0.30945766,0.33068037,0.8554638,0.17890751
QualiSR-Set120/RealESRGAN/1024x768___4962875195.npy.gz,RealESRGAN,1024x768___4962875195.png,../../../mnt/ssd2/29o_rya/datasets/iqa/QualiSR-Set120/sr/RealESRGAN/1024x768___4962875195.png,QualiSR-Set120,1024x768___4962875195,RealESRGAN/1024x768___4962875195.png,../../../mnt/ssd2/29o_rya/datasets/iqa/QualiSR-Set120/hr/1024x768___4962875195.png,../../../mnt/ssd2/29o_rya/datasets/iqa/QualiSR-Set120/lr/1024x768___4962875195.png,train,-6.692154,-8.523822,-6.048954,-12.831734,-1.0995197,-2.0874863,-20.287477,-16.801416,-12.393892,-19.304455,-21.338491,-11.6130295,-7.38322,-38.656803,18.612783,39.64117,-20.003973,-80.586105,-61.659916,62.331757,2.13234,7.306043,-1.2769283,11.928478,-5.9400916,-0.91825056,5.559738,-3.4823236,-0.2686653,-2.3415031,-3.1389527,0.17268682,-0.052687407,-1.2706488,0.45649934,0.6292691,0.8367319,1.9490381,-0.8121569,1.0552642,-0.113829255,0.8562055,-1.636126,1.6015799,-0.05165577,2.0823302,-2.3349955,0.36925197,-0.37716937,1.2094584
QualiSR-Set120/SUPIR/1024x768___4962875195.npy.gz,SUPIR,1024x768___4962875195.png,../../../mnt/ssd2/29o_rya/datasets/iqa/QualiSR-Set120/sr/SUPIR/1024x768___4962875195.png,QualiSR-Set120,1024x768___4962875195,SUPIR/1024x768___4962875195.png,../../../mnt/ssd2/29o_rya/datasets/iqa/QualiSR-Set120/hr/1024x768___4962875195.png,../../../mnt/ssd2/29o_rya/datasets/iqa/QualiSR-Set120/lr/1024x768___4962875195.png,train,-7.096072,-7.8423004,-7.5489035,-13.9062605,0.4593562,-3.1986723,-19.993057,-17.65305,-11.687019,-20.367165,-20.990076,-13.22408,-8.054955,-39.17352,19.715727,40.671024,-20.134027,-81.97714,-62.738995,62.705826,2.0922182,6.4950128,-3.290781,15.218384,-7.3121285,-0.0029473305,6.641391,-5.046465,0.4224081,0.09572855,-0.4858203,-0.3270824,-0.90725815,2.1472325,-0.94127834,1.1716774,-1.3586478,-2.0229225,1.2312748,-0.19502413,-0.45790422,-1.1748743,1.0370281,-1.9618623,0.012926102,-0.08881283,1.3769327,-0.55911803,-2.4208965,-2.1205604
QualiSR-Set120/PASD/ava_images___101816.npy.gz,PASD,ava_images___101816.png,../../../mnt/ssd2/29o_rya/datasets/iqa/QualiSR-Set120/sr/PASD/ava_images___101816.png,QualiSR-Set120,ava_images___101816,PASD/ava_images___101816.png,../../../mnt/ssd2/29o_rya/datasets/iqa/QualiSR-Set120/hr/ava_images___101816.png,../../../mnt/ssd2/29o_rya/datasets/iqa/QualiSR-Set120/lr/ava_images___101816.png,train,2.8614445,30.58119,-8.964408,-14.658039,33.206665,-9.661054,8.114983,-12.527761,-26.274662,-13.929259,6.4983006,-7.7839828,-13.758879,38.57222,20.575596,7.925169,-36.821198,-36.626747,132.69518,54.033043,-23.605587,34.434635,13.443833,11.559488,5.856784,13.668269,10.277766,7.132276,-8.550868,3.7433844,1.6222328,-4.272668,-3.9941435,4.5370555,10.738662,-13.009004,19.478153,10.049367,-9.998157,36.591595,23.427065,-24.44683,-15.50987,2.227501,19.115612,-4.7962923,4.5260396,4.1369414,1.4683464,-0.09275274
QualiSR-Set120/RealESRGAN/ava_images___101816.npy.gz,RealESRGAN,ava_images___101816.png,../../../mnt/ssd2/29o_rya/datasets/iqa/QualiSR-Set120/sr/RealESRGAN/ava_images___101816.png,QualiSR-Set120,ava_images___101816,RealESRGAN/ava_images___101816.png,../../../mnt/ssd2/29o_rya/datasets/iqa/QualiSR-Set120/hr/ava_images___101816.png,../../../mnt/ssd2/29o_rya/datasets/iqa/QualiSR-Set120/lr/ava_images___101816.png,train,-9.521119,3.330679,-9.361008,-12.088419,12.52686,-13.376311,-3.2728467,-13.503744,-15.392263,-8.652542,-2.282287,-10.041435,-11.889854,19.5148,6.4324055,5.636378,-20.848204,-18.54612,68.472595,21.710623,-7.7423306,9.607065,4.8273096,0.7739582,0.6237962,-0.6163192,-2.3552084,5.51692,8.688459,-4.221466,-2.392417,6.24253,7.700449,-8.1699,-12.82144,13.455203,-20.8708,-14.521916,12.651779,-37.77917,-25.33085,28.011354,19.008623,-3.041852,-16.231297,4.608378,-5.3140287,-4.888596,-1.1298223,2.4253588
QualiSR-Set120/SUPIR/ava_images___101816.npy.gz,SUPIR,ava_images___101816.png,../../../mnt/ssd2/29o_rya/datasets/iqa/QualiSR-Set120/sr/SUPIR/ava_images___101816.png,QualiSR-Set120,ava_images___101816,SUPIR/ava_images___101816.png,../../../mnt/ssd2/29o_rya/datasets/iqa/QualiSR-Set120/hr/ava_images___101816.png,../../../mnt/ssd2/29o_rya/datasets/iqa/QualiSR-Set120/lr/ava_images___101816.png,train,0.7834797,25.534094,-8.049358,-13.926176,25.070436,-10.738024,1.2904067,-14.10398,-23.284544,-11.612009,-0.059849262,-10.515374,-14.056114,33.428368,14.549063,7.9595213,-30.56023,-30.634762,114.14506,43.574142,-18.57196,25.872417,9.949931,11.74234,4.2038536,6.4996195,5.2392874,5.292101,0.94468117,-4.3687177,-0.7807342,1.4498783,3.7956016,-2.6502666,-7.190319,5.844258,-6.1194644,-4.6144986,4.8963404,-20.558956,-11.829577,13.320715,7.604169,-0.671841,-15.792017,4.4778457,-2.1409066,-2.7257285,-1.4676898,-0.853036
QualiSR-Set120/PASD/ava_images___158174.npy.gz,PASD,ava_images___158174.png,../../../mnt/ssd2/29o_rya/datasets/iqa/QualiSR-Set120/sr/PASD/ava_images___158174.png,QualiSR-Set120,ava_images___158174,PASD/ava_images___158174.png,../../../mnt/ssd2/29o_rya/datasets/iqa/QualiSR-Set120/hr/ava_images___158174.png,../../../mnt/ssd2/29o_rya/datasets/iqa/QualiSR-Set120/lr/ava_images___158174.png,train,-18.736448,-15.305958,-2.6177025,-12.90702,-70.488396,191.32445,6.408241,2.2935133,-25.10476,-24.010921,-2.4913857,2.6364737,21.674263,14.908377,3.5753453,-14.24803,-7.2312355,1.3354964,3.4047048,5.334496,2.5079272,-3.3614419,-5.985572,-2.5219607,3.5122929,-0.9180236,-1.6714754,-0.6223817,1.9168968,1.4247146,1.2162684,0.14338064,-1.6024611,1.7694379,-0.91031843,0.036578894,-0.47329998,-0.46931404,-0.78943634,-0.44510642,0.37337697,-1.9348574,3.0030289,-1.8828181,1.6556807,1.2949076,4.7274427,4.62891,0.15785551,-2.4113715
QualiSR-Set120/RealESRGAN/ava_images___158174.npy.gz,RealESRGAN,ava_images___158174.png,../../../mnt/ssd2/29o_rya/datasets/iqa/QualiSR-Set120/sr/RealESRGAN/ava_images___158174.png,QualiSR-Set120,ava_images___158174,RealESRGAN/ava_images___158174.png,../../../mnt/ssd2/29o_rya/datasets/iqa/QualiSR-Set120/hr/ava_images___158174.png,../../../mnt/ssd2/29o_rya/datasets/iqa/QualiSR-Set120/lr/ava_images___158174.png,train,-13.800049,-13.6189995,-2.9184914,-10.260638,-74.09089,191.9074,6.210918,2.2268171,-24.095276,-21.591434,-4.2521124,4.9455576,21.74573,12.989578,0.58712554,-15.259951,-6.686307,1.4761105,4.4496484,7.8676076,3.3197262,-2.6475458,-3.9130166,0.087179184,3.5615282,-2.3648047,-1.4602094,1.578339,0.43059158,-0.10113782,0.15400004,-2.5110843,2.631929,-2.076067,0.5100335,0.06729722,2.0703936,2.6234667,-1.0059183,-0.8214404,-1.9008672,0.50895035,-5.757538,3.6653042,-1.0267391,-1.5795894,-5.8462586,1.1894277,-0.2468872,-3.3038776
QualiSR-Set120/SUPIR/ava_images___158174.npy.gz,SUPIR,ava_images___158174.png,../../../mnt/ssd2/29o_rya/datasets/iqa/QualiSR-Set120/sr/SUPIR/ava_images___158174.png,QualiSR-Set120,ava_images___158174,SUPIR/ava_images___158174.png,../../../mnt/ssd2/29o_rya/datasets/iqa/QualiSR-Set120/hr/ava_images___158174.png,../../../mnt/ssd2/29o_rya/datasets/iqa/QualiSR-Set120/lr/ava_images___158174.png,train,-16.21327,-13.174852,-5.0872517,-13.281902,-65.40879,180.09996,9.343391,0.5603256,-25.565145,-21.479042,-3.992382,3.4402657,21.649178,12.09475,0.09774327,-13.619932,-6.455661,2.963876,3.4609125,5.7194333,4.460061,-2.3411365,-5.1781197,-1.6132765,3.117352,-1.5903912,-0.35705185,-2.1890025,1.9418335,0.008756995,-0.8442326,1.8553693,-3.5105548,2.1832476,-0.27569437,-0.21027327,-2.7314417,-3.3533726,1.5552057,0.48604256,1.0746728,0.32975364,3.502962,-1.9212245,-0.19680595,-0.022508144,0.089069724,-7.029668,1.5427307,6.271177
QualiSR-Set120/PASD/ava_images___18037.npy.gz,PASD,ava_images___18037.png,../../../mnt/ssd2/29o_rya/datasets/iqa/QualiSR-Set120/sr/PASD/ava_images___18037.png,QualiSR-Set120,ava_images___18037,PASD/ava_images___18037.png,../../../mnt/ssd2/29o_rya/datasets/iqa/QualiSR-Set120/hr/ava_images___18037.png,../../../mnt/ssd2/29o_rya/datasets/iqa/QualiSR-Set120/lr/ava_images___18037.png,train,-14.182684,-12.577985,-10.755562,-9.866311,1.3079046,-14.685171,-6.968632,-12.291342,-6.477093,-11.0928955,-3.1016285,-12.473122,-5.4990277,0.14125821,-7.8277426,-2.3154178,-9.717794,1.2610765,5.5607953,-9.434832,7.6325855,-9.751609,-5.320276,-11.02146,-3.3971941,-13.914055,-14.166527,-1.6077381,46.76299,2.749703,-2.1475687,-2.0376647,0.233159,-2.5187721,-8.00541,13.1177225,-28.211248,8.415477,-2.7391596,21.726007,8.920275,-2.44275,-7.1902113,7.9259853,-12.969486,11.387526,1.5393456,-1.1997752,0.13871038,-0.8184981
QualiSR-Set120/RealESRGAN/ava_images___18037.npy.gz,RealESRGAN,ava_images___18037.png,../../../mnt/ssd2/29o_rya/datasets/iqa/QualiSR-Set120/sr/RealESRGAN/ava_images___18037.png,QualiSR-Set120,ava_images___18037,RealESRGAN/ava_images___18037.png,../../../mnt/ssd2/29o_rya/datasets/iqa/QualiSR-Set120/hr/ava_images___18037.png,../../../mnt/ssd2/29o_rya/datasets/iqa/QualiSR-Set120/lr/ava_images___18037.png,train,-14.52563,-12.195883,-10.435051,-9.328315,1.1790508,-14.6564455,-7.264049,-12.401651,-6.4371767,-11.665642,-2.668462,-12.36836,-5.563625,0.4442898,-8.231466,-2.897099,-9.48874,1.7962842,5.2811913,-9.095434,7.4762087,-9.428229,-5.39041,-12.060122,-2.314886,-14.152761,-14.369808,-1.1272452,49.62786,3.382988,-2.0567584,-2.7592967,0.3065867,-2.4622962,-7.458702,12.246547,-27.244091,8.787804,-3.5257697,22.750423,9.157243,-3.053639,-7.584468,8.670339,-16.509476,13.633207,1.2107583,-1.7562399,0.1884017,-0.2993818
QualiSR-Set120/SUPIR/ava_images___18037.npy.gz,SUPIR,ava_images___18037.png,../../../mnt/ssd2/29o_rya/datasets/iqa/QualiSR-Set120/sr/SUPIR/ava_images___18037.png,QualiSR-Set120,ava_images___18037,SUPIR/ava_images___18037.png,../../../mnt/ssd2/29o_rya/datasets/iqa/QualiSR-Set120/hr/ava_images___18037.png,../../../mnt/ssd2/29o_rya/datasets/iqa/QualiSR-Set120/lr/ava_images___18037.png,train,-13.888279,-12.308006,-10.735114,-9.362439,1.2650526,-14.521344,-7.198902,-12.046156,-6.327861,-11.102095,-2.9750848,-12.078538,-5.4471827,0.16307233,-7.7663383,-2.3239698,-9.0715685,0.8664961,5.4297037,-9.320288,7.0381107,-9.710429,-4.97016,-11.391054,-2.7788882,-14.663866,-14.137291,-1.5136707,45.781467,3.2998462,-1.7411005,-1.9888155,0.049224794,-2.5130224,-7.2755737,12.560651,-26.873377,7.84269,-2.8190508,20.845495,8.398009,-2.6466975,-7.060728,7.611807,-13.059505,11.086781,1.5257496,-1.6792736,0.054248095,-0.16072011
QualiSR-Set120/PASD/ava_images___217590.npy.gz,PASD,ava_images___217590.png,../../../mnt/ssd2/29o_rya/datasets/iqa/QualiSR-Set120/sr/PASD/ava_images___217590.png,QualiSR-Set120,ava_images___217590,PASD/ava_images___217590.png,../../../mnt/ssd2/29o_rya/datasets/iqa/QualiSR-Set120/hr/ava_images___217590.png,../../../mnt/ssd2/29o_rya/datasets/iqa/QualiSR-Set120/lr/ava_images___217590.png,test,-11.753786,-11.926158,-10.630571,-9.373846,1.0459042,-13.887914,-4.7186937,-11.162887,-4.726505,-11.38963,-2.7502687,-10.041873,-5.590902,-1.4798352,-7.0388517,-2.3312874,-8.686906,0.39470005,3.7427487,-9.682,6.047559,-9.449535,-2.528288,-11.439893,-0.293409,-11.413798,-13.374902,-0.22913624,40.284615,2.133731,-2.1454978,-3.5429742,-2.4194746,-0.38401085,-1.0933384,3.932944,-7.9911156,2.5692585,-1.3809874,6.964138,2.9448848,-2.1834657,-1.1088431,0.9160197,-2.2394753,1.2872405,0.69390976,-0.80318165,-1.0464044,-0.80887693
QualiSR-Set120/RealESRGAN/ava_images___217590.npy.gz,RealESRGAN,ava_images___217590.png,../../../mnt/ssd2/29o_rya/datasets/iqa/QualiSR-Set120/sr/RealESRGAN/ava_images___217590.png,QualiSR-Set120,ava_images___217590,RealESRGAN/ava_images___217590.png,../../../mnt/ssd2/29o_rya/datasets/iqa/QualiSR-Set120/hr/ava_images___217590.png,../../../mnt/ssd2/29o_rya/datasets/iqa/QualiSR-Set120/lr/ava_images___217590.png,test,-11.286373,-11.555364,-10.781429,-9.792147,0.8913163,-13.599791,-4.534195,-11.070095,-4.8640466,-11.21247,-2.229666,-8.96192,-5.6835136,-2.0052752,-7.53222,-2.1464458,-9.476784,0.71700287,3.8704593,-9.822264,6.4233236,-9.838797,-2.7520947,-11.3740635,-0.321873,-11.9035,-13.588665,0.92232525,41.802795,2.3968139,-2.1852517,-4.174179,-2.354748,-0.47253668,-0.321077,2.6559114,-6.934037,2.5509868,-2.064854,7.0467596,2.9324183,-1.81426,-1.5381773,1.3980703,-3.1827717,1.9939704,0.6855644,-0.9679322,-1.2151482,-0.6199994
QualiSR-Set120/SUPIR/ava_images___217590.npy.gz,SUPIR,ava_images___217590.png,../../../mnt/ssd2/29o_rya/datasets/iqa/QualiSR-Set120/sr/SUPIR/ava_images___217590.png,QualiSR-Set120,ava_images___217590,SUPIR/ava_images___217590.png,../../../mnt/ssd2/29o_rya/datasets/iqa/QualiSR-Set120/hr/ava_images___217590.png,../../../mnt/ssd2/29o_rya/datasets/iqa/QualiSR-Set120/lr/ava_images___217590.png,test,-12.030082,-11.698868,-10.520329,-9.558096,1.1778616,-13.792783,-4.422428,-11.096541,-4.6282196,-11.281655,-2.6886468,-9.568151,-5.7115474,-1.7278885,-7.03102,-2.611092,-8.58465,0.22744155,3.6689713,-9.5224495,6.0761776,-9.057108,-2.8481143,-11.596853,-0.74606246,-11.261026,-12.902922,-0.06362062,40.160816,2.2000155,-2.1717324,-3.743777,-2.4708302,-0.51942396,-1.2927095,4.146495,-8.668701,2.573336,-1.5136335,7.426072,3.2176065,-2.063506,-1.1948979,1.1523991,-2.738596,1.5233321,0.76261127,-1.0449245,-1.0338786,-0.5627507
QualiSR-Set120/PASD/ava_images___251530.npy.gz,PASD,ava_images___251530.png,../../../mnt/ssd2/29o_rya/datasets/iqa/QualiSR-Set120/sr/PASD/ava_images___251530.png,QualiSR-Set120,ava_images___251530,PASD/ava_images___251530.png,../../../mnt/ssd2/29o_rya/datasets/iqa/QualiSR-Set120/hr/ava_images___251530.png,../../../mnt/ssd2/29o_rya/datasets/iqa/QualiSR-Set120/lr/ava_images___251530.png,train,-11.733587,-10.406759,-10.003461,-10.223412,0.23498666,-14.6426525,-8.948881,-11.90015,-7.173161,-12.332739,-3.8884003,-12.6612215,-6.7411666,-1.0402149,-2.236479,-1.8203058,-7.8917084,0.044588447,7.752289,-12.19121,10.10792,-10.712781,-5.8462706,-6.6064568,-3.6711478,-6.5166206,-11.816336,-3.5658436,20.92095,1.9167461,-0.3791201,0.9247596,-0.15849459,-3.24306,-2.1340141,8.498907,-16.646614,-6.5158167,4.00307,-2.883947,-6.4859924,4.426046,2.0863073,-6.9076986,43.457592,-28.559233,-2.946453,10.964684,1.930835,-7.7040935
QualiSR-Set120/RealESRGAN/ava_images___251530.npy.gz,RealESRGAN,ava_images___251530.png,../../../mnt/ssd2/29o_rya/datasets/iqa/QualiSR-Set120/sr/RealESRGAN/ava_images___251530.png,QualiSR-Set120,ava_images___251530,RealESRGAN/ava_images___251530.png,../../../mnt/ssd2/29o_rya/datasets/iqa/QualiSR-Set120/hr/ava_images___251530.png,../../../mnt/ssd2/29o_rya/datasets/iqa/QualiSR-Set120/lr/ava_images___251530.png,train,-14.094134,-11.324532,-10.175021,-9.594938,-1.2821044,-14.45631,-8.360862,-11.903703,-7.5407085,-11.2873335,-2.786828,-12.197318,-6.1612005,-0.6051889,-3.6851854,-1.0094028,-7.3181205,-0.6979854,6.363117,-11.182553,7.333412,-9.85723,-3.6564624,-6.9758415,-2.4047508,-7.3060594,-9.884712,-2.2438467,20.340641,1.1017773,-0.9541659,1.6993406,-0.05759275,-1.4799734,-1.6045322,5.5144186,-13.293192,-4.348083,2.7289593,-2.5437303,-5.015869,3.4377832,1.3345962,-6.067778,32.85485,-22.176638,-2.0818882,9.796921,0.7245152,-5.5590086
QualiSR-Set120/SUPIR/ava_images___251530.npy.gz,SUPIR,ava_images___251530.png,../../../mnt/ssd2/29o_rya/datasets/iqa/QualiSR-Set120/sr/SUPIR/ava_images___251530.png,QualiSR-Set120,ava_images___251530,SUPIR/ava_images___251530.png,../../../mnt/ssd2/29o_rya/datasets/iqa/QualiSR-Set120/hr/ava_images___251530.png,../../../mnt/ssd2/29o_rya/datasets/iqa/QualiSR-Set120/lr/ava_images___251530.png,train,-13.26791,-11.51239,-10.489777,-9.410975,-0.7975863,-14.242794,-8.006855,-11.55117,-7.3431916,-11.325521,-2.8746343,-12.212811,-5.513188,-0.0656845,-2.918915,-0.94860697,-7.254337,-0.47322178,7.033391,-10.941317,7.0521574,-8.8216095,-3.9648478,-7.596245,-3.5162404,-6.172841,-9.184269,-2.446906,18.149857,0.8139857,-0.34748304,1.049132,-0.18999112,-1.1813794,-1.7060492,6.222279,-13.382445,-5.670427,2.8346083,-2.9360101,-5.1158934,3.6552482,1.9400417,-5.787709,29.95918,-20.687504,-1.6426641,8.359646,1.2526796,-4.9098897
QualiSR-Set120/PASD/ava_images___253900.npy.gz,PASD,ava_images___253900.png,../../../mnt/ssd2/29o_rya/datasets/iqa/QualiSR-Set120/sr/PASD/ava_images___253900.png,QualiSR-Set120,ava_images___253900,PASD/ava_images___253900.png,../../../mnt/ssd2/29o_rya/datasets/iqa/QualiSR-Set120/hr/ava_images___253900.png,../../../mnt/ssd2/29o_rya/datasets/iqa/QualiSR-Set120/lr/ava_images___253900.png,train,2.526886,-15.27658,-3.2476597,-5.30824,-1.235643,-14.502877,-12.600896,-7.4587784,-9.478865,-18.022564,-2.9147744,-8.457218,-10.373303,-9.574182,-1.2039015,-0.50414526,-10.491384,1.1650672,8.798614,-24.377106,25.861254,-21.59658,-13.055393,9.015436,47.236534,-50.879486,73.33176,1.4434772,-13.958409,5.906793,-2.3204675,-1.381146,0.43326363,3.4887114,2.2755353,0.6736691,-1.0142865,-0.54790837,0.40183425,-0.4818837,0.68465006,-4.104077,0.5156218,-0.82083523,-2.6430788,-2.3639066,-1.4442937,-4.4170327,-0.6188276,-5.9930067
QualiSR-Set120/RealESRGAN/ava_images___253900.npy.gz,RealESRGAN,ava_images___253900.png,../../../mnt/ssd2/29o_rya/datasets/iqa/QualiSR-Set120/sr/RealESRGAN/ava_images___253900.png,QualiSR-Set120,ava_images___253900,RealESRGAN/ava_images___253900.png,../../../mnt/ssd2/29o_rya/datasets/iqa/QualiSR-Set120/hr/ava_images___253900.png,../../../mnt/ssd2/29o_rya/datasets/iqa/QualiSR-Set120/lr/ava_images___253900.png,train,-0.5394144,-13.625998,-5.6637115,-5.9281063,-2.7997766,-14.862631,-11.237549,-7.624245,-12.147073,-18.34096,-4.8717766,-8.241714,-10.693756,-8.869825,-3.7909014,2.0787783,-9.96825,3.6557825,7.9291906,-21.227526,27.146675,-22.156748,-11.259102,10.778238,48.859833,-48.199425,75.38139,-1.3625807,-13.664174,0.8345662,-3.2200565,-1.2824957,0.18382284,1.7717665,0.6265414,-0.58782935,3.2176113,2.132226,-1.1467481,2.1566536,0.83522546,1.8556767,-2.1889596,0.48216295,-3.8924952,4.632501,0.70126116,2.9885745,1.0947112,5.876498
QualiSR-Set120/SUPIR/ava_images___253900.npy.gz,SUPIR,ava_images___253900.png,../../../mnt/ssd2/29o_rya/datasets/iqa/QualiSR-Set120/sr/SUPIR/ava_images___253900.png,QualiSR-Set120,ava_images___253900,SUPIR/ava_images___253900.png,../../../mnt/ssd2/29o_rya/datasets/iqa/QualiSR-Set120/hr/ava_images___253900.png,../../../mnt/ssd2/29o_rya/datasets/iqa/QualiSR-Set120/lr/ava_images___253900.png,train,-1.2042408,-14.745191,-7.099873,-5.9231405,-0.81587017,-14.593408,-11.286924,-8.871693,-11.002129,-17.400475,-4.085703,-9.024454,-10.319261,-8.345267,-2.7991934,0.39265415,-10.337911,0.031071067,7.9598646,-22.66951,24.15773,-20.152937,-10.515127,7.345213,39.308075,-40.9609,60.292866,-1.7612039,-8.673457,3.4816031,-1.5871112,-0.17453384,-1.1617576,-0.02229178,-0.9275296,1.2294731,-2.4449024,0.9243651,-0.82606673,-2.4199007,-0.5688845,0.17121315,0.5166791,-1.4008739,2.755002,-1.2462587,-1.2738614,0.712574,0.73476934,1.5204659
QualiSR-Set120/PASD/ava_images___273810.npy.gz,PASD,ava_images___273810.png,../../../mnt/ssd2/29o_rya/datasets/iqa/QualiSR-Set120/sr/PASD/ava_images___273810.png,QualiSR-Set120,ava_images___273810,PASD/ava_images___273810.png,../../../mnt/ssd2/29o_rya/datasets/iqa/QualiSR-Set120/hr/ava_images___273810.png,../../../mnt/ssd2/29o_rya/datasets/iqa/QualiSR-Set120/lr/ava_images___273810.png,train,-28.77277,-0.28904533,15.280862,-16.808693,-20.60211,13.580478,30.794558,-1.3041401,5.9838567,136.30965,-75.248985,26.49384,-78.71461,-7.790827,3.8379037,-0.96886706,-15.778936,5.020541,0.5802102,-2.275189,2.8294768,0.0045542717,-4.0337067,1.9966345,3.5717783,4.425025,1.434021,1.4258394,0.36922646,1.8977157,-1.3101645,2.5166008,-1.8686192,1.4461287,2.5848587,-1.2734909,-2.2566614,-6.6195908,0.93534154,-0.5248941,4.1694226,10.122976,0.98253137,-7.4315934,33.26922,46.946045,-1.8333292,-17.200468,23.513193,0.06475747
QualiSR-Set120/RealESRGAN/ava_images___273810.npy.gz,RealESRGAN,ava_images___273810.png,../../../mnt/ssd2/29o_rya/datasets/iqa/QualiSR-Set120/sr/RealESRGAN/ava_images___273810.png,QualiSR-Set120,ava_images___273810,RealESRGAN/ava_images___273810.png,../../../mnt/ssd2/29o_rya/datasets/iqa/QualiSR-Set120/hr/ava_images___273810.png,../../../mnt/ssd2/29o_rya/datasets/iqa/QualiSR-Set120/lr/ava_images___273810.png,train,-27.054504,-1.7979879,16.881054,-15.698643,-21.605389,13.8278475,27.738562,-5.8196054,5.4062924,126.21103,-68.685905,24.95422,-74.21161,-5.2090816,2.1887677,-2.520951,-15.454485,5.8556185,-0.90421486,-0.52894306,0.59354365,1.616405,-2.7007866,4.496318,6.360336,0.21218348,-2.9923358,0.124904834,-0.16119671,-1.4280406,2.6857934,-1.9319456,0.85738695,1.9532877,-2.2550478,0.38094854,1.987956,6.8607607,-0.14115572,2.867297,-3.136632,-8.67325,-2.5609484,10.98299,-29.934803,-44.47397,2.5960703,16.948391,-21.019056,-1.2779582
QualiSR-Set120/SUPIR/ava_images___273810.npy.gz,SUPIR,ava_images___273810.png,../../../mnt/ssd2/29o_rya/datasets/iqa/QualiSR-Set120/sr/SUPIR/ava_images___273810.png,QualiSR-Set120,ava_images___273810,SUPIR/ava_images___273810.png,../../../mnt/ssd2/29o_rya/datasets/iqa/QualiSR-Set120/hr/ava_images___273810.png,../../../mnt/ssd2/29o_rya/datasets/iqa/QualiSR-Set120/lr/ava_images___273810.png,train,-29.24944,0.3279934,14.898276,-15.554943,-21.899055,10.867671,32.305855,-5.356095,4.8654037,133.92467,-71.57296,23.16114,-73.86756,-4.3267846,2.3941348,-2.49598,-14.452749,4.9793596,-1.0595441,-1.451364,3.0953414,2.1639094,-2.0771527,4.5400486,5.5356226,2.694847,-0.6128149,-0.2255752,0.18399811,2.5042472,0.47787857,0.5266535,0.0019580722,-0.365515,-0.34298372,1.500423,0.70454216,0.96816653,-0.026407242,-1.4237447,-0.19619262,-4.258007,1.2697217,-3.056766,-4.7130117,-5.725977,0.9567255,1.6163099,-3.5679035,0.023927271
QualiSR-Set120/PASD/ava_images___295451.npy.gz,PASD,ava_images___295451.png,../../../mnt/ssd2/29o_rya/datasets/iqa/QualiSR-Set120/sr/PASD/ava_images___295451.png,QualiSR-Set120,ava_images___295451,PASD/ava_images___295451.png,../../../mnt/ssd2/29o_rya/datasets/iqa/QualiSR-Set120/hr/ava_images___295451.png,../../../mnt/ssd2/29o_rya/datasets/iqa/QualiSR-Set120/lr/ava_images___295451.png,train,-17.812408,-10.494566,-3.429761,-8.284198,-1.3463128,-6.812982,-1.6067829,-11.175795,-6.4076304,2.5423088,-3.862516,-12.439237,6.9710402,-0.98142755,3.8703892,2.5512426,-9.796528,-7.738312,2.770856,-18.561945,-10.041563,-25.771032,1.0622262,-78.483475,-55.3431,45.521397,49.668705,-8.7905445,-11.452577,0.40362477,2.4548945,-1.6865835,0.33846596,0.2627704,0.42815435,0.8885288,0.6728959,0.5625688,2.223621,-2.457986,1.9966964,-4.328071,0.81946635,1.439575,-10.125624,-0.8620229,2.94911,2.2561958,-0.06560266,-28.825657
QualiSR-Set120/RealESRGAN/ava_images___295451.npy.gz,RealESRGAN,ava_images___295451.png,../../../mnt/ssd2/29o_rya/datasets/iqa/QualiSR-Set120/sr/RealESRGAN/ava_images___295451.png,QualiSR-Set120,ava_images___295451,RealESRGAN/ava_images___295451.png,../../../mnt/ssd2/29o_rya/datasets/iqa/QualiSR-Set120/hr/ava_images___295451.png,../../../mnt/ssd2/29o_rya/datasets/iqa/QualiSR-Set120/lr/ava_images___295451.png,train,-17.663887,-10.55871,-3.9193983,-8.889521,-3.68531,-6.9457283,-1.8465438,-10.523641,-7.626112,0.42560482,-3.8450456,-11.07311,3.3339353,-4.7950363,0.19245219,2.2242122,-12.894318,-7.100771,4.310516,-16.659575,-7.8950577,-22.298416,2.2343132,-66.71692,-44.55134,36.142746,39.710995,-7.9780927,-6.3315725,-2.2098966,-2.0099466,-2.7377112,6.375608,2.026198,0.36365902,-3.665071,4.29471,1.681158,-6.3307285,0.87267405,-0.112494946,6.3175483,-1.1634426,2.7288775,6.0713873,3.269259,-3.9698157,-2.7892318,-1.8088226,35.934258
QualiSR-Set120/SUPIR/ava_images___295451.npy.gz,SUPIR,ava_images___295451.png,../../../mnt/ssd2/29o_rya/datasets/iqa/QualiSR-Set120/sr/SUPIR/ava_images___295451.png,QualiSR-Set120,ava_images___295451,SUPIR/ava_images___295451.png,../../../mnt/ssd2/29o_rya/datasets/iqa/QualiSR-Set120/hr/ava_images___295451.png,../../../mnt/ssd2/29o_rya/datasets/iqa/QualiSR-Set120/lr/ava_images___295451.png,train,-17.141357,-9.996194,-4.1864004,-9.279455,-2.2067795,-6.9102707,-1.9019313,-12.827873,-7.8222814,1.6629772,-3.3911548,-13.638447,5.442015,-1.1252023,2.5239847,3.662836,-10.953085,-7.1512337,3.1108317,-17.182932,-7.898402,-22.326166,1.2457396,-68.93521,-47.67092,36.805923,40.16522,-7.7916694,-6.400914,-0.2848643,1.3495492,0.25244617,-0.25385565,-0.31405103,-0.26152432,-1.0447588,-0.81617975,0.73231316,0.16509974,-0.09438878,0.84275424,0.32517803,-0.5449153,-0.3747096,-1.3684511,-1.3346393,0.55475664,-0.27295852,0.15961981,-1.0906432
QualiSR-Set120/PASD/ava_images___308473.npy.gz,PASD,ava_images___308473.png,../../../mnt/ssd2/29o_rya/datasets/iqa/QualiSR-Set120/sr/PASD/ava_images___308473.png,QualiSR-Set120,ava_images___308473,PASD/ava_images___308473.png,../../../mnt/ssd2/29o_rya/datasets/iqa/QualiSR-Set120/hr/ava_images___308473.png,../../../mnt/ssd2/29o_rya/datasets/iqa/QualiSR-Set120/lr/ava_images___308473.png,train,-3.9289265,-13.030233,-10.5814905,-10.484062,-3.0176487,-13.337995,-15.870342,-3.9371367,-9.925123,-19.284397,-7.323368,-13.426634,-5.673451,-14.359225,2.8508236,-2.3562365,-1.0590987,-8.269797,-2.9800072,-16.851604,12.519699,-18.869158,27.107086,-21.869959,77.57192,56.480083,-27.106224,-1.9351549,-13.624354,0.2619074,0.43844557,-2.5619366,0.25573537,-0.6794231,1.8920391,0.01740408,0.37535715,-2.8765013,-0.8007939,0.76259774,0.97783935,0.26237178,0.14462495,0.69347906,-1.5658922,-0.055742264,2.2010365,-1.0567186,-0.11615229,-0.7066172
QualiSR-Set120/RealESRGAN/ava_images___308473.npy.gz,RealESRGAN,ava_images___308473.png,../../../mnt/ssd2/29o_rya/datasets/iqa/QualiSR-Set120/sr/RealESRGAN/ava_images___308473.png,QualiSR-Set120,ava_images___308473,RealESRGAN/ava_images___308473.png,../../../mnt/ssd2/29o_rya/datasets/iqa/QualiSR-Set120/hr/ava_images___308473.png,../../../mnt/ssd2/29o_rya/datasets/iqa/QualiSR-Set120/lr/ava_images___308473.png,train,-6.5337276,-12.467069,-9.828817,-9.939869,-3.768508,-13.338725,-14.21541,-5.5915475,-9.277635,-18.515493,-6.6897755,-13.389357,-5.6170835,-12.897465,0.32419324,-1.4278516,-1.5210323,-8.435781,-4.3543024,-14.938728,11.823237,-16.89346,25.379692,-19.482294,70.30294,47.400673,-24.612144,-1.4633105,-8.920461,-1.5969309,0.45550978,-2.2478902,0.23686609,0.46494997,-1.0615073,-1.0512304,-0.4787407,1.0115238,-1.0833385,0.8530298,-0.43492937,-0.15994334,-1.7476907,-0.1172595,-2.5434885,1.7896209,-1.7978495,-0.046368837,2.866189,-0.66889083
QualiSR-Set120/SUPIR/ava_images___308473.npy.gz,SUPIR,ava_images___308473.png,../../../mnt/ssd2/29o_rya/datasets/iqa/QualiSR-Set120/sr/SUPIR/ava_images___308473.png,QualiSR-Set120,ava_images___308473,SUPIR/ava_images___308473.png,../../../mnt/ssd2/29o_rya/datasets/iqa/QualiSR-Set120/hr/ava_images___308473.png,../../../mnt/ssd2/29o_rya/datasets/iqa/QualiSR-Set120/lr/ava_images___308473.png,train,-4.339798,-13.526823,-9.683997,-11.254359,-5.1324825,-13.460658,-13.979162,-3.4030704,-9.133433,-20.537247,-7.5002728,-13.960281,-6.238027,-14.901126,2.3378403,-2.5191615,-0.8021045,-8.960346,-4.073106,-17.709139,11.019829,-18.740446,27.82866,-21.705343,80.951454,58.87488,-28.241432,-1.9667698,-14.647109,-1.4446105,2.0946474,-3.7880237,-0.6956203,-0.9905669,-1.286855,0.021342278,-0.30720282,-3.2734318,0.6589396,1.9463665,0.84585416,-0.12031984,0.15444744,-0.63079846,-2.7102833,2.0428958,-0.32600188,-1.1527662,-2.2842848,-0.005322203
QualiSR-Set120/PASD/ava_images___321917.npy.gz,PASD,ava_images___321917.png,../../../mnt/ssd2/29o_rya/datasets/iqa/QualiSR-Set120/sr/PASD/ava_images___321917.png,QualiSR-Set120,ava_images___321917,PASD/ava_images___321917.png,../../../mnt/ssd2/29o_rya/datasets/iqa/QualiSR-Set120/hr/ava_images___321917.png,../../../mnt/ssd2/29o_rya/datasets/iqa/QualiSR-Set120/lr/ava_images___321917.png,train,0.66980934,-15.644335,-11.745766,-8.23021,1.5317957,-16.164152,-7.7119656,-16.370802,-11.958488,-25.121822,-4.997706,-10.222777,-10.226432,-2.298705,-15.705217,-8.919696,-19.720741,13.958363,10.801045,-22.53566,77.47166,1.7031865,-51.278465,58.785686,-34.624184,43.611294,-6.187703,-1.638837,-16.249367,-0.94930637,1.6400024,1.49333,-0.25910354,0.18148065,1.1460493,-0.53556156,3.5460072,0.55340546,-0.306597,3.7867298,0.79425466,-0.8849602,-0.16064167,1.5330498,-4.162036,2.5302305,0.9476963,-2.4701047,-0.5707679,-2.090805
QualiSR-Set120/RealESRGAN/ava_images___321917.npy.gz,RealESRGAN,ava_images___321917.png,../../../mnt/ssd2/29o_rya/datasets/iqa/QualiSR-Set120/sr/RealESRGAN/ava_images___321917.png,QualiSR-Set120,ava_images___321917,RealESRGAN/ava_images___321917.png,../../../mnt/ssd2/29o_rya/datasets/iqa/QualiSR-Set120/hr/ava_images___321917.png,../../../mnt/ssd2/29o_rya/datasets/iqa/QualiSR-Set120/lr/ava_images___321917.png,train,-3.5169716,-14.954948,-12.271928,-6.8368325,0.850356,-13.747243,-9.566248,-14.823101,-10.654455,-22.17976,-5.227273,-9.932693,-9.484816,-2.3297982,-12.467174,-6.055169,-14.66181,12.339395,8.042604,-18.577778,65.36957,-0.19809723,-42.425255,47.774906,-30.087484,35.19974,-9.019939,-0.876014,-11.851977,-4.371446,1.733672,0.6766859,0.41225404,-0.355951,-0.24811089,-1.0165529,2.122075,0.37728524,-0.8203976,-1.7260045,0.49871528,-0.1677885,-0.7059691,-0.38502693,-1.2841825,0.21568108,-1.6680131,0.72399616,0.6373559,3.6039386
QualiSR-Set120/SUPIR/ava_images___321917.npy.gz,SUPIR,ava_images___321917.png,../../../mnt/ssd2/29o_rya/datasets/iqa/QualiSR-Set120/sr/SUPIR/ava_images___321917.png,QualiSR-Set120,ava_images___321917,SUPIR/ava_images___321917.png,../../../mnt/ssd2/29o_rya/datasets/iqa/QualiSR-Set120/hr/ava_images___321917.png,../../../mnt/ssd2/29o_rya/datasets/iqa/QualiSR-Set120/lr/ava_images___321917.png,train,-5.2183733,-15.412731,-13.162349,-7.817059,0.70434606,-15.643577,-7.759932,-13.930426,-10.813143,-23.8592,-5.536822,-12.15878,-9.469081,-1.2377446,-14.04031,-7.0774264,-16.404905,11.735812,8.717325,-18.319994,66.87698,0.17278004,-41.404263,47.4104,-29.747576,34.147915,-7.155116,-0.664124,-11.779748,-2.4622164,1.9322158,1.5318964,-0.020515263,0.02034831,0.98674345,-1.3254409,2.7676916,1.6179137,-0.055587053,0.11714572,-0.15385926,0.49949157,1.4222808,0.9295087,-3.6258898,2.4341025,-0.7818493,0.38581514,-0.18570805,-0.28137818
QualiSR-Set120/PASD/ava_images___360165.npy.gz,PASD,ava_images___360165.png,../../../mnt/ssd2/29o_rya/datasets/iqa/QualiSR-Set120/sr/PASD/ava_images___360165.png,QualiSR-Set120,ava_images___360165,PASD/ava_images___360165.png,../../../mnt/ssd2/29o_rya/datasets/iqa/QualiSR-Set120/hr/ava_images___360165.png,../../../mnt/ssd2/29o_rya/datasets/iqa/QualiSR-Set120/lr/ava_images___360165.png,train,21.99003,-72.57024,260.54498,56.83992,23.43925,3.9463358,-10.156229,5.427904,5.3466716,-12.089927,9.92909,-0.5336971,-0.70042515,-0.6981095,4.098282,-5.1852694,-0.09112835,0.88561964,4.86847,4.61984,1.0120759,2.9796634,-1.3957553,1.4584866,-2.758962,7.48967,-7.298724,1.82163,-3.5836267,45.518864,-69.68505,-0.75974894,33.940495,34.12381,0.49923885,0.93678474,-3.21006,-3.0585544,-0.27144074,0.4508229,-0.1459018,-1.1567423,1.4260801,-1.9577931,-0.6801386,-0.9532862,0.33513772,1.0127958,0.28595626,-0.8250352
QualiSR-Set120/RealESRGAN/ava_images___360165.npy.gz,RealESRGAN,ava_images___360165.png,../../../mnt/ssd2/29o_rya/datasets/iqa/QualiSR-Set120/sr/RealESRGAN/ava_images___360165.png,QualiSR-Set120,ava_images___360165,RealESRGAN/ava_images___360165.png,../../../mnt/ssd2/29o_rya/datasets/iqa/QualiSR-Set120/hr/ava_images___360165.png,../../../mnt/ssd2/29o_rya/datasets/iqa/QualiSR-Set120/lr/ava_images___360165.png,train,6.3285294,-57.38472,184.9521,37.461994,15.294795,-1.6825199,-8.108828,-0.7719908,2.8104472,-8.120292,10.687627,-1.9243317,0.5656686,1.0658028,2.7750776,-7.864864,-0.3196988,-2.8283334,-0.44005728,2.240624,-1.964936,0.0095796585,0.6808404,2.458953,4.187649,-5.638418,2.118061,-2.011039,12.236374,-58.90891,90.95826,-1.3649626,33.228123,26.995468,5.0542307,2.1139371,1.108336,-1.6723515,0.25995994,2.5718312,-1.2805554,1.3753576,-0.3332157,0.8882668,1.8107839,1.0347843,1.3253926,-1.6290126,1.0191894,0.5055241
QualiSR-Set120/SUPIR/ava_images___360165.npy.gz,SUPIR,ava_images___360165.png,../../../mnt/ssd2/29o_rya/datasets/iqa/QualiSR-Set120/sr/SUPIR/ava_images___360165.png,QualiSR-Set120,ava_images___360165,SUPIR/ava_images___360165.png,../../../mnt/ssd2/29o_rya/datasets/iqa/QualiSR-Set120/hr/ava_images___360165.png,../../../mnt/ssd2/29o_rya/datasets/iqa/QualiSR-Set120/lr/ava_images___360165.png,train,11.691917,-62.0123,204.08937,40.848545,19.149147,1.1665621,-6.6229906,0.9730396,4.4425597,-6.560754,6.6335535,-0.6655445,2.0818558,1.0701237,3.7554162,-2.018845,-0.12969446,-1.7641047,3.4686956,0.16816473,-1.4115098,1.0013003,1.9098059,0.66980743,-1.00125,1.1472445,2.9021702,-3.0293036,-0.5464134,-7.3033657,3.2046008,1.3745466,-73.489296,-68.11507,-4.932316,-3.0938702,2.291623,5.0674887,0.84963036,-2.7961388,1.5470635,0.26179934,-1.2577951,0.5982318,0.25006485,0.6713171,-0.5310642,-0.13551617,-1.3649089,0.96309346
QualiSR-Set120/PASD/ava_images___426629.npy.gz,PASD,ava_images___426629.png,../../../mnt/ssd2/29o_rya/datasets/iqa/QualiSR-Set120/sr/PASD/ava_images___426629.png,QualiSR-Set120,ava_images___426629,PASD/ava_images___426629.png,../../../mnt/ssd2/29o_rya/datasets/iqa/QualiSR-Set120/hr/ava_images___426629.png,../../../mnt/ssd2/29o_rya/datasets/iqa/QualiSR-Set120/lr/ava_images___426629.png,test,-14.146894,-8.107517,-8.11577,-9.8734455,1.1803219,-12.052096,-4.1233044,-10.27472,-3.5192802,-9.770592,-2.3072453,-6.5071406,-5.8432794,-3.3665657,-5.368175,0.24287224,-6.643737,2.5527828,4.861906,-10.773804,6.983946,-8.255322,-6.511844,-7.6171045,-2.4331484,-9.962889,-9.855177,-3.1153927,22.401016,0.7052816,-0.7054363,-2.8148172,-0.008846939,-1.8135514,-1.7199512,4.365023,-12.167851,1.7853901,-0.2766149,6.475349,1.9680337,-0.54759383,0.10105419,0.63074756,2.0870428,-3.650105,-0.74459153,2.009516,-0.5781734,0.66622776
QualiSR-Set120/RealESRGAN/ava_images___426629.npy.gz,RealESRGAN,ava_images___426629.png,../../../mnt/ssd2/29o_rya/datasets/iqa/QualiSR-Set120/sr/RealESRGAN/ava_images___426629.png,QualiSR-Set120,ava_images___426629,RealESRGAN/ava_images___426629.png,../../../mnt/ssd2/29o_rya/datasets/iqa/QualiSR-Set120/hr/ava_images___426629.png,../../../mnt/ssd2/29o_rya/datasets/iqa/QualiSR-Set120/lr/ava_images___426629.png,test,-13.568805,-4.9912143,-7.310462,-9.631904,0.7160529,-11.317006,-3.6237252,-9.188014,-2.4932353,-9.016984,-2.6659627,-5.300097,-6.1711564,-4.7191854,-5.9340734,-0.0703356,-6.3228846,3.066357,4.138507,-11.164244,6.830146,-7.8680997,-7.151903,-7.7617393,-2.3779929,-10.586277,-9.757729,-3.965234,21.932886,0.60071534,-1.0664467,-3.6454613,0.34475327,-1.2329535,-0.52218586,3.4293115,-13.261753,2.8457413,-0.38958323,6.8649163,2.6170106,-0.8827131,0.7166799,1.234519,1.1792722,-3.457794,-0.07185233,2.351263,-0.7485626,0.39426357
QualiSR-Set120/SUPIR/ava_images___426629.npy.gz,SUPIR,ava_images___426629.png,../../../mnt/ssd2/29o_rya/datasets/iqa/QualiSR-Set120/sr/SUPIR/ava_images___426629.png,QualiSR-Set120,ava_images___426629,SUPIR/ava_images___426629.png,../../../mnt/ssd2/29o_rya/datasets/iqa/QualiSR-Set120/hr/ava_images___426629.png,../../../mnt/ssd2/29o_rya/datasets/iqa/QualiSR-Set120/lr/ava_images___426629.png,test,-13.3065405,-6.8228965,-7.7655306,-9.444772,0.3398794,-11.429419,-3.6998131,-10.297137,-4.4584327,-9.971574,-1.0182959,-6.120393,-6.336079,-4.04853,-5.6506176,0.21631496,-6.610937,2.914376,4.2945266,-10.107737,6.491213,-7.8415265,-6.2302938,-8.211908,-2.4755192,-9.916447,-10.255937,-3.7790546,21.575329,0.5682962,-1.5624033,-3.4725058,-0.10583818,-0.8797287,-1.9012109,4.139161,-12.223629,1.9675094,-0.97040725,5.5371757,1.5352088,-0.52786446,0.50310874,0.5543647,2.0185199,-3.7750807,-0.25336528,2.0101461,-0.33788133,1.7052345
QualiSR-Set120/PASD/ava_images___436880.npy.gz,PASD,ava_images___436880.png,../../../mnt/ssd2/29o_rya/datasets/iqa/QualiSR-Set120/sr/PASD/ava_images___436880.png,QualiSR-Set120,ava_images___436880,PASD/ava_images___436880.png,../../../mnt/ssd2/29o_rya/datasets/iqa/QualiSR-Set120/hr/ava_images___436880.png,../../../mnt/ssd2/29o_rya/datasets/iqa/QualiSR-Set120/lr/ava_images___436880.png,train,-6.0630074,1.8603544,-10.528004,-18.00859,0.46262288,-7.328404,-26.242794,-3.648293,9.136919,-8.460707,-10.937254,-5.4781117,10.729906,-94.49115,103.46233,-41.21084,33.201443,55.71892,14.700852,22.324821,-7.701523,17.888184,-13.816887,-4.449859,-6.655741,-5.417148,2.255951,-0.21464445,-1.260562,1.8439099,2.324988,1.9470099,-5.2641163,0.08523846,1.9028552,-2.6554217,5.9488583,-53.0374,2.0588276,16.625013,-5.850987,-1.0577154,-7.4196854,0.7527678,-9.608355,5.7871766,-4.3343735,2.253625,4.837763,-33.944103
QualiSR-Set120/RealESRGAN/ava_images___436880.npy.gz,RealESRGAN,ava_images___436880.png,../../../mnt/ssd2/29o_rya/datasets/iqa/QualiSR-Set120/sr/RealESRGAN/ava_images___436880.png,QualiSR-Set120,ava_images___436880,RealESRGAN/ava_images___436880.png,../../../mnt/ssd2/29o_rya/datasets/iqa/QualiSR-Set120/hr/ava_images___436880.png,../../../mnt/ssd2/29o_rya/datasets/iqa/QualiSR-Set120/lr/ava_images___436880.png,train,-4.2297716,0.87585163,-11.051165,-15.144175,-4.5093374,-6.474113,-27.483072,-1.5111275,7.938474,-10.518829,-9.8555565,-5.954298,6.056871,-79.634514,85.76784,-33.154568,30.484396,44.57383,13.103746,20.048325,-6.1527424,12.53994,-4.689145,-1.0558796,-0.3993687,-0.5633087,-3.8296602,3.5961454,-2.4207296,-3.0886025,-2.075975,-0.6873174,10.323988,-2.6399837,1.0446415,-3.0692348,-3.0906446,78.73409,-4.5908937,-24.294516,6.6180086,0.5168867,14.839384,-0.32358027,6.503549,1.7768078,0.42813253,-4.7028136,3.1743467,-14.163105
QualiSR-Set120/SUPIR/ava_images___436880.npy.gz,SUPIR,ava_images___436880.png,../../../mnt/ssd2/29o_rya/datasets/iqa/QualiSR-Set120/sr/SUPIR/ava_images___436880.png,QualiSR-Set120,ava_images___436880,SUPIR/ava_images___436880.png,../../../mnt/ssd2/29o_rya/datasets/iqa/QualiSR-Set120/hr/ava_images___436880.png,../../../mnt/ssd2/29o_rya/datasets/iqa/QualiSR-Set120/lr/ava_images___436880.png,train,-8.845115,-1.3046665,-11.33111,-18.878933,-2.273905,-9.403748,-23.82766,-4.0571637,7.29489,-9.7301035,-11.619794,-6.436299,6.646296,-83.83004,89.26714,-36.652657,29.469053,47.782906,12.765562,17.276518,-5.9691114,13.6652775,-9.09995,-1.9938607,-4.9377112,-2.0093212,-2.3251295,-0.97179234,3.7878313,0.46260774,-0.68202627,-2.7022593,-2.4362512,-0.38201112,-1.9730501,3.257914,-1.3558335,-13.83592,0.69834244,4.6359863,-0.67408967,1.9537019,-6.5460367,-2.9084976,1.6769457,-7.1648808,3.2255077,1.9891636,-8.381239,52.713478
QualiSR-Set120/PASD/ava_images___46021.npy.gz,PASD,ava_images___46021.png,../../../mnt/ssd2/29o_rya/datasets/iqa/QualiSR-Set120/sr/PASD/ava_images___46021.png,QualiSR-Set120,ava_images___46021,PASD/ava_images___46021.png,../../../mnt/ssd2/29o_rya/datasets/iqa/QualiSR-Set120/hr/ava_images___46021.png,../../../mnt/ssd2/29o_rya/datasets/iqa/QualiSR-Set120/lr/ava_images___46021.png,train,-12.841149,-12.797173,-6.58393,2.075757,-3.7115254,-12.505017,-4.695966,-14.10579,-9.710117,-6.5905967,2.6988556,-5.3640437,-4.477855,-1.0607061,-11.994122,-4.232168,-11.5987,0.028798103,-5.8119783,0.966928,11.324337,-4.809283,2.5622058,-27.350307,-11.632483,-28.616879,-26.16898,83.009254,-26.614323,-2.588985,0.8514266,0.40844738,-3.1989553,1.765917,1.6696818,-1.2487946,1.4052296,-1.5353769,-0.3582461,-0.13425732,1.1478382,-1.4107225,-0.49061084,0.60716915,-1.3612766,0.5679817,0.95592296,-1.366965,-0.1271894,1.3053832
QualiSR-Set120/RealESRGAN/ava_images___46021.npy.gz,RealESRGAN,ava_images___46021.png,../../../mnt/ssd2/29o_rya/datasets/iqa/QualiSR-Set120/sr/RealESRGAN/ava_images___46021.png,QualiSR-Set120,ava_images___46021,RealESRGAN/ava_images___46021.png,../../../mnt/ssd2/29o_rya/datasets/iqa/QualiSR-Set120/hr/ava_images___46021.png,../../../mnt/ssd2/29o_rya/datasets/iqa/QualiSR-Set120/lr/ava_images___46021.png,train,-12.585886,-12.173128,-6.814011,3.6786966,-3.2123013,-13.30035,-4.2206583,-14.163109,-8.973142,-5.773391,2.9625566,-4.9171457,-4.0586233,-1.4495604,-10.991888,-5.072826,-11.262459,1.0425904,-6.211829,1.5652051,10.161891,-5.6270638,2.1301246,-28.488043,-12.434968,-30.07777,-27.284931,86.84051,-28.951904,-2.9847598,0.85250556,-0.5763347,-1.7963855,1.0597373,0.96548367,-1.2593212,1.7065992,-0.24542004,-0.093057394,0.45192653,0.8937324,-0.72079635,-0.7171433,0.96857667,-1.8640442,1.2945027,0.4081483,-0.53368425,-0.35429406,-0.07035738
QualiSR-Set120/SUPIR/ava_images___46021.npy.gz,SUPIR,ava_images___46021.png,../../../mnt/ssd2/29o_rya/datasets/iqa/QualiSR-Set120/sr/SUPIR/ava_images___46021.png,QualiSR-Set120,ava_images___46021,SUPIR/ava_images___46021.png,../../../mnt/ssd2/29o_rya/datasets/iqa/QualiSR-Set120/hr/ava_images___46021.png,../../../mnt/ssd2/29o_rya/datasets/iqa/QualiSR-Set120/lr/ava_images___46021.png,train,-13.262251,-12.972948,-6.931168,1.8691196,-3.1815724,-12.620346,-4.3822947,-14.481173,-8.505405,-8.054597,2.0627034,-5.5093055,-4.6595488,-1.1552132,-11.324674,-3.7469025,-10.053368,0.75334096,-4.6513205,-0.10480976,10.7834215,-4.7292,3.1517055,-25.109571,-11.30444,-26.618507,-23.972,72.91115,-22.30708,-2.2844486,0.54351985,1.3093165,-3.038102,2.0829568,1.5820694,-1.0518384,0.82293797,-1.1702654,-0.012559652,-0.15131825,1.2007331,-1.0586028,0.032987952,0.3934486,0.18522263,0.4314971,1.3569909,-1.5762482,-0.62393284,0.4075287
QualiSR-Set120/PASD/ava_images___472713.npy.gz,PASD,ava_images___472713.png,../../../mnt/ssd2/29o_rya/datasets/iqa/QualiSR-Set120/sr/PASD/ava_images___472713.png,QualiSR-Set120,ava_images___472713,PASD/ava_images___472713.png,../../../mnt/ssd2/29o_rya/datasets/iqa/QualiSR-Set120/hr/ava_images___472713.png,../../../mnt/ssd2/29o_rya/datasets/iqa/QualiSR-Set120/lr/ava_images___472713.png,test,-5.409792,-2.3921747,3.3719778,8.921931,0.605453,-1.0586319,7.0287642,-2.8905272,14.329231,10.57073,0.7323172,6.606168,5.575814,-4.8355002,2.6444418,6.3484154,-0.98693705,-3.0636194,3.0010238,4.081101,-9.148358,0.27632046,1.8828694,-5.7683,-7.733002,0.20433617,-3.5651417,-2.7332742,-19.834167,-4.620269,-1.7635342,0.36883247,-1.1254665,0.8676194,0.73900557,-0.6843643,7.3634415,2.4176888,-3.3723373,5.5833163,3.036161,5.092882,-1.623728,6.7920065,-3.9128723,3.6224084,-1.0331116,-0.24044776,-1.5779266,-1.0353215
QualiSR-Set120/RealESRGAN/ava_images___472713.npy.gz,RealESRGAN,ava_images___472713.png,../../../mnt/ssd2/29o_rya/datasets/iqa/QualiSR-Set120/sr/RealESRGAN/ava_images___472713.png,QualiSR-Set120,ava_images___472713,RealESRGAN/ava_images___472713.png,../../../mnt/ssd2/29o_rya/datasets/iqa/QualiSR-Set120/hr/ava_images___472713.png,../../../mnt/ssd2/29o_rya/datasets/iqa/QualiSR-Set120/lr/ava_images___472713.png,test,-4.569086,-4.13985,1.7995367,5.0832834,-2.7101183,-4.016324,5.0118995,-5.7901354,11.09544,13.657358,-1.710628,5.560029,9.452963,-1.5006515,0.68976283,3.8267348,-3.9329553,-0.25067997,2.1281083,3.0821366,-8.760545,-0.8687916,3.6471946,-5.9703608,-7.5829773,-0.63326406,-2.6120377,-2.8630924,-12.647735,-4.458284,-3.8895073,-1.3687377,2.1609864,3.119855,1.7711623,-1.4607387,7.5823126,4.3535137,-1.5375435,8.077364,3.090098,0.24724352,-0.97276235,3.9245281,-1.6619415,3.3978734,2.600987,2.6229556,-2.8429108,1.4610844
QualiSR-Set120/SUPIR/ava_images___472713.npy.gz,SUPIR,ava_images___472713.png,../../../mnt/ssd2/29o_rya/datasets/iqa/QualiSR-Set120/sr/SUPIR/ava_images___472713.png,QualiSR-Set120,ava_images___472713,SUPIR/ava_images___472713.png,../../../mnt/ssd2/29o_rya/datasets/iqa/QualiSR-Set120/hr/ava_images___472713.png,../../../mnt/ssd2/29o_rya/datasets/iqa/QualiSR-Set120/lr/ava_images___472713.png,test,-7.930697,-2.9715176,1.2790871,6.075959,-2.5283976,-3.1918297,7.1883864,-4.925476,11.866091,10.879526,-0.26344836,2.7739477,8.426796,-1.6287262,0.0020422935,2.3302717,-1.4899833,-2.396893,2.8669913,2.3514218,-9.1757765,0.7692499,3.4038742,-6.8783684,-7.8515754,-2.5923657,-4.3772836,-5.2909074,-14.925069,-3.7004795,-1.311292,-0.7065797,1.4602865,3.8381052,0.5647185,0.15746617,5.4965878,1.9053241,0.036818624,6.4816866,4.975666,-0.17110968,1.8371378,1.6939802,-1.8673649,3.9849153,2.2853727,0.6752343,-3.9165044,2.5734398
QualiSR-Set120/PASD/ava_images___501777.npy.gz,PASD,ava_images___501777.png,../../../mnt/ssd2/29o_rya/datasets/iqa/QualiSR-Set120/sr/PASD/ava_images___501777.png,QualiSR-Set120,ava_images___501777,PASD/ava_images___501777.png,../../../mnt/ssd2/29o_rya/datasets/iqa/QualiSR-Set120/hr/ava_images___501777.png,../../../mnt/ssd2/29o_rya/datasets/iqa/QualiSR-Set120/lr/ava_images___501777.png,test,-11.883497,-10.873776,-4.911222,-11.762504,-1.1214949,-5.1645403,-3.7595863,2.4700508,1.4899073,-3.046431,-5.648757,-2.975469,-1.026082,0.84675986,2.7273624,0.5331086,-8.96705,-0.48739946,3.235147,-5.769964,-0.40139437,-6.1965013,5.0218906,-13.802198,-5.445653,2.3687449,1.7987041,3.0147586,1.399231,-0.40346444,-1.0616466,-1.7139912,2.2172122,-0.2175951,-1.6251168,1.9318408,-4.996467,1.5153854,-0.61388254,0.6775355,-1.4143103,1.4507432,-2.011772,0.09203291,1.6992407,-1.7846537,-0.5445097,1.3390242,-1.1122057,3.4818258
QualiSR-Set120/RealESRGAN/ava_images___501777.npy.gz,RealESRGAN,ava_images___501777.png,../../../mnt/ssd2/29o_rya/datasets/iqa/QualiSR-Set120/sr/RealESRGAN/ava_images___501777.png,QualiSR-Set120,ava_images___501777,RealESRGAN/ava_images___501777.png,../../../mnt/ssd2/29o_rya/datasets/iqa/QualiSR-Set120/hr/ava_images___501777.png,../../../mnt/ssd2/29o_rya/datasets/iqa/QualiSR-Set120/lr/ava_images___501777.png,test,-10.252982,-9.30667,-5.2092667,-11.579527,-0.051021904,-6.201058,-2.726933,1.0911322,0.3277278,-3.3703294,-5.497595,-3.6879396,-0.9311366,0.57234216,0.828501,1.871812,-8.666797,-1.5701562,4.8377275,-5.272015,-0.74517417,-7.4727273,4.2499895,-9.9953165,-4.385324,2.4264393,0.44121122,0.7172679,2.1106863,-0.65050614,-1.2454534,-0.99842787,2.4159179,-0.88308144,-3.4185333,2.9079194,-2.4811487,0.8014864,-0.81458855,0.9689866,-1.9075546,3.823228,-0.012778878,0.66461897,1.854146,-0.44272614,-0.9871427,0.8496953,-0.89323163,4.557869
QualiSR-Set120/SUPIR/ava_images___501777.npy.gz,SUPIR,ava_images___501777.png,../../../mnt/ssd2/29o_rya/datasets/iqa/QualiSR-Set120/sr/SUPIR/ava_images___501777.png,QualiSR-Set120,ava_images___501777,SUPIR/ava_images___501777.png,../../../mnt/ssd2/29o_rya/datasets/iqa/QualiSR-Set120/hr/ava_images___501777.png,../../../mnt/ssd2/29o_rya/datasets/iqa/QualiSR-Set120/lr/ava_images___501777.png,test,-13.160851,-10.106251,-6.1578503,-12.643926,-2.0654788,-6.571867,-2.440074,-0.52210045,1.6771231,-2.6008773,-6.1112266,-2.2250519,-0.9561305,1.068991,1.1652434,1.5643003,-9.040822,-0.7351458,3.361333,-6.032765,-0.30195737,-7.6929493,4.1624613,-13.037551,-7.3855433,2.0257416,2.016159,1.5169202,0.6911249,-1.2487974,-0.7567435,-1.3359957,1.1785892,-0.7020567,-1.0249798,1.6294281,-2.0251522,-0.3075387,-0.40936112,0.94364196,-1.2977651,1.8804533,-1.2645683,-0.5491171,1.6294689,-0.142797,-0.7690656,1.0435659,-1.7457402,4.5772715
QualiSR-Set120/PASD/ava_images___564572.npy.gz,PASD,ava_images___564572.png,../../../mnt/ssd2/29o_rya/datasets/iqa/QualiSR-Set120/sr/PASD/ava_images___564572.png,QualiSR-Set120,ava_images___564572,PASD/ava_images___564572.png,../../../mnt/ssd2/29o_rya/datasets/iqa/QualiSR-Set120/hr/ava_images___564572.png,../../../mnt/ssd2/29o_rya/datasets/iqa/QualiSR-Set120/lr/ava_images___564572.png,train,-18.61838,-15.467579,-11.226198,4.8849726,-3.173686,-16.810905,4.48109,-19.231564,-10.038678,-12.717829,21.890339,-0.15875816,-6.038625,1.3603361,-52.42422,15.945781,-46.83363,91.9953,-25.802963,63.216347,-32.778744,-5.3580055,1.305583,6.9112797,5.446173,9.526013,7.172531,-5.1132393,-5.200904,-0.660627,0.19020522,0.9233656,0.56532454,-0.572635,-0.11341512,0.4177053,-0.17224789,0.18469147,0.09956038,0.4051767,0.12841427,-0.4521408,-1.0557096,-0.33538175,-0.18667603,1.0984917,-1.5820155,-0.8386555,0.21608162,-0.22567236
QualiSR-Set120/RealESRGAN/ava_images___564572.npy.gz,RealESRGAN,ava_images___564572.png,../../../mnt/ssd2/29o_rya/datasets/iqa/QualiSR-Set120/sr/RealESRGAN/ava_images___564572.png,QualiSR-Set120,ava_images___564572,RealESRGAN/ava_images___564572.png,../../../mnt/ssd2/29o_rya/datasets/iqa/QualiSR-Set120/hr/ava_images___564572.png,../../../mnt/ssd2/29o_rya/datasets/iqa/QualiSR-Set120/lr/ava_images___564572.png,train,-17.331282,-14.604923,-9.393544,3.8937397,-2.4030313,-15.515387,2.6398892,-18.184143,-10.171139,-11.334642,20.371305,-0.9744663,-4.80779,0.2054112,-52.13003,17.169424,-45.118587,89.39112,-23.217358,58.855583,-33.730175,-8.0160885,-0.097096294,7.6438065,6.2189445,8.332238,5.498205,-7.780418,-2.3382177,0.13853818,-0.8939371,-1.3350713,-0.2580427,-0.95179653,0.62612486,-2.5189433,2.4583502,0.4896744,0.7031109,-0.33131987,-1.9265125,2.5144234,0.56107646,0.35416222,-1.0350733,-1.3393419,-1.9463559,1.1532122,0.7128956,-0.7679168
QualiSR-Set120/SUPIR/ava_images___564572.npy.gz,SUPIR,ava_images___564572.png,../../../mnt/ssd2/29o_rya/datasets/iqa/QualiSR-Set120/sr/SUPIR/ava_images___564572.png,QualiSR-Set120,ava_images___564572,SUPIR/ava_images___564572.png,../../../mnt/ssd2/29o_rya/datasets/iqa/QualiSR-Set120/hr/ava_images___564572.png,../../../mnt/ssd2/29o_rya/datasets/iqa/QualiSR-Set120/lr/ava_images___564572.png,train,-17.89986,-14.4044285,-12.140675,4.4822674,-1.9175948,-17.294008,1.4894481,-17.846315,-8.828144,-11.848091,19.767138,-2.1156826,-5.3307676,0.06485753,-47.27587,18.037523,-44.687332,85.36752,-22.604744,55.280296,-32.62664,-5.954198,-0.22981992,7.487421,7.090747,7.619706,6.112006,-6.7542377,-3.5069323,0.03501153,-0.30078906,0.42978227,-0.2643053,0.77013767,0.8894861,0.7787564,-3.7740026,-0.9545321,1.5767852,-0.62925017,1.7370659,-1.9474373,-0.64887595,-2.42056,2.4708881,0.028441906,2.5227447,-1.7212849,-0.5471659,0.2118761
QualiSR-Set120/PASD/ava_images___588008.npy.gz,PASD,ava_images___588008.png,../../../mnt/ssd2/29o_rya/datasets/iqa/QualiSR-Set120/sr/PASD/ava_images___588008.png,QualiSR-Set120,ava_images___588008,PASD/ava_images___588008.png,../../../mnt/ssd2/29o_rya/datasets/iqa/QualiSR-Set120/hr/ava_images___588008.png,../../../mnt/ssd2/29o_rya/datasets/iqa/QualiSR-Set120/lr/ava_images___588008.png,train,-15.246985,-12.65449,-10.608273,-8.619787,0.50657266,-16.04085,-6.7638464,-12.500845,-6.39188,-11.114624,-3.471992,-12.042443,-5.8569455,-0.11145595,-9.501157,-2.2358181,-8.408716,-1.0520471,1.6610289,-8.646046,8.665697,-10.813614,-3.6697958,-12.41825,0.6744158,-14.692065,-15.397972,-3.6115499,55.046886,4.5658917,-4.0734015,-5.993882,-2.0168028,2.5615172,10.349296,-19.527397,37.3013,-2.857537,-1.2840605,-13.590294,-0.990786,-3.3414989,3.5503612,-4.1352434,-4.529109,2.1880054,0.5824441,-3.976666,-1.603313,0.10826218
QualiSR-Set120/RealESRGAN/ava_images___588008.npy.gz,RealESRGAN,ava_images___588008.png,../../../mnt/ssd2/29o_rya/datasets/iqa/QualiSR-Set120/sr/RealESRGAN/ava_images___588008.png,QualiSR-Set120,ava_images___588008,RealESRGAN/ava_images___588008.png,../../../mnt/ssd2/29o_rya/datasets/iqa/QualiSR-Set120/hr/ava_images___588008.png,../../../mnt/ssd2/29o_rya/datasets/iqa/QualiSR-Set120/lr/ava_images___588008.png,train,-13.728369,-11.312379,-11.010859,-5.1806564,1.0276245,-13.901809,-6.0466523,-12.490062,-7.304621,-10.765392,-3.5926998,-12.214605,-5.997534,-0.07752681,-9.773882,-0.54892313,-7.7096252,-1.6462737,1.0286946,-7.8919168,8.8170595,-9.449672,-4.463188,-12.445507,1.277317,-15.341481,-14.536655,-4.5397563,52.289833,3.572432,-3.6831121,-5.673645,-1.940496,2.7976146,11.977118,-23.599087,44.173462,-3.3558524,-1.7798462,-17.145992,-4.2685933,-2.0050552,4.0154476,-2.064487,-4.469098,1.8071637,0.99255097,-4.0544033,-1.0613515,-0.31820092
QualiSR-Set120/SUPIR/ava_images___588008.npy.gz,SUPIR,ava_images___588008.png,../../../mnt/ssd2/29o_rya/datasets/iqa/QualiSR-Set120/sr/SUPIR/ava_images___588008.png,QualiSR-Set120,ava_images___588008,SUPIR/ava_images___588008.png,../../../mnt/ssd2/29o_rya/datasets/iqa/QualiSR-Set120/hr/ava_images___588008.png,../../../mnt/ssd2/29o_rya/datasets/iqa/QualiSR-Set120/lr/ava_images___588008.png,train,-15.260196,-12.858848,-10.40694,-7.6066475,-0.24478096,-15.607023,-6.5294285,-12.428591,-6.344052,-11.382034,-3.3465009,-11.9605255,-6.1134515,0.25789174,-9.149071,-1.4390026,-7.4432774,-1.1884222,1.9705474,-8.204206,8.7225,-9.910805,-3.207492,-11.440445,1.2714717,-13.523505,-13.705847,-2.6052961,46.27802,3.2942076,-3.0648394,-4.454651,-1.980977,2.0853524,7.54924,-14.194156,26.108389,-1.9755646,-0.55638146,-9.924859,-0.40547454,-2.5504627,2.6270585,-3.60989,-2.1412382,1.049355,0.37907934,-2.939458,-1.3810008,-0.22043398
QualiSR-Set120/PASD/ava_images___645845.npy.gz,PASD,ava_images___645845.png,../../../mnt/ssd2/29o_rya/datasets/iqa/QualiSR-Set120/sr/PASD/ava_images___645845.png,QualiSR-Set120,ava_images___645845,PASD/ava_images___645845.png,../../../mnt/ssd2/29o_rya/datasets/iqa/QualiSR-Set120/hr/ava_images___645845.png,../../../mnt/ssd2/29o_rya/datasets/iqa/QualiSR-Set120/lr/ava_images___645845.png,test,6.789133,-1.4390326,-4.6622934,-9.450255,-10.752148,-6.557155,3.323008,0.19917202,-6.4528837,-7.259299,6.4385014,0.16636086,0.75562143,8.068799,5.7706766,0.26645413,-6.268396,4.9485474,0.94813037,-7.7070265,7.5723696,-2.2032733,-2.5349033,-0.8026476,0.7439027,3.9681711,-2.6288095,-5.0321817,8.49614,2.0361853,-2.861205,-3.3015254,2.940885,-3.7268624,3.1125987,-1.3271675,3.0129023,1.2468656,-1.0539978,1.7845716,0.19140434,1.6681539,-4.669709,-3.1825862,-1.1215534,-1.1489503,-0.037362456,5.470687,0.6906078,-4.48954
QualiSR-Set120/RealESRGAN/ava_images___645845.npy.gz,RealESRGAN,ava_images___645845.png,../../../mnt/ssd2/29o_rya/datasets/iqa/QualiSR-Set120/sr/RealESRGAN/ava_images___645845.png,QualiSR-Set120,ava_images___645845,RealESRGAN/ava_images___645845.png,../../../mnt/ssd2/29o_rya/datasets/iqa/QualiSR-Set120/hr/ava_images___645845.png,../../../mnt/ssd2/29o_rya/datasets/iqa/QualiSR-Set120/lr/ava_images___645845.png,test,4.8338223,-1.3257408,-2.7137256,-8.889356,-12.062315,-4.8907404,7.256335,-0.14245415,-7.4638667,-5.2734466,6.3497524,-1.6405363,0.95560837,5.080029,2.6686966,3.5921059,-4.3076334,7.79599,1.9125793,-7.284926,4.4101343,0.38504887,-1.1335074,0.41107464,-0.21119726,-1.1793575,-2.927257,-5.2810526,3.6696062,1.0228617,-4.100538,-4.2335215,2.4866152,-3.2444675,2.4059758,-1.9837899,1.6654425,1.1439097,-1.0184894,4.1524944,-0.6210742,2.2805681,-4.8991795,-2.0498524,-2.2706528,-0.8788934,-0.92432153,6.468902,-1.0257707,-4.4762607
QualiSR-Set120/SUPIR/ava_images___645845.npy.gz,SUPIR,ava_images___645845.png,../../../mnt/ssd2/29o_rya/datasets/iqa/QualiSR-Set120/sr/SUPIR/ava_images___645845.png,QualiSR-Set120,ava_images___645845,SUPIR/ava_images___645845.png,../../../mnt/ssd2/29o_rya/datasets/iqa/QualiSR-Set120/hr/ava_images___645845.png,../../../mnt/ssd2/29o_rya/datasets/iqa/QualiSR-Set120/lr/ava_images___645845.png,test,1.2985878,-4.2910676,-4.9625764,-9.335298,-10.691132,-5.3832593,6.674066,-3.02991,-6.1869717,-7.2938814,4.1688604,-2.5851526,-0.58893347,4.331095,3.735696,-2.0237632,-7.567983,8.847973,-0.423882,-8.1752825,5.929237,-1.0831928,-6.331974,-1.7792768,0.85907674,0.15682793,-1.1950517,-2.9978163,6.781951,2.7951684,-2.0846548,-1.8366141,2.3250494,-2.8660996,1.4437978,-0.031689405,1.741468,0.24430664,0.03061688,2.40529,-1.6630201,1.409041,-4.5726624,-1.4647533,-0.4350195,-2.4040174,0.2965641,3.3443956,-0.97679424,-3.8164816
QualiSR-Set120/PASD/ava_images___699615.npy.gz,PASD,ava_images___699615.png,../../../mnt/ssd2/29o_rya/datasets/iqa/QualiSR-Set120/sr/PASD/ava_images___699615.png,QualiSR-Set120,ava_images___699615,PASD/ava_images___699615.png,../../../mnt/ssd2/29o_rya/datasets/iqa/QualiSR-Set120/hr/ava_images___699615.png,../../../mnt/ssd2/29o_rya/datasets/iqa/QualiSR-Set120/lr/ava_images___699615.png,train,-11.634477,-0.36407948,-64.374756,221.0791,22.723661,14.967479,-0.5350599,20.956337,-0.24538946,-5.504553,-9.96698,3.0601826,-21.985336,0.08645722,12.060983,2.577363,7.713964,-5.1037054,1.2876093,-3.6774158,-5.824567,-0.026245594,-2.1471276,2.631466,-1.5393398,2.5404406,-0.2613573,-4.1377983,-0.53931904,-0.16197026,1.6414932,0.11766696,-2.8335094,1.9332632,1.6349075,2.3708959,-3.8290036,-2.5479665,-1.3569217,-0.6872639,6.051971,-11.699732,6.3989964,-23.022427,-4.963419,0.3667946,-4.440356,-1.2286496,-1.8800285,0.966209
QualiSR-Set120/RealESRGAN/ava_images___699615.npy.gz,RealESRGAN,ava_images___699615.png,../../../mnt/ssd2/29o_rya/datasets/iqa/QualiSR-Set120/sr/RealESRGAN/ava_images___699615.png,QualiSR-Set120,ava_images___699615,RealESRGAN/ava_images___699615.png,../../../mnt/ssd2/29o_rya/datasets/iqa/QualiSR-Set120/hr/ava_images___699615.png,../../../mnt/ssd2/29o_rya/datasets/iqa/QualiSR-Set120/lr/ava_images___699615.png,train,-11.306438,-4.413669,-58.38376,204.7052,20.087257,14.228852,-1.2007146,17.498253,-1.3302712,-5.9193645,-8.726829,7.9527445,-21.776007,-2.1197448,10.199107,0.8928821,4.6353717,-3.0219975,-0.24382591,-2.7009897,-5.0390873,-1.0236764,-0.7730504,3.3093405,2.1185527,1.1232862,1.4071217,-2.234029,-0.31487274,3.3350544,-2.6305792,2.2318003,5.380505,-4.3601546,-8.597136,-7.7743073,11.814617,3.9357233,1.8035867,3.681357,-16.730097,30.713392,-18.863258,61.237545,11.246315,-0.67822266,12.670149,3.6130767,4.946094,-1.7689786
QualiSR-Set120/SUPIR/ava_images___699615.npy.gz,SUPIR,ava_images___699615.png,../../../mnt/ssd2/29o_rya/datasets/iqa/QualiSR-Set120/sr/SUPIR/ava_images___699615.png,QualiSR-Set120,ava_images___699615,SUPIR/ava_images___699615.png,../../../mnt/ssd2/29o_rya/datasets/iqa/QualiSR-Set120/hr/ava_images___699615.png,../../../mnt/ssd2/29o_rya/datasets/iqa/QualiSR-Set120/lr/ava_images___699615.png,train,-13.479155,-2.7914314,-56.429146,194.56241,20.500858,11.765876,0.46244717,17.745262,-0.6821294,-5.1676764,-9.488179,2.5096922,-18.84929,0.43142277,7.1926737,1.7288299,4.655435,-4.857147,2.007681,-4.2365265,-4.9749756,-1.3061848,-2.3698528,-1.6178284,-3.2416735,2.2016058,-1.1222486,-1.6206478,2.6286879,-1.0707117,3.3900642,-0.4408927,-3.4182758,2.6212592,4.9282866,5.5083227,-8.918108,-1.4480555,0.32916784,-2.6827295,11.695322,-17.538462,10.922366,-39.019386,-6.45844,0.096622944,-8.190008,-1.8552127,-3.6461787,1.0349443
QualiSR-Set120/PASD/ava_images___710191.npy.gz,PASD,ava_images___710191.png,../../../mnt/ssd2/29o_rya/datasets/iqa/QualiSR-Set120/sr/PASD/ava_images___710191.png,QualiSR-Set120,ava_images___710191,PASD/ava_images___710191.png,../../../mnt/ssd2/29o_rya/datasets/iqa/QualiSR-Set120/hr/ava_images___710191.png,../../../mnt/ssd2/29o_rya/datasets/iqa/QualiSR-Set120/lr/ava_images___710191.png,train,-14.671615,-8.186071,4.489545,-12.845982,-10.244537,10.412465,5.0950723,-12.546923,-6.7602873,-0.94554424,-10.321061,-6.6675806,-6.4843607,-4.3610272,-25.077383,113.14646,104.56205,20.455069,19.836338,-3.7463837,2.994957,17.359339,-1.6439817,0.5609741,-1.6210294,2.3886404,1.9118128,3.4557261,-1.5935068,0.96290123,1.0120115,2.5953557,-0.24697971,-0.19205463,0.4102329,2.0610244,1.9891481,-0.22168079,-0.10948837,1.2246187,4.5246873,1.6983073,-8.444339,2.553388,-6.8303795,-10.267133,-34.267105,-14.807228,12.782154,-3.293034
QualiSR-Set120/RealESRGAN/ava_images___710191.npy.gz,RealESRGAN,ava_images___710191.png,../../../mnt/ssd2/29o_rya/datasets/iqa/QualiSR-Set120/sr/RealESRGAN/ava_images___710191.png,QualiSR-Set120,ava_images___710191,RealESRGAN/ava_images___710191.png,../../../mnt/ssd2/29o_rya/datasets/iqa/QualiSR-Set120/hr/ava_images___710191.png,../../../mnt/ssd2/29o_rya/datasets/iqa/QualiSR-Set120/lr/ava_images___710191.png,train,-15.34904,-7.8186026,1.7756615,-11.178889,-7.8160725,7.3236876,3.38757,-12.035953,-7.0231423,-4.002804,-10.61204,-7.472395,-6.0384808,-5.8686714,-20.43743,89.81959,81.4163,15.438864,14.520693,-4.078802,0.4896872,11.388958,-0.48400378,-2.8102784,-2.033627,0.17772913,-1.8742738,4.3944197,2.7887306,-1.0490392,0.060170412,0.8948941,2.459703,0.90501463,-0.67018014,-1.18436,3.2206068,3.1819522,-0.006144047,4.006842,1.0820025,0.71200466,-2.0018456,7.3979797,-0.06454182,-8.764448,-23.166836,-2.8820329,14.242669,8.571159
QualiSR-Set120/SUPIR/ava_images___710191.npy.gz,SUPIR,ava_images___710191.png,../../../mnt/ssd2/29o_rya/datasets/iqa/QualiSR-Set120/sr/SUPIR/ava_images___710191.png,QualiSR-Set120,ava_images___710191,SUPIR/ava_images___710191.png,../../../mnt/ssd2/29o_rya/datasets/iqa/QualiSR-Set120/hr/ava_images___710191.png,../../../mnt/ssd2/29o_rya/datasets/iqa/QualiSR-Set120/lr/ava_images___710191.png,train,-15.851929,-6.3410583,0.30672836,-13.629498,-9.893147,11.284705,4.118015,-12.271416,-9.62365,-5.739496,-11.030737,-11.343789,-4.1314573,-4.9159145,-20.58707,101.46168,91.54609,20.234941,17.989508,-4.1658897,1.2370588,12.352354,-5.30455,1.3217182,-1.0526692,1.4677925,2.5176535,1.7605877,-2.4478464,-1.2456077,0.5076035,-1.8215122,-3.4073071,4.115699,0.6698165,0.95508146,-3.5276513,-3.3245246,1.524652,-3.3953905,-4.283638,-3.2620902,9.045943,-7.7882714,7.363181,19.22149,59.482567,17.903992,-27.666792,-3.7905414
QualiSR-Set120/PASD/ava_images___737450.npy.gz,PASD,ava_images___737450.png,../../../mnt/ssd2/29o_rya/datasets/iqa/QualiSR-Set120/sr/PASD/ava_images___737450.png,QualiSR-Set120,ava_images___737450,PASD/ava_images___737450.png,../../../mnt/ssd2/29o_rya/datasets/iqa/QualiSR-Set120/hr/ava_images___737450.png,../../../mnt/ssd2/29o_rya/datasets/iqa/QualiSR-Set120/lr/ava_images___737450.png,train,-22.344875,-4.2991123,-9.691719,26.769043,-0.30019355,-15.511249,11.344391,-39.796074,-5.152377,98.40808,24.36198,-40.18707,129.71568,-8.834203,-9.634031,-4.1113253,1.4338202,-11.316865,4.362345,3.8394551,7.240637,2.0850968,2.4686716,13.321077,7.160019,-0.087735176,0.3531475,-3.0607536,-1.2787409,1.5013226,-2.0855567,-0.44308686,-1.3099135,-1.6499132,0.15354574,1.4589657,-1.3277378,-2.8624523,-0.012371421,-0.056136668,0.9320797,-1.9310832,0.7104986,-3.3786645,1.9513865,-1.1760492,0.7488276,-0.5696993,-2.0874593,1.9920423
QualiSR-Set120/RealESRGAN/ava_images___737450.npy.gz,RealESRGAN,ava_images___737450.png,../../../mnt/ssd2/29o_rya/datasets/iqa/QualiSR-Set120/sr/RealESRGAN/ava_images___737450.png,QualiSR-Set120,ava_images___737450,RealESRGAN/ava_images___737450.png,../../../mnt/ssd2/29o_rya/datasets/iqa/QualiSR-Set120/hr/ava_images___737450.png,../../../mnt/ssd2/29o_rya/datasets/iqa/QualiSR-Set120/lr/ava_images___737450.png,train,-19.860012,-7.2761064,-7.741669,24.798302,-2.1664598,-13.983525,9.496305,-39.679085,-4.7688017,97.84424,24.930609,-40.723495,127.08582,-8.64449,-11.089713,-4.1541524,2.0915632,-11.581853,3.361659,2.3511739,7.228303,1.717444,2.2463167,13.064627,7.1333065,-1.5090837,-0.1422491,1.5672,-0.43435955,-0.1823113,0.60799694,0.70292175,3.1242495,3.6159282,-0.3265338,-2.7195969,2.6079197,5.256219,-0.15385807,0.7062313,-0.59184015,3.3511167,-3.423309,7.2938013,-1.7710905,1.2086377,-1.1254473,1.2466501,3.543944,-4.0584817
QualiSR-Set120/SUPIR/ava_images___737450.npy.gz,SUPIR,ava_images___737450.png,../../../mnt/ssd2/29o_rya/datasets/iqa/QualiSR-Set120/sr/SUPIR/ava_images___737450.png,QualiSR-Set120,ava_images___737450,SUPIR/ava_images___737450.png,../../../mnt/ssd2/29o_rya/datasets/iqa/QualiSR-Set120/hr/ava_images___737450.png,../../../mnt/ssd2/29o_rya/datasets/iqa/QualiSR-Set120/lr/ava_images___737450.png,train,-22.92006,-5.7078176,-9.974726,21.842793,-1.9365438,-14.746827,9.831055,-37.33879,-5.071282,88.01044,24.639175,-35.31951,115.9382,-6.4553695,-8.506822,-3.8132315,-2.3214622,-8.451457,4.6460595,1.6388116,4.965215,1.2779603,2.1208553,9.163849,5.5768647,0.5680275,1.5975456,-1.7869892,0.12446308,1.5459123,-1.4229524,-0.23079252,-0.6824647,-0.76413244,-0.17912173,2.4907618,-1.2652936,-1.713521,1.0938509,-0.50129855,0.36632574,-0.5040543,2.8043294,-3.7312055,0.6159477,-0.027783394,0.28015554,-1.0794559,-1.7242486,2.4960146
QualiSR-Set120/PASD/ava_images___74410.npy.gz,PASD,ava_images___74410.png,../../../mnt/ssd2/29o_rya/datasets/iqa/QualiSR-Set120/sr/PASD/ava_images___74410.png,QualiSR-Set120,ava_images___74410,PASD/ava_images___74410.png,../../../mnt/ssd2/29o_rya/datasets/iqa/QualiSR-Set120/hr/ava_images___74410.png,../../../mnt/ssd2/29o_rya/datasets/iqa/QualiSR-Set120/lr/ava_images___74410.png,train,-11.951218,-12.11235,-4.5570655,-10.690935,-0.018786997,-13.424693,-0.9859462,-10.369323,-8.3470125,-8.984999,-6.9267817,-13.456684,-4.9568954,6.8510785,-1.1603911,1.069188,-8.99591,-4.0114036,11.76659,-11.078063,-2.5109699,-14.770605,-4.9679904,-21.814299,-13.5439,-50.36212,-48.70382,-62.798717,-46.79198,0.9364606,-0.1475873,-1.7620287,-1.128318,2.26889,-0.8174752,0.9601462,2.1572504,0.1457008,0.14553368,1.9278295,2.1163259,-0.93869925,-1.9995332,0.27097082,-0.808198,0.4956088,-2.3792124,-1.4354141,0.28725636,-1.9565573
QualiSR-Set120/RealESRGAN/ava_images___74410.npy.gz,RealESRGAN,ava_images___74410.png,../../../mnt/ssd2/29o_rya/datasets/iqa/QualiSR-Set120/sr/RealESRGAN/ava_images___74410.png,QualiSR-Set120,ava_images___74410,RealESRGAN/ava_images___74410.png,../../../mnt/ssd2/29o_rya/datasets/iqa/QualiSR-Set120/hr/ava_images___74410.png,../../../mnt/ssd2/29o_rya/datasets/iqa/QualiSR-Set120/lr/ava_images___74410.png,train,-13.268304,-10.274262,-5.264558,-9.780812,0.59801555,-13.794166,-1.9332271,-10.315301,-6.950355,-9.590908,-8.31135,-10.940685,-3.8321555,6.3444266,-2.0734212,2.290924,-6.7594,-3.758247,11.534211,-9.546028,-3.6029212,-14.315338,-3.5074797,-19.62985,-10.7465,-44.52421,-42.558376,-56.005535,-42.370815,-3.7129045,0.15293181,-1.297179,-0.009825289,2.127605,-1.5307034,-1.2381015,2.7043161,2.6800342,-0.52841735,0.4527467,-1.1005294,-0.05843377,0.4595772,2.4360056,-3.8227625,5.472627,3.0014524,-1.5212948,0.5269332,0.40224904
QualiSR-Set120/SUPIR/ava_images___74410.npy.gz,SUPIR,ava_images___74410.png,../../../mnt/ssd2/29o_rya/datasets/iqa/QualiSR-Set120/sr/SUPIR/ava_images___74410.png,QualiSR-Set120,ava_images___74410,SUPIR/ava_images___74410.png,../../../mnt/ssd2/29o_rya/datasets/iqa/QualiSR-Set120/hr/ava_images___74410.png,../../../mnt/ssd2/29o_rya/datasets/iqa/QualiSR-Set120/lr/ava_images___74410.png,train,-13.020363,-10.684738,-6.02873,-9.15645,0.623153,-14.16633,-0.98982143,-11.856512,-7.2301664,-7.3207,-8.744285,-11.2447815,-2.2085757,6.680824,-2.352405,3.5953457,-6.741608,-5.8933554,10.008306,-4.975696,-1.9596493,-12.211412,-4.493718,-17.731432,-11.777235,-41.017963,-40.348675,-49.314434,-34.970768,-1.2022116,2.0702987,0.73316455,-0.105109036,1.5328153,1.9103303,-2.1046314,2.3536463,0.2781605,-0.53645635,-0.3728171,0.93422186,-1.5297022,-0.7727406,0.028000355,-3.6127777,1.6589255,-0.4529922,-0.8900218,1.6087085,2.5448995
QualiSR-Set120/PASD/ava_images___751927.npy.gz,PASD,ava_images___751927.png,../../../mnt/ssd2/29o_rya/datasets/iqa/QualiSR-Set120/sr/PASD/ava_images___751927.png,QualiSR-Set120,ava_images___751927,PASD/ava_images___751927.png,../../../mnt/ssd2/29o_rya/datasets/iqa/QualiSR-Set120/hr/ava_images___751927.png,../../../mnt/ssd2/29o_rya/datasets/iqa/QualiSR-Set120/lr/ava_images___751927.png,train,-11.630478,-6.1804996,-5.655549,-13.731002,1.165121,-26.675518,41.119835,7.1193905,-14.914263,-2.2233753,7.8874035,-8.239731,4.6241965,110.83132,84.83804,9.765944,7.320699,18.958239,-38.72118,4.3389554,10.332809,0.30818796,1.4608151,4.216675,3.5430627,3.709011,3.6344452,1.6738784,1.8300056,3.3224392,0.91204035,2.939035,0.7483238,0.1657126,0.6380751,0.9897492,0.60048485,0.25076473,-0.6790495,1.1692281,1.9685417,-1.4099374,-1.1358728,-1.342587,0.886127,0.60783243,-2.205897,0.6508571,1.3084624,0.2660486
QualiSR-Set120/RealESRGAN/ava_images___751927.npy.gz,RealESRGAN,ava_images___751927.png,../../../mnt/ssd2/29o_rya/datasets/iqa/QualiSR-Set120/sr/RealESRGAN/ava_images___751927.png,QualiSR-Set120,ava_images___751927,RealESRGAN/ava_images___751927.png,../../../mnt/ssd2/29o_rya/datasets/iqa/QualiSR-Set120/hr/ava_images___751927.png,../../../mnt/ssd2/29o_rya/datasets/iqa/QualiSR-Set120/lr/ava_images___751927.png,train,-9.904381,-6.9957576,-6.781722,-11.222203,-0.71976453,-23.575487,38.07814,6.063299,-16.100416,-1.9314618,8.658115,-7.3259687,7.561995,104.631744,81.879944,12.205951,6.532884,19.352938,-36.793663,3.977429,9.527864,1.0686259,2.7302527,2.6849957,3.8658338,0.28346872,2.0996552,3.5959992,0.43496323,-0.16127282,-1.7981114,1.6760535,1.1989955,0.36941457,-0.28644514,-0.68204165,1.0479498,-0.5886182,-0.19453657,0.54714984,-1.6442884,3.0567563,1.3691322,2.8045635,0.7180915,2.1116796,0.46704626,-0.11260629,-0.9090283,0.1006411
QualiSR-Set120/SUPIR/ava_images___751927.npy.gz,SUPIR,ava_images___751927.png,../../../mnt/ssd2/29o_rya/datasets/iqa/QualiSR-Set120/sr/SUPIR/ava_images___751927.png,QualiSR-Set120,ava_images___751927,SUPIR/ava_images___751927.png,../../../mnt/ssd2/29o_rya/datasets/iqa/QualiSR-Set120/hr/ava_images___751927.png,../../../mnt/ssd2/29o_rya/datasets/iqa/QualiSR-Set120/lr/ava_images___751927.png,train,-11.731482,-6.587206,-4.9360857,-14.146556,1.3784708,-28.88459,42.67091,8.134468,-16.750658,-1.428093,6.684988,-7.3431563,5.6542897,119.386696,90.87198,11.198008,7.2337365,20.531816,-39.970028,6.5886226,8.627075,-0.9511037,3.249136,3.4994802,2.3449504,0.13139057,1.4652815,0.40713355,-0.11857796,-1.4848691,-1.5113491,-2.455785,-0.98181045,-0.15841925,1.20843,0.52086115,-0.8489585,0.52898735,0.04155636,-1.1842078,0.40830624,-0.55002236,1.6401936,-0.13375115,-2.3404217,-1.7308426,0.8954903,0.13427114,0.74317026,0.89743465
QualiSR-Set120/PASD/ava_images___773899.npy.gz,PASD,ava_images___773899.png,../../../mnt/ssd2/29o_rya/datasets/iqa/QualiSR-Set120/sr/PASD/ava_images___773899.png,QualiSR-Set120,ava_images___773899,PASD/ava_images___773899.png,../../../mnt/ssd2/29o_rya/datasets/iqa/QualiSR-Set120/hr/ava_images___773899.png,../../../mnt/ssd2/29o_rya/datasets/iqa/QualiSR-Set120/lr/ava_images___773899.png,train,-0.9525795,-8.806871,-7.0602055,-12.962546,-10.473585,-0.14993858,-7.0450454,-3.9917088,-5.280897,-15.284128,-17.87947,-11.790021,-5.3944855,-12.568349,4.221304,-3.7072368,-2.678451,3.9337623,-4.360512,-39.06448,-19.9909,-21.277134,100.660835,57.31171,-34.922195,-0.17688322,7.042407,2.273004,-3.4049692,3.2081094,-0.14269519,2.6907744,0.26256707,2.2522616,1.136725,-0.53791547,-0.012754917,-1.9224411,3.106811,0.3835104,2.8584232,-2.3488638,-0.62042856,0.11337376,-1.4970016,2.0452008,0.22637868,-6.061599,1.7071638,0.6039916
QualiSR-Set120/RealESRGAN/ava_images___773899.npy.gz,RealESRGAN,ava_images___773899.png,../../../mnt/ssd2/29o_rya/datasets/iqa/QualiSR-Set120/sr/RealESRGAN/ava_images___773899.png,QualiSR-Set120,ava_images___773899,RealESRGAN/ava_images___773899.png,../../../mnt/ssd2/29o_rya/datasets/iqa/QualiSR-Set120/hr/ava_images___773899.png,../../../mnt/ssd2/29o_rya/datasets/iqa/QualiSR-Set120/lr/ava_images___773899.png,train,-6.736595,-8.825995,-4.844897,-11.674722,-9.208259,2.1949434,-7.4369984,-2.645567,-5.4759207,-13.839429,-13.974593,-12.451497,-5.9043217,-11.80149,0.60690236,-3.4169335,-2.1754963,4.8477507,-4.5669584,-33.730545,-18.883602,-18.844679,89.70158,49.510696,-29.120512,-3.2241468,5.4293356,2.534843,-1.6216707,1.7423204,0.91173255,-0.28822184,0.19680968,-1.0355214,0.39430428,-2.3018346,3.0373125,1.2912138,-2.9080625,1.9963105,-1.5111567,1.1961933,0.2648151,1.742907,-4.007468,1.0566497,0.7982992,3.0659974,-1.305943,-1.7274888
QualiSR-Set120/SUPIR/ava_images___773899.npy.gz,SUPIR,ava_images___773899.png,../../../mnt/ssd2/29o_rya/datasets/iqa/QualiSR-Set120/sr/SUPIR/ava_images___773899.png,QualiSR-Set120,ava_images___773899,SUPIR/ava_images___773899.png,../../../mnt/ssd2/29o_rya/datasets/iqa/QualiSR-Set120/hr/ava_images___773899.png,../../../mnt/ssd2/29o_rya/datasets/iqa/QualiSR-Set120/lr/ava_images___773899.png,train,-5.607441,-11.01464,-7.6980815,-12.268482,-8.979599,-2.887578,-7.3487797,-5.917186,-5.8965163,-16.044926,-12.854921,-13.820607,-4.3475957,-10.242597,2.0897458,-4.0731134,-3.2845383,3.3505118,-1.3769436,-33.235886,-15.955234,-19.354528,80.264725,42.587337,-26.439138,-2.627613,2.583108,1.23136,0.7894974,2.6858535,0.9877806,1.9096457,-0.06012696,1.4380678,0.42279017,1.1723118,-1.5197463,-2.394418,-1.8529289,-1.4831636,-0.57550347,-0.61094,-0.82044697,-1.9427547,2.619627,-1.7056477,0.74176776,0.6445447,-0.8199203,-0.2742028
QualiSR-Set120/PASD/ava_images___827653.npy.gz,PASD,ava_images___827653.png,../../../mnt/ssd2/29o_rya/datasets/iqa/QualiSR-Set120/sr/PASD/ava_images___827653.png,QualiSR-Set120,ava_images___827653,PASD/ava_images___827653.png,../../../mnt/ssd2/29o_rya/datasets/iqa/QualiSR-Set120/hr/ava_images___827653.png,../../../mnt/ssd2/29o_rya/datasets/iqa/QualiSR-Set120/lr/ava_images___827653.png,test,-2.6745777,-12.0480175,1.2356863,-6.0487776,-7.974449,-0.04673195,0.743896,4.255128,-3.0420833,1.688962,13.019415,7.964778,4.9845376,-4.674736,-5.77349,1.0746293,-10.797909,20.711622,-8.009614,4.768001,-4.0118284,3.1905818,-0.44900545,-0.5791874,7.201092,-3.4144187,13.941337,-4.032982,-6.962243,0.8887236,-4.530121,-5.384096,-0.1843335,-2.5054703,2.7478335,3.2665384,2.2567472,-2.176292,-1.0728745,0.9283044,5.859841,0.16960382,0.21262467,3.559856,-4.880126,1.1285825,-9.760122,-4.3530474,-8.643436,2.6476636
QualiSR-Set120/RealESRGAN/ava_images___827653.npy.gz,RealESRGAN,ava_images___827653.png,../../../mnt/ssd2/29o_rya/datasets/iqa/QualiSR-Set120/sr/RealESRGAN/ava_images___827653.png,QualiSR-Set120,ava_images___827653,RealESRGAN/ava_images___827653.png,../../../mnt/ssd2/29o_rya/datasets/iqa/QualiSR-Set120/hr/ava_images___827653.png,../../../mnt/ssd2/29o_rya/datasets/iqa/QualiSR-Set120/lr/ava_images___827653.png,test,-0.25300503,-11.596263,-2.3578444,-7.425995,-8.883237,-2.7732248,-3.1059365,1.8208523,-4.936284,0.36079025,8.354408,4.0045347,1.6350965,-4.0979037,-2.18918,0.3657322,-7.952344,13.127251,-3.8859181,-2.193674,-3.7959135,-1.0186272,2.1015792,-3.2334838,6.521262,-4.832033,11.303576,-3.516156,-3.9053679,-1.8395001,0.9000063,-5.7918825,1.9277999,-1.0062252,0.6745665,-0.020998955,1.0588026,0.37914282,0.26262474,1.8780065,1.5586973,-1.286304,-1.1509998,4.4443674,-3.9329538,0.7749553,-4.845456,-0.251225,-5.0502863,1.6708548
QualiSR-Set120/SUPIR/ava_images___827653.npy.gz,SUPIR,ava_images___827653.png,../../../mnt/ssd2/29o_rya/datasets/iqa/QualiSR-Set120/sr/SUPIR/ava_images___827653.png,QualiSR-Set120,ava_images___827653,SUPIR/ava_images___827653.png,../../../mnt/ssd2/29o_rya/datasets/iqa/QualiSR-Set120/hr/ava_images___827653.png,../../../mnt/ssd2/29o_rya/datasets/iqa/QualiSR-Set120/lr/ava_images___827653.png,test,-5.799883,-12.592723,-0.26458073,-7.4919424,-6.110626,-6.008195,-0.019795895,-1.292285,-3.852178,-1.9006319,5.9895954,1.1355362,2.0523558,-0.7640504,-0.2196114,0.6633639,-9.192068,13.60688,-3.544035,-2.1018662,-3.299462,0.81444025,-0.11952844,-5.632182,2.9572182,-3.7818236,7.946043,-2.828754,-2.6316729,1.652438,-2.1453288,-5.1351166,0.09669101,-3.4178553,1.2087274,3.5521863,1.0765085,-2.011902,0.069229364,2.588045,3.5394936,-1.3678598,-0.33189464,1.9594078,0.18598223,0.853724,-5.957141,-0.30567527,-2.9934626,3.5945122
QualiSR-Set120/PASD/ava_images___842206.npy.gz,PASD,ava_images___842206.png,../../../mnt/ssd2/29o_rya/datasets/iqa/QualiSR-Set120/sr/PASD/ava_images___842206.png,QualiSR-Set120,ava_images___842206,PASD/ava_images___842206.png,../../../mnt/ssd2/29o_rya/datasets/iqa/QualiSR-Set120/hr/ava_images___842206.png,../../../mnt/ssd2/29o_rya/datasets/iqa/QualiSR-Set120/lr/ava_images___842206.png,test,-15.458003,0.9917612,-3.7264996,-7.297304,-3.7227292,-4.258294,8.599108,-0.32396126,9.573652,0.69969845,0.74961543,-2.3208742,-2.8398979,-2.0945873,-9.262092,-1.546743,12.831797,-2.0741858,0.068454266,0.0013256073,-0.21957612,3.5220056,0.93386793,-9.167474,1.4131777,-2.9810605,-0.7529216,-2.9394882,2.6882105,0.49346152,0.550581,0.23723996,-1.2027483,-0.342911,3.3508604,-1.0242219,-5.4236236,-6.3526845,-0.46888304,-0.3790369,0.36366785,-3.9259949,4.0864506,3.884924,2.322812,-0.6444993,-4.541039,-1.280499,0.5598633,-0.5910484
QualiSR-Set120/RealESRGAN/ava_images___842206.npy.gz,RealESRGAN,ava_images___842206.png,../../../mnt/ssd2/29o_rya/datasets/iqa/QualiSR-Set120/sr/RealESRGAN/ava_images___842206.png,QualiSR-Set120,ava_images___842206,RealESRGAN/ava_images___842206.png,../../../mnt/ssd2/29o_rya/datasets/iqa/QualiSR-Set120/hr/ava_images___842206.png,../../../mnt/ssd2/29o_rya/datasets/iqa/QualiSR-Set120/lr/ava_images___842206.png,test,-15.44282,-1.0372534,-3.0586634,-4.4535027,-4.461413,-0.12197113,10.154129,1.5059128,10.546766,3.1988754,-0.31761646,-1.518713,-4.223359,-3.0996923,-10.2307625,-1.3728088,11.43829,-2.1468098,-1.5459046,0.86134243,-0.72698617,5.1265635,0.64763224,-7.3712144,1.3728833,-4.4305596,-0.42151976,-3.7428901,2.3466005,-1.8878156,-0.25102746,-1.3386343,-0.45748734,-0.61368567,2.4543302,-1.3991585,-2.8065057,-6.4606752,-2.0572505,-0.63534355,0.71377575,-3.0886865,5.655593,5.9707527,1.5078144,-0.1291976,-6.874589,-1.2311227,1.9708961,0.9504451
QualiSR-Set120/SUPIR/ava_images___842206.npy.gz,SUPIR,ava_images___842206.png,../../../mnt/ssd2/29o_rya/datasets/iqa/QualiSR-Set120/sr/SUPIR/ava_images___842206.png,QualiSR-Set120,ava_images___842206,SUPIR/ava_images___842206.png,../../../mnt/ssd2/29o_rya/datasets/iqa/QualiSR-Set120/hr/ava_images___842206.png,../../../mnt/ssd2/29o_rya/datasets/iqa/QualiSR-Set120/lr/ava_images___842206.png,test,-15.501791,-1.1052113,-4.4610157,-6.4019904,-1.5472023,-3.2845688,9.156261,-1.0449228,9.433247,0.97307014,0.9980521,-3.4277601,-3.180872,-2.0600333,-11.146163,-2.1237466,12.40962,-2.8786979,-1.3683524,0.2792778,0.36421347,4.0587077,0.443392,-8.601342,1.1266911,-3.7007017,-1.2408004,-4.7651176,3.6074018,0.15457308,0.12486708,2.7530267,-1.9899375,-0.11079955,4.057083,-1.2598453,-4.7040663,-6.655091,0.41375208,-1.1500396,-0.23439157,-3.6167498,6.4414444,3.77805,2.4817214,-0.23806953,-5.9892282,-1.3869817,1.8450986,-0.028509527
QualiSR-Set120/PASD/ava_images___846773.npy.gz,PASD,ava_images___846773.png,../../../mnt/ssd2/29o_rya/datasets/iqa/QualiSR-Set120/sr/PASD/ava_images___846773.png,QualiSR-Set120,ava_images___846773,PASD/ava_images___846773.png,../../../mnt/ssd2/29o_rya/datasets/iqa/QualiSR-Set120/hr/ava_images___846773.png,../../../mnt/ssd2/29o_rya/datasets/iqa/QualiSR-Set120/lr/ava_images___846773.png,train,-22.175838,-14.809416,-13.868149,-4.2274113,-2.4529557,-13.975313,5.994057,-13.493503,1.8079481,-7.9999533,12.211844,2.386486,-19.18086,17.389668,-45.445164,-64.566185,41.8585,-5.3335886,-18.231167,19.34867,32.610554,75.07092,30.754873,-18.844429,-0.23894775,-3.4138198,11.990479,-11.748345,-1.6360178,0.60295767,-0.9725685,-0.36753416,-0.21112382,0.15591192,-0.14087486,0.5612674,-1.8945618,-1.1644087,0.43274844,0.039842665,-0.7413941,0.39147615,-0.16861463,-0.32277822,1.1726184,-0.13832808,0.409279,0.2810831,0.49156022,-0.84412456
QualiSR-Set120/RealESRGAN/ava_images___846773.npy.gz,RealESRGAN,ava_images___846773.png,../../../mnt/ssd2/29o_rya/datasets/iqa/QualiSR-Set120/sr/RealESRGAN/ava_images___846773.png,QualiSR-Set120,ava_images___846773,RealESRGAN/ava_images___846773.png,../../../mnt/ssd2/29o_rya/datasets/iqa/QualiSR-Set120/hr/ava_images___846773.png,../../../mnt/ssd2/29o_rya/datasets/iqa/QualiSR-Set120/lr/ava_images___846773.png,train,-22.101223,-12.63067,-11.222472,-3.4560413,-2.7486572,-12.2926445,7.5779147,-12.946423,0.5029268,-7.683621,12.877966,2.7710428,-20.412424,17.276564,-45.74769,-66.98321,41.883247,-4.8305454,-20.418201,20.241158,32.992317,78.18877,33.316025,-17.917423,-0.33430392,-3.5165706,13.40953,-12.8437605,-2.3145533,0.24452305,-0.97789866,-1.0400057,-0.47311723,0.19933319,0.49734163,0.8978243,-0.14082098,-0.17033732,-1.6093671,-1.2252567,1.4847845,-0.32360494,2.4097729,-0.16775775,-0.27352047,0.14072752,1.4962777,0.50134706,-0.06274927,0.4612292
QualiSR-Set120/SUPIR/ava_images___846773.npy.gz,SUPIR,ava_images___846773.png,../../../mnt/ssd2/29o_rya/datasets/iqa/QualiSR-Set120/sr/SUPIR/ava_images___846773.png,QualiSR-Set120,ava_images___846773,SUPIR/ava_images___846773.png,../../../mnt/ssd2/29o_rya/datasets/iqa/QualiSR-Set120/hr/ava_images___846773.png,../../../mnt/ssd2/29o_rya/datasets/iqa/QualiSR-Set120/lr/ava_images___846773.png,train,-21.03112,-14.972164,-13.759791,-4.119534,-2.65268,-14.698632,5.6285977,-13.183338,1.0315332,-8.502011,9.168013,1.9045935,-17.448563,18.087343,-42.10984,-60.81676,38.188755,-4.7050085,-17.225838,18.486286,30.510017,68.72247,28.307354,-15.940502,-1.779207,-3.8846555,10.779891,-10.330493,-1.3206015,0.29111648,-1.2935832,0.58863497,0.30809686,-0.27408373,-0.23278749,-0.8612881,-1.4295382,0.3812852,0.64971817,0.31105703,-0.74296886,1.3367983,-1.3940082,0.10152888,0.80433416,0.088597775,-0.4210478,0.01472044,0.29872167,-0.6206715
QualiSR-Set120/PASD/ava_images___857447.npy.gz,PASD,ava_images___857447.png,../../../mnt/ssd2/29o_rya/datasets/iqa/QualiSR-Set120/sr/PASD/ava_images___857447.png,QualiSR-Set120,ava_images___857447,PASD/ava_images___857447.png,../../../mnt/ssd2/29o_rya/datasets/iqa/QualiSR-Set120/hr/ava_images___857447.png,../../../mnt/ssd2/29o_rya/datasets/iqa/QualiSR-Set120/lr/ava_images___857447.png,train,-20.336214,3.3016233,-5.301202,-19.911171,13.740859,-13.125519,16.358187,-5.841487,0.73287725,-5.6427073,3.6040952,4.24088,-12.390671,21.615248,-25.852415,-63.802757,72.43217,-30.745617,1.3212101,25.69451,-50.05422,-61.94265,-33.545597,26.856434,0.18802309,11.208007,2.1339989,7.1909046,-5.092305,3.631689,1.961672,-0.68555117,-0.8799497,-0.3361777,1.9598863,0.22545624,2.332984,-1.1387253,-1.4299912,0.8397812,0.545081,-1.9481974,-1.229032,1.5794451,1.8934264,-1.1358643,-1.6859268,-3.2738252,2.983458,-6.29446
QualiSR-Set120/RealESRGAN/ava_images___857447.npy.gz,RealESRGAN,ava_images___857447.png,../../../mnt/ssd2/29o_rya/datasets/iqa/QualiSR-Set120/sr/RealESRGAN/ava_images___857447.png,QualiSR-Set120,ava_images___857447,RealESRGAN/ava_images___857447.png,../../../mnt/ssd2/29o_rya/datasets/iqa/QualiSR-Set120/hr/ava_images___857447.png,../../../mnt/ssd2/29o_rya/datasets/iqa/QualiSR-Set120/lr/ava_images___857447.png,train,-22.105022,-6.539417,-7.2780485,-17.696877,7.11542,-14.666099,11.002281,-9.028361,0.28489017,-2.9324255,-0.21248138,0.7220516,-14.205208,19.314419,-26.49195,-58.55169,63.59035,-23.401947,-2.3587646,20.024118,-41.45041,-49.08041,-27.411617,18.987202,-0.4207,6.013521,0.5763893,3.194384,-2.0585756,2.7696457,-1.8060306,2.3622763,-0.65772414,0.116877794,-0.08648896,-0.37553358,0.47160864,1.9908885,0.6341121,1.1662378,0.9051491,3.592335,3.7708147,-0.43931937,-5.033593,1.9480929,2.8105092,4.5776744,-1.7236118,9.021865
QualiSR-Set120/SUPIR/ava_images___857447.npy.gz,SUPIR,ava_images___857447.png,../../../mnt/ssd2/29o_rya/datasets/iqa/QualiSR-Set120/sr/SUPIR/ava_images___857447.png,QualiSR-Set120,ava_images___857447,SUPIR/ava_images___857447.png,../../../mnt/ssd2/29o_rya/datasets/iqa/QualiSR-Set120/hr/ava_images___857447.png,../../../mnt/ssd2/29o_rya/datasets/iqa/QualiSR-Set120/lr/ava_images___857447.png,train,-20.361809,0.55963707,-6.701601,-17.621475,12.555692,-14.877195,13.514311,-6.421573,0.7885437,-6.6468077,4.3363476,1.661439,-11.705544,20.021875,-25.173407,-60.341698,65.58133,-27.736824,-0.5732527,22.028065,-45.72393,-58.37633,-29.905348,23.875202,-0.64346904,7.043581,1.8479023,6.0460854,-2.2620153,1.4107989,0.35806847,-0.41676974,-0.014821351,-0.06540501,-0.02499628,-0.2693019,-2.4132946,-1.5832381,-0.67832613,-1.373153,-0.8738133,-2.3237383,-1.0410771,0.247931,1.5387936,0.70713043,-1.6012096,-0.80116177,-1.0053544,-0.77050716
QualiSR-Set120/PASD/ava_images___864250.npy.gz,PASD,ava_images___864250.png,../../../mnt/ssd2/29o_rya/datasets/iqa/QualiSR-Set120/sr/PASD/ava_images___864250.png,QualiSR-Set120,ava_images___864250,PASD/ava_images___864250.png,../../../mnt/ssd2/29o_rya/datasets/iqa/QualiSR-Set120/hr/ava_images___864250.png,../../../mnt/ssd2/29o_rya/datasets/iqa/QualiSR-Set120/lr/ava_images___864250.png,train,-14.092056,-0.14422798,-8.904449,-9.0715885,2.23147,-0.43658733,25.778437,-37.45501,-8.047565,12.966679,111.989845,107.02561,-16.470076,-24.113188,15.051228,11.734884,-5.5670295,-14.419091,1.243876,-16.11507,0.89237344,-1.3653741,2.6999032,2.4193592,0.4227029,1.5222521,-3.244203,-4.578273,2.2872324,1.889755,0.0011609793,1.132023,-2.1262445,1.475392,0.28269696,2.0744042,-1.9852724,-0.31646782,0.86118525,-0.33609575,1.9695083,-2.4209733,2.374626,-1.4440368,0.19059992,-1.0929923,1.8476247,-0.939142,-0.0044534206,0.20093367
QualiSR-Set120/RealESRGAN/ava_images___864250.npy.gz,RealESRGAN,ava_images___864250.png,../../../mnt/ssd2/29o_rya/datasets/iqa/QualiSR-Set120/sr/RealESRGAN/ava_images___864250.png,QualiSR-Set120,ava_images___864250,RealESRGAN/ava_images___864250.png,../../../mnt/ssd2/29o_rya/datasets/iqa/QualiSR-Set120/hr/ava_images___864250.png,../../../mnt/ssd2/29o_rya/datasets/iqa/QualiSR-Set120/lr/ava_images___864250.png,train,-12.909234,-0.8710842,-9.010316,-6.3765516,1.7188708,1.794425,25.631586,-39.008472,-10.198572,15.68544,115.176476,112.087875,-16.049322,-24.74113,14.804134,13.675879,-5.0101404,-13.882346,-2.7306962,-17.063852,1.7295811,-5.238644,1.8468229,3.184287,0.32887757,-0.6377139,-1.8437729,-0.15624963,0.41360855,-1.8455569,-1.8119457,-2.095218,3.261136,-0.9859465,0.5944402,-1.804945,1.2005877,1.4105505,-0.9471519,0.034621537,-2.2771108,3.3026068,-0.5307152,1.8760653,1.205523,0.5864849,-1.0735815,1.336017,0.58209646,1.0141068
QualiSR-Set120/SUPIR/ava_images___864250.npy.gz,SUPIR,ava_images___864250.png,../../../mnt/ssd2/29o_rya/datasets/iqa/QualiSR-Set120/sr/SUPIR/ava_images___864250.png,QualiSR-Set120,ava_images___864250,SUPIR/ava_images___864250.png,../../../mnt/ssd2/29o_rya/datasets/iqa/QualiSR-Set120/hr/ava_images___864250.png,../../../mnt/ssd2/29o_rya/datasets/iqa/QualiSR-Set120/lr/ava_images___864250.png,train,-12.848391,0.76985264,-10.162959,-7.9314537,1.9063739,-0.4860649,29.799826,-41.10704,-12.194433,12.8398075,120.270134,115.59815,-16.680437,-21.011616,15.229282,12.909361,-3.4725149,-14.816976,-0.6664858,-16.842075,0.06905985,-1.69419,2.5598862,3.883214,-1.2562509,2.653985,-3.1155157,-5.676961,0.07281113,1.1576017,-0.39865965,3.1266298,-1.8321319,0.39184642,0.72462916,1.4943193,-0.032780647,-0.8028678,-0.113933444,-0.7901854,-0.41367102,-0.9886639,-0.8559463,-2.0670638,-2.527852,1.1775756,0.51647174,-0.59490204,-0.43696284,-1.2756138
QualiSR-Set120/PASD/ava_images___865616.npy.gz,PASD,ava_images___865616.png,../../../mnt/ssd2/29o_rya/datasets/iqa/QualiSR-Set120/sr/PASD/ava_images___865616.png,QualiSR-Set120,ava_images___865616,PASD/ava_images___865616.png,../../../mnt/ssd2/29o_rya/datasets/iqa/QualiSR-Set120/hr/ava_images___865616.png,../../../mnt/ssd2/29o_rya/datasets/iqa/QualiSR-Set120/lr/ava_images___865616.png,train,20.87192,-14.752697,-11.1988735,-20.12046,-16.794456,-15.96631,-84.16664,152.44444,-61.11615,38.283623,40.289288,2.08317,1.5840268,0.29873115,-9.711422,2.3778217,2.1696014,-3.7651262,-1.1330767,3.713406,-2.510667,4.1769567,-4.3013062,1.7635441,-4.7708664,-1.1846251,0.9561634,0.5838692,0.6482744,0.4820204,2.0080605,0.47263086,-2.068183,0.96906984,-0.1565826,1.6406927,0.70823574,1.3448946,1.000663,-0.7411399,1.5854226,0.14011228,0.06206608,-5.100714,-6.4738855,-12.367077,15.689989,-5.3410406,22.75403,-1.0469495
QualiSR-Set120/RealESRGAN/ava_images___865616.npy.gz,RealESRGAN,ava_images___865616.png,../../../mnt/ssd2/29o_rya/datasets/iqa/QualiSR-Set120/sr/RealESRGAN/ava_images___865616.png,QualiSR-Set120,ava_images___865616,RealESRGAN/ava_images___865616.png,../../../mnt/ssd2/29o_rya/datasets/iqa/QualiSR-Set120/hr/ava_images___865616.png,../../../mnt/ssd2/29o_rya/datasets/iqa/QualiSR-Set120/lr/ava_images___865616.png,train,19.44401,-12.66548,-9.659821,-20.230316,-19.239517,-14.2939415,-81.45901,150.56224,-62.09411,40.183525,42.43625,2.644578,-1.0133927,3.60151,-9.195705,0.97640264,3.1963391,-1.3287903,-0.07745123,1.2628055,-1.9774015,3.1762977,-1.5600498,1.6571522,-3.4863966,-1.1897964,-1.2455277,-0.99616206,-1.6673594,-0.44643635,-0.22776955,-1.2537358,1.7822485,0.72039974,-0.5159522,-3.0868564,-0.06251383,-1.0294064,-5.892648,0.7610063,-0.04868436,0.97005314,1.1562287,10.041949,14.680458,20.741587,-34.07987,3.3880868,-56.955994,-4.432828
QualiSR-Set120/SUPIR/ava_images___865616.npy.gz,SUPIR,ava_images___865616.png,../../../mnt/ssd2/29o_rya/datasets/iqa/QualiSR-Set120/sr/SUPIR/ava_images___865616.png,QualiSR-Set120,ava_images___865616,SUPIR/ava_images___865616.png,../../../mnt/ssd2/29o_rya/datasets/iqa/QualiSR-Set120/hr/ava_images___865616.png,../../../mnt/ssd2/29o_rya/datasets/iqa/QualiSR-Set120/lr/ava_images___865616.png,train,17.361422,-15.775536,-12.316356,-19.716606,-18.296572,-16.46319,-81.50599,142.80685,-57.536114,35.5438,38.09821,1.3279648,1.4240556,3.5569825,-8.866028,3.271569,1.4217839,-4.1827884,-0.8016381,2.42059,-2.2801707,2.1288877,-3.392402,1.1392536,-4.6205997,1.2622995,-2.3872929,-1.2774379,1.4287767,-0.1483944,-1.7543583,1.1749462,-1.5677392,-1.0484152,0.97876453,0.8324292,-0.2911291,-1.5362211,4.821951,1.0631869,-2.143254,-1.1647749,-0.64119434,-4.8655024,-9.469866,-9.135269,19.364447,1.979198,35.233597,6.117199
QualiSR-Set120/PASD/ava_images___953752.npy.gz,PASD,ava_images___953752.png,../../../mnt/ssd2/29o_rya/datasets/iqa/QualiSR-Set120/sr/PASD/ava_images___953752.png,QualiSR-Set120,ava_images___953752,PASD/ava_images___953752.png,../../../mnt/ssd2/29o_rya/datasets/iqa/QualiSR-Set120/hr/ava_images___953752.png,../../../mnt/ssd2/29o_rya/datasets/iqa/QualiSR-Set120/lr/ava_images___953752.png,train,237.79407,-47.646782,-31.756184,-1.6230669,-13.846849,0.959363,19.961838,-17.79359,14.863462,11.645487,-5.440282,3.4867907,-0.46151304,3.1330175,-2.2200549,-4.4079065,5.435449,0.032518864,-0.8364353,7.042504,-2.3261945,-0.8753123,-2.856426,-5.4877596,-2.0853517,1.2512493,-0.74857044,-1.5081904,2.421626,0.8199662,-0.6240208,1.9690701,-1.6217191,0.71965396,1.7229815,5.438534,-2.1571684,-2.8700695,1.1150081,3.3245506,0.61613286,0.03401959,-4.3923664,3.1946287,5.6584997,-17.185139,15.702774,-56.672916,-16.061073,-3.9607594
QualiSR-Set120/RealESRGAN/ava_images___953752.npy.gz,RealESRGAN,ava_images___953752.png,../../../mnt/ssd2/29o_rya/datasets/iqa/QualiSR-Set120/sr/RealESRGAN/ava_images___953752.png,QualiSR-Set120,ava_images___953752,RealESRGAN/ava_images___953752.png,../../../mnt/ssd2/29o_rya/datasets/iqa/QualiSR-Set120/hr/ava_images___953752.png,../../../mnt/ssd2/29o_rya/datasets/iqa/QualiSR-Set120/lr/ava_images___953752.png,train,233.65982,-48.55339,-29.921562,-1.1454492,-15.0213995,2.0659742,17.474226,-18.754707,14.540585,12.142752,-6.049094,5.357732,-0.37307596,0.98843896,-5.8516035,0.38209265,5.9959035,-0.04031849,0.14211702,8.462175,-1.2998693,-3.6087365,3.1210265,-5.209962,-2.6233723,-0.61384344,-2.9394426,1.6505157,0.28517723,-0.56388307,1.5929598,0.90828824,0.5949731,-0.8110195,0.47598505,-4.3995886,2.8452654,1.8093529,-0.38264036,0.09949809,0.21674001,0.5447204,5.2552547,-1.7839156,-3.9926128,14.343849,-12.677914,50.863888,14.261093,2.6919162
QualiSR-Set120/SUPIR/ava_images___953752.npy.gz,SUPIR,ava_images___953752.png,../../../mnt/ssd2/29o_rya/datasets/iqa/QualiSR-Set120/sr/SUPIR/ava_images___953752.png,QualiSR-Set120,ava_images___953752,SUPIR/ava_images___953752.png,../../../mnt/ssd2/29o_rya/datasets/iqa/QualiSR-Set120/hr/ava_images___953752.png,../../../mnt/ssd2/29o_rya/datasets/iqa/QualiSR-Set120/lr/ava_images___953752.png,train,233.13359,-48.21041,-31.94775,-0.6210747,-11.247462,1.7513418,19.842407,-20.696815,13.302807,12.818726,-6.756303,4.040745,0.2786746,4.4840217,-4.4925537,-3.0983782,4.1866994,3.2858613,0.71755934,2.6921992,-1.4923961,-1.4056687,0.30899104,-4.503143,-2.6542687,-1.1499486,-0.4452095,-1.9337136,3.058053,-0.6204442,1.2682863,-1.2462878,1.2535846,-0.42030942,-1.7132539,-1.4287424,-1.6540537,0.21125092,-0.34589183,-3.4305005,-1.9786314,-1.1115811,0.12775767,-1.8888829,-0.9629297,3.0817094,-2.795291,6.8061686,1.5937374,2.0958464
QualiSR-Set120/PASD/blur_dataset___out_of_focus0685.npy.gz,PASD,blur_dataset___out_of_focus0685.png,../../../mnt/ssd2/29o_rya/datasets/iqa/QualiSR-Set120/sr/PASD/blur_dataset___out_of_focus0685.png,QualiSR-Set120,blur_dataset___out_of_focus0685,PASD/blur_dataset___out_of_focus0685.png,../../../mnt/ssd2/29o_rya/datasets/iqa/QualiSR-Set120/hr/blur_dataset___out_of_focus0685.png,../../../mnt/ssd2/29o_rya/datasets/iqa/QualiSR-Set120/lr/blur_dataset___out_of_focus0685.png,train,-1.9627743,-14.5605,-8.263123,-16.070713,-7.5511794,-5.6961365,-3.756119,-15.446858,-4.0821285,-16.421473,-7.2747307,-21.329014,-0.8916712,1.4844179,-1.563487,0.6100408,-24.275375,-12.073644,-23.68879,-72.36381,-81.685425,67.84561,-42.606243,15.805628,7.866639,6.396576,1.5312872,6.7341347,-7.4111433,0.6646409,-1.08199,0.5344317,0.20274872,1.0949847,0.841285,1.083811,-0.2351842,-0.5677478,0.51277816,0.92185944,3.2984219,0.4159876,-1.0013177,1.3832281,-5.365591,0.07007599,0.0036218166,-9.9757805,-2.2237608,1.3413525
QualiSR-Set120/RealESRGAN/blur_dataset___out_of_focus0685.npy.gz,RealESRGAN,blur_dataset___out_of_focus0685.png,../../../mnt/ssd2/29o_rya/datasets/iqa/QualiSR-Set120/sr/RealESRGAN/blur_dataset___out_of_focus0685.png,QualiSR-Set120,blur_dataset___out_of_focus0685,RealESRGAN/blur_dataset___out_of_focus0685.png,../../../mnt/ssd2/29o_rya/datasets/iqa/QualiSR-Set120/hr/blur_dataset___out_of_focus0685.png,../../../mnt/ssd2/29o_rya/datasets/iqa/QualiSR-Set120/lr/blur_dataset___out_of_focus0685.png,train,0.29003334,-13.413207,-5.8019176,-14.2283,-6.987007,-5.80977,-7.2229767,-14.109198,-4.7983985,-12.391102,-3.5278165,-19.51073,0.227314,1.0536029,-4.174839,0.0054943264,-20.093594,-9.615034,-19.393024,-59.98601,-67.98897,54.3241,-32.182823,11.137745,7.40886,6.6148863,0.60157776,6.981495,-0.39408398,-0.61033833,0.040207446,-2.1195261,2.4992354,-1.2435447,-0.2637682,-2.716494,3.1655474,4.697671,-1.5452218,0.6353381,-2.912329,1.4243077,-1.0166507,0.98034,-1.567914,4.335256,-6.7723455,14.142442,4.6329546,-3.3447769
QualiSR-Set120/SUPIR/blur_dataset___out_of_focus0685.npy.gz,SUPIR,blur_dataset___out_of_focus0685.png,../../../mnt/ssd2/29o_rya/datasets/iqa/QualiSR-Set120/sr/SUPIR/blur_dataset___out_of_focus0685.png,QualiSR-Set120,blur_dataset___out_of_focus0685,SUPIR/blur_dataset___out_of_focus0685.png,../../../mnt/ssd2/29o_rya/datasets/iqa/QualiSR-Set120/hr/blur_dataset___out_of_focus0685.png,../../../mnt/ssd2/29o_rya/datasets/iqa/QualiSR-Set120/lr/blur_dataset___out_of_focus0685.png,train,-5.846509,-12.916797,-7.490518,-13.81699,-5.9745913,-5.4343185,-5.0226564,-15.821199,-4.0045776,-15.254461,-3.8770213,-20.751614,-1.7788265,1.179456,-1.3465898,0.7255193,-19.464506,-9.442829,-16.53955,-61.976917,-66.37746,53.713215,-33.20256,10.394575,7.1535645,3.623026,-0.16623116,2.2196808,-2.82792,-0.5339048,-1.4146578,-1.4449551,-1.3652958,0.081596375,0.3434235,-0.518795,-0.911139,-2.4640331,-0.37796474,-2.8626232,-1.5787231,-1.5764656,1.9188162,-2.4202895,6.152096,-1.7954998,5.008431,-1.537621,-0.95623016,1.4699662
QualiSR-Set120/PASD/voc_emotic_ava___EMOTIC__COCO_train2014_000000244530.npy.gz,PASD,voc_emotic_ava___EMOTIC__COCO_train2014_000000244530.png,../../../mnt/ssd2/29o_rya/datasets/iqa/QualiSR-Set120/sr/PASD/voc_emotic_ava___EMOTIC__COCO_train2014_000000244530.png,QualiSR-Set120,voc_emotic_ava___EMOTIC__COCO_train2014_000000244530,PASD/voc_emotic_ava___EMOTIC__COCO_train2014_000000244530.png,../../../mnt/ssd2/29o_rya/datasets/iqa/QualiSR-Set120/hr/voc_emotic_ava___EMOTIC__COCO_train2014_000000244530.png,../../../mnt/ssd2/29o_rya/datasets/iqa/QualiSR-Set120/lr/voc_emotic_ava___EMOTIC__COCO_train2014_000000244530.png,train,-16.469435,-14.636179,-6.921461,-10.685402,-0.13175753,-24.748093,-32.73665,27.174198,51.61701,-31.818615,-84.00019,107.40234,65.640564,18.806164,-9.211693,0.5694221,-5.474401,-0.47261035,5.1963506,1.0242972,-0.716213,3.766292,-0.1605551,-1.8387089,0.6402168,0.99250984,1.0542736,0.39484036,0.17594051,3.5670333,0.80582774,1.8215762,-2.7919948,3.9004235,2.7123697,11.556499,9.438556,9.545101,54.164276,6.138762,-3.7844481,-6.0077114,-1.8810444,0.84671736,2.566403,3.1541305,-4.8767657,0.26756907,-1.6920741,-2.5992506
QualiSR-Set120/RealESRGAN/voc_emotic_ava___EMOTIC__COCO_train2014_000000244530.npy.gz,RealESRGAN,voc_emotic_ava___EMOTIC__COCO_train2014_000000244530.png,../../../mnt/ssd2/29o_rya/datasets/iqa/QualiSR-Set120/sr/RealESRGAN/voc_emotic_ava___EMOTIC__COCO_train2014_000000244530.png,QualiSR-Set120,voc_emotic_ava___EMOTIC__COCO_train2014_000000244530,RealESRGAN/voc_emotic_ava___EMOTIC__COCO_train2014_000000244530.png,../../../mnt/ssd2/29o_rya/datasets/iqa/QualiSR-Set120/hr/voc_emotic_ava___EMOTIC__COCO_train2014_000000244530.png,../../../mnt/ssd2/29o_rya/datasets/iqa/QualiSR-Set120/lr/voc_emotic_ava___EMOTIC__COCO_train2014_000000244530.png,train,-15.311109,-10.908056,-5.1281514,-8.032836,-0.19116116,-25.720804,-29.971191,28.876537,54.30722,-28.98024,-90.331505,114.81878,70.158295,18.858946,-12.474005,7.2410617,-6.1735687,1.1588242,5.6882696,3.8830256,-0.8211777,4.8135552,-1.7345074,1.8999891,1.256345,-0.97115946,-0.21361685,0.48011807,-1.3550978,-1.8387882,0.17167234,-2.5491884,3.8160608,-4.5663843,-2.401856,-15.350062,-12.937004,-9.429541,-76.135056,-8.364753,4.5096397,12.1098995,5.019765,-2.1435857,-1.3887386,-4.9336867,2.539946,-0.9701278,2.6470702,-3.1159554
QualiSR-Set120/SUPIR/voc_emotic_ava___EMOTIC__COCO_train2014_000000244530.npy.gz,SUPIR,voc_emotic_ava___EMOTIC__COCO_train2014_000000244530.png,../../../mnt/ssd2/29o_rya/datasets/iqa/QualiSR-Set120/sr/SUPIR/voc_emotic_ava___EMOTIC__COCO_train2014_000000244530.png,QualiSR-Set120,voc_emotic_ava___EMOTIC__COCO_train2014_000000244530,SUPIR/voc_emotic_ava___EMOTIC__COCO_train2014_000000244530.png,../../../mnt/ssd2/29o_rya/datasets/iqa/QualiSR-Set120/hr/voc_emotic_ava___EMOTIC__COCO_train2014_000000244530.png,../../../mnt/ssd2/29o_rya/datasets/iqa/QualiSR-Set120/lr/voc_emotic_ava___EMOTIC__COCO_train2014_000000244530.png,train,-16.47375,-13.6235695,-9.433695,-9.457193,0.65848696,-24.07405,-32.207638,26.13633,53.98231,-29.07561,-83.017975,106.05442,65.67379,17.027298,-9.840807,1.5911578,-7.1626763,0.31774902,5.4234505,-0.030844212,-3.0240328,3.6261601,-1.021768,-2.2205892,1.6777596,1.5580978,1.6842585,1.6651596,2.6739225,0.01113683,0.08784902,0.6613177,-0.57805,2.2930837,0.6780844,5.313772,4.148425,-0.04580815,26.231241,2.7686343,-0.5453929,-7.171739,-3.1798866,1.0154653,-0.1477623,1.8315396,2.3256593,0.93771446,-2.8259706,5.62538
QualiSR-Set120/PASD/voc_emotic_ava___EMOTIC__COCO_train2014_000000247190.npy.gz,PASD,voc_emotic_ava___EMOTIC__COCO_train2014_000000247190.png,../../../mnt/ssd2/29o_rya/datasets/iqa/QualiSR-Set120/sr/PASD/voc_emotic_ava___EMOTIC__COCO_train2014_000000247190.png,QualiSR-Set120,voc_emotic_ava___EMOTIC__COCO_train2014_000000247190,PASD/voc_emotic_ava___EMOTIC__COCO_train2014_000000247190.png,../../../mnt/ssd2/29o_rya/datasets/iqa/QualiSR-Set120/hr/voc_emotic_ava___EMOTIC__COCO_train2014_000000247190.png,../../../mnt/ssd2/29o_rya/datasets/iqa/QualiSR-Set120/lr/voc_emotic_ava___EMOTIC__COCO_train2014_000000247190.png,train,32.729584,108.988075,13.633199,-26.228443,181.50159,59.92163,-9.448982,2.880702,-26.370445,6.6627064,-10.27881,4.390972,7.2044415,-2.4804654,-6.992484,3.873375,-1.919167,9.683971,-22.343163,-5.498209,7.947711,5.53914,-0.38740754,-3.0324516,-2.0473034,-1.4195266,-2.9682674,2.5838327,-5.2186327,84.048805,53.32269,-41.152687,6.9772162,-9.80126,-8.888655,-4.988303,-4.6910443,-0.4445482,2.50113,-7.460743,-0.39162123,-1.7105386,-0.47383118,0.51182413,0.080555916,0.5516691,0.033560157,-0.78376794,0.55029416,1.7121522
QualiSR-Set120/RealESRGAN/voc_emotic_ava___EMOTIC__COCO_train2014_000000247190.npy.gz,RealESRGAN,voc_emotic_ava___EMOTIC__COCO_train2014_000000247190.png,../../../mnt/ssd2/29o_rya/datasets/iqa/QualiSR-Set120/sr/RealESRGAN/voc_emotic_ava___EMOTIC__COCO_train2014_000000247190.png,QualiSR-Set120,voc_emotic_ava___EMOTIC__COCO_train2014_000000247190,RealESRGAN/voc_emotic_ava___EMOTIC__COCO_train2014_000000247190.png,../../../mnt/ssd2/29o_rya/datasets/iqa/QualiSR-Set120/hr/voc_emotic_ava___EMOTIC__COCO_train2014_000000247190.png,../../../mnt/ssd2/29o_rya/datasets/iqa/QualiSR-Set120/lr/voc_emotic_ava___EMOTIC__COCO_train2014_000000247190.png,train,25.586473,89.31534,3.8464108,-25.130417,156.81181,52.699753,-8.743511,1.7170668,-22.092735,7.8752975,-11.751641,6.136758,5.455835,-0.50305367,-8.340705,-3.838417,3.5026383,11.263169,-20.118412,-11.538174,3.394139,-3.287894,2.6379125,-2.0225391,2.4260445,-3.7968855,1.5819178,0.8487715,2.5456285,-56.075176,-31.930933,19.007824,12.273867,-2.7484858,-72.505226,-17.271076,12.567177,-1.9180689,5.5568285,5.30109,13.051519,-2.51857,0.5910022,-8.189247,2.9512396,-1.8487027,1.1634005,-1.1614192,-0.6042261,-1.9442585
QualiSR-Set120/SUPIR/voc_emotic_ava___EMOTIC__COCO_train2014_000000247190.npy.gz,SUPIR,voc_emotic_ava___EMOTIC__COCO_train2014_000000247190.png,../../../mnt/ssd2/29o_rya/datasets/iqa/QualiSR-Set120/sr/SUPIR/voc_emotic_ava___EMOTIC__COCO_train2014_000000247190.png,QualiSR-Set120,voc_emotic_ava___EMOTIC__COCO_train2014_000000247190,SUPIR/voc_emotic_ava___EMOTIC__COCO_train2014_000000247190.png,../../../mnt/ssd2/29o_rya/datasets/iqa/QualiSR-Set120/hr/voc_emotic_ava___EMOTIC__COCO_train2014_000000247190.png,../../../mnt/ssd2/29o_rya/datasets/iqa/QualiSR-Set120/lr/voc_emotic_ava___EMOTIC__COCO_train2014_000000247190.png,train,29.39905,105.481575,5.498768,-22.934113,180.6955,61.11257,-7.467593,4.998516,-24.476093,8.24802,-15.447078,1.9302025,7.1963077,-1.9740413,-8.516225,-3.1795492,-0.72801685,11.87465,-15.160697,-10.999547,3.283955,-0.4094243,3.1197858,-5.2838335,2.2055664,-0.45138073,-1.008348,-2.8851821,3.1916227,-36.95158,-25.192068,24.9322,-16.851307,12.062503,72.03772,21.447006,-6.8072405,3.1613994,-7.027239,1.136646,-13.368658,4.2121935,-0.9713054,6.2591915,-2.6221447,0.5574713,-1.1785527,2.1359696,0.07753098,0.8275433
QualiSR-Set120/PASD/voc_emotic_ava___EMOTIC__COCO_val2014_000000020598.npy.gz,PASD,voc_emotic_ava___EMOTIC__COCO_val2014_000000020598.png,../../../mnt/ssd2/29o_rya/datasets/iqa/QualiSR-Set120/sr/PASD/voc_emotic_ava___EMOTIC__COCO_val2014_000000020598.png,QualiSR-Set120,voc_emotic_ava___EMOTIC__COCO_val2014_000000020598,PASD/voc_emotic_ava___EMOTIC__COCO_val2014_000000020598.png,../../../mnt/ssd2/29o_rya/datasets/iqa/QualiSR-Set120/hr/voc_emotic_ava___EMOTIC__COCO_val2014_000000020598.png,../../../mnt/ssd2/29o_rya/datasets/iqa/QualiSR-Set120/lr/voc_emotic_ava___EMOTIC__COCO_val2014_000000020598.png,train,-13.477487,-3.1712332,-16.130566,-21.518375,18.569092,35.81893,-40.973072,27.159912,170.67143,14.305872,52.206043,-37.759087,-21.143656,15.614544,2.574754,9.596818,-7.9987826,-5.4506454,1.7101588,2.2372088,3.6199872,-3.0946846,-0.6745859,4.0512915,0.84860766,-0.5469909,-0.697762,0.64510614,-2.067937,2.2148805,0.6920271,0.3062433,-0.70485973,3.0072122,9.315807,4.841805,4.5497684,-1.7071003,8.573103,-13.027689,49.523586,45.371475,-31.09213,-15.640331,-4.3623486,-4.3251724,3.6258597,6.269913,-6.749938,-3.433166
QualiSR-Set120/RealESRGAN/voc_emotic_ava___EMOTIC__COCO_val2014_000000020598.npy.gz,RealESRGAN,voc_emotic_ava___EMOTIC__COCO_val2014_000000020598.png,../../../mnt/ssd2/29o_rya/datasets/iqa/QualiSR-Set120/sr/RealESRGAN/voc_emotic_ava___EMOTIC__COCO_val2014_000000020598.png,QualiSR-Set120,voc_emotic_ava___EMOTIC__COCO_val2014_000000020598,RealESRGAN/voc_emotic_ava___EMOTIC__COCO_val2014_000000020598.png,../../../mnt/ssd2/29o_rya/datasets/iqa/QualiSR-Set120/hr/voc_emotic_ava___EMOTIC__COCO_val2014_000000020598.png,../../../mnt/ssd2/29o_rya/datasets/iqa/QualiSR-Set120/lr/voc_emotic_ava___EMOTIC__COCO_val2014_000000020598.png,train,-18.267414,-4.2729025,-15.376832,-15.400491,14.1745205,28.733124,-35.340023,24.959782,158.75359,14.123814,47.8824,-35.72795,-18.61495,17.175169,1.3199933,10.840034,-5.6044517,-5.063154,3.0972738,2.0620313,4.1034007,-2.71491,1.1588863,0.3849287,-0.67929184,1.4448967,0.8435402,2.9323268,-2.9039736,-0.60606456,-1.5737835,-1.2235515,6.428632,-6.5385904,-9.812552,-4.6663103,1.5740194,14.683399,-11.555364,13.453863,-67.162025,-20.04448,-28.409052,-19.671398,-0.043581963,6.327415,-1.6802999,-3.5471292,0.48042595,0.21588069
QualiSR-Set120/SUPIR/voc_emotic_ava___EMOTIC__COCO_val2014_000000020598.npy.gz,SUPIR,voc_emotic_ava___EMOTIC__COCO_val2014_000000020598.png,../../../mnt/ssd2/29o_rya/datasets/iqa/QualiSR-Set120/sr/SUPIR/voc_emotic_ava___EMOTIC__COCO_val2014_000000020598.png,QualiSR-Set120,voc_emotic_ava___EMOTIC__COCO_val2014_000000020598,SUPIR/voc_emotic_ava___EMOTIC__COCO_val2014_000000020598.png,../../../mnt/ssd2/29o_rya/datasets/iqa/QualiSR-Set120/hr/voc_emotic_ava___EMOTIC__COCO_val2014_000000020598.png,../../../mnt/ssd2/29o_rya/datasets/iqa/QualiSR-Set120/lr/voc_emotic_ava___EMOTIC__COCO_val2014_000000020598.png,train,-16.128866,-0.8097439,-15.965122,-13.489232,20.556753,29.400509,-36.82227,24.804413,158.68202,11.564989,47.888855,-36.26942,-18.31777,8.344762,3.2757661,11.715426,-8.692703,-2.4036987,2.53524,2.5524879,2.777874,-1.0766177,0.083274215,2.1444721,1.5659881,0.3778715,1.6831627,-0.9012047,-1.0518675,-1.1520019,0.529024,1.273012,-6.5135283,4.572266,-0.27622247,-2.323967,-5.839516,-13.693119,1.3501469,1.6280437,13.44197,-27.92036,62.298115,36.83869,4.1572313,-1.2162566,-2.0216527,-3.3136044,6.268568,4.0966763
QualiSR-Set120/PASD/voc_emotic_ava___JPEGImages__2008_003883.npy.gz,PASD,voc_emotic_ava___JPEGImages__2008_003883.png,../../../mnt/ssd2/29o_rya/datasets/iqa/QualiSR-Set120/sr/PASD/voc_emotic_ava___JPEGImages__2008_003883.png,QualiSR-Set120,voc_emotic_ava___JPEGImages__2008_003883,PASD/voc_emotic_ava___JPEGImages__2008_003883.png,../../../mnt/ssd2/29o_rya/datasets/iqa/QualiSR-Set120/hr/voc_emotic_ava___JPEGImages__2008_003883.png,../../../mnt/ssd2/29o_rya/datasets/iqa/QualiSR-Set120/lr/voc_emotic_ava___JPEGImages__2008_003883.png,test,1.6859417,-9.078736,-3.7727776,-5.0516543,-2.2037995,-5.5722785,-12.287069,5.8726406,-6.2127724,-4.4808846,1.0930696,-0.9037123,-2.4746137,-10.508506,8.89136,3.5916865,-2.0747676,-4.914589,-1.0636067,-1.2661633,2.9847474,0.93121386,-2.8186734,-3.77706,0.86583686,4.762542,-4.563778,-2.9433696,-0.5864191,-2.8113947,1.619593,0.03383541,-1.5378685,-3.562666,-1.5341028,-0.16236758,-1.0369544,-4.9804444,0.011433482,-0.3818336,-3.6081877,2.5085692,-2.2388692,4.2335668,-1.323103,-5.7294354,-1.8827325,3.2610924,6.4389257,-1.5902767
QualiSR-Set120/RealESRGAN/voc_emotic_ava___JPEGImages__2008_003883.npy.gz,RealESRGAN,voc_emotic_ava___JPEGImages__2008_003883.png,../../../mnt/ssd2/29o_rya/datasets/iqa/QualiSR-Set120/sr/RealESRGAN/voc_emotic_ava___JPEGImages__2008_003883.png,QualiSR-Set120,voc_emotic_ava___JPEGImages__2008_003883,RealESRGAN/voc_emotic_ava___JPEGImages__2008_003883.png,../../../mnt/ssd2/29o_rya/datasets/iqa/QualiSR-Set120/hr/voc_emotic_ava___JPEGImages__2008_003883.png,../../../mnt/ssd2/29o_rya/datasets/iqa/QualiSR-Set120/lr/voc_emotic_ava___JPEGImages__2008_003883.png,test,3.7939854,-8.526024,-6.8241634,-6.1306734,-2.3228114,-6.071941,-8.391278,-1.1844673,-4.6571984,-5.55198,-2.372492,-0.97809315,-1.5107574,-6.2350383,3.3009608,2.285995,-5.037699,-3.9692783,0.22876287,-2.603692,2.7505867,-2.3434653,1.0659821,-3.073265,-1.6365608,3.2183485,-9.122515,-2.6338222,-0.38727093,-2.9441051,-2.0601046,1.2200983,-1.1020997,-4.0679946,-2.3663583,-0.6559992,-0.006714821,-2.831749,0.64686924,-0.8429021,-1.5978394,1.030447,-2.2061203,2.2685323,0.8833189,-5.0909467,-1.0263236,6.816353,6.0808163,1.2673302
QualiSR-Set120/SUPIR/voc_emotic_ava___JPEGImages__2008_003883.npy.gz,SUPIR,voc_emotic_ava___JPEGImages__2008_003883.png,../../../mnt/ssd2/29o_rya/datasets/iqa/QualiSR-Set120/sr/SUPIR/voc_emotic_ava___JPEGImages__2008_003883.png,QualiSR-Set120,voc_emotic_ava___JPEGImages__2008_003883,SUPIR/voc_emotic_ava___JPEGImages__2008_003883.png,../../../mnt/ssd2/29o_rya/datasets/iqa/QualiSR-Set120/hr/voc_emotic_ava___JPEGImages__2008_003883.png,../../../mnt/ssd2/29o_rya/datasets/iqa/QualiSR-Set120/lr/voc_emotic_ava___JPEGImages__2008_003883.png,test,-0.6614113,-2.7548943,-4.6770735,-4.4694033,-1.2267667,-8.272625,-9.899526,4.187546,-3.8976407,-5.0292773,-1.2630367,-4.1144366,-0.94905424,-6.8029165,4.198366,3.327857,-5.416246,-4.1739426,-2.1262112,0.035445213,1.2845256,0.20985937,-0.43470985,-4.2434454,0.3032645,2.6986217,-8.523257,-2.2448385,0.8851013,-2.7572122,-0.6338191,-0.10251856,0.97266746,-4.9525723,-0.09433055,-0.7278242,-2.7344277,-1.9777485,-0.09933424,-2.642057,-2.4521973,1.1329463,-0.5983753,1.5397213,0.10980129,-5.144246,-2.1175818,4.36159,4.915543,0.21164629
QualiSR-Set120/PASD/voc_emotic_ava___VOC2012__2010_004399.npy.gz,PASD,voc_emotic_ava___VOC2012__2010_004399.png,../../../mnt/ssd2/29o_rya/datasets/iqa/QualiSR-Set120/sr/PASD/voc_emotic_ava___VOC2012__2010_004399.png,QualiSR-Set120,voc_emotic_ava___VOC2012__2010_004399,PASD/voc_emotic_ava___VOC2012__2010_004399.png,../../../mnt/ssd2/29o_rya/datasets/iqa/QualiSR-Set120/hr/voc_emotic_ava___VOC2012__2010_004399.png,../../../mnt/ssd2/29o_rya/datasets/iqa/QualiSR-Set120/lr/voc_emotic_ava___VOC2012__2010_004399.png,train,-6.332468,25.241556,9.492599,-10.543811,-7.205025,-16.334253,143.18465,81.21012,17.909449,-29.203619,0.07455826,-16.415876,13.792173,-37.596924,-11.167041,0.81619227,-13.044303,-4.442796,0.9346206,-0.850039,3.2918653,2.5653281,-1.3736088,-6.0377245,3.3347034,-0.86753654,-2.4974918,1.7543403,3.9589062,25.151472,14.420248,55.218273,4.6633563,-4.809003,-17.844776,61.89967,35.973305,1.0218197,-18.705275,-5.175545,2.7843828,-6.892307,-0.038068414,1.997572,2.5151968,2.4089184,1.1200229,2.9683385,0.037845135,0.09915578
QualiSR-Set120/RealESRGAN/voc_emotic_ava___VOC2012__2010_004399.npy.gz,RealESRGAN,voc_emotic_ava___VOC2012__2010_004399.png,../../../mnt/ssd2/29o_rya/datasets/iqa/QualiSR-Set120/sr/RealESRGAN/voc_emotic_ava___VOC2012__2010_004399.png,QualiSR-Set120,voc_emotic_ava___VOC2012__2010_004399,RealESRGAN/voc_emotic_ava___VOC2012__2010_004399.png,../../../mnt/ssd2/29o_rya/datasets/iqa/QualiSR-Set120/hr/voc_emotic_ava___VOC2012__2010_004399.png,../../../mnt/ssd2/29o_rya/datasets/iqa/QualiSR-Set120/lr/voc_emotic_ava___VOC2012__2010_004399.png,train,-2.8998003,37.15387,7.3143187,-7.064486,-8.75949,-15.834536,177.18578,99.43185,23.183903,-26.663588,-0.021588087,-11.792319,15.847942,-39.565094,-10.947475,2.7473137,-7.8811283,-4.9684114,3.3434196,-0.91498375,3.9788952,1.6141858,0.35506603,5.715518,-3.3899577,-1.3352699,1.301486,2.1148171,-1.405015,-35.280952,-22.011179,-95.645546,-1.5176628,0.52710605,2.9356577,7.671303,-2.2671647,-2.0796165,2.8312526,-2.3143806,-1.0782481,1.4502493,-0.6339841,1.7073712,1.2336721,-0.5350199,-1.0682043,-0.2332387,2.144472,-1.8312881
QualiSR-Set120/SUPIR/voc_emotic_ava___VOC2012__2010_004399.npy.gz,SUPIR,voc_emotic_ava___VOC2012__2010_004399.png,../../../mnt/ssd2/29o_rya/datasets/iqa/QualiSR-Set120/sr/SUPIR/voc_emotic_ava___VOC2012__2010_004399.png,QualiSR-Set120,voc_emotic_ava___VOC2012__2010_004399,SUPIR/voc_emotic_ava___VOC2012__2010_004399.png,../../../mnt/ssd2/29o_rya/datasets/iqa/QualiSR-Set120/hr/voc_emotic_ava___VOC2012__2010_004399.png,../../../mnt/ssd2/29o_rya/datasets/iqa/QualiSR-Set120/lr/voc_emotic_ava___VOC2012__2010_004399.png,train,-7.388894,34.89736,11.304826,-11.877124,-7.0062985,-17.074684,158.2219,87.270355,17.374113,-29.03613,-1.383229,-14.745966,16.308971,-38.24231,-10.065151,4.5828223,-10.596874,-9.247037,2.5273347,-1.5245433,5.1308813,2.9112706,-3.0736995,-3.4699955,3.3386717,-1.214632,-0.80539083,-1.0664216,1.4591541,14.634701,11.045084,54.548775,-1.4049318,3.1953173,11.289251,-64.75664,-31.26318,2.1366696,16.121635,6.009331,-2.1405969,6.737341,0.5413652,-3.8294077,-3.9471903,-2.7226117,-0.0017551184,-1.1842139,-2.308939,1.1971982
QualiSR-Set120/PASD/voc_emotic_ava___VOC2012__2012_004043.npy.gz,PASD,voc_emotic_ava___VOC2012__2012_004043.png,../../../mnt/ssd2/29o_rya/datasets/iqa/QualiSR-Set120/sr/PASD/voc_emotic_ava___VOC2012__2012_004043.png,QualiSR-Set120,voc_emotic_ava___VOC2012__2012_004043,PASD/voc_emotic_ava___VOC2012__2012_004043.png,../../../mnt/ssd2/29o_rya/datasets/iqa/QualiSR-Set120/hr/voc_emotic_ava___VOC2012__2012_004043.png,../../../mnt/ssd2/29o_rya/datasets/iqa/QualiSR-Set120/lr/voc_emotic_ava___VOC2012__2012_004043.png,train,38.744576,217.19342,52.56667,24.518211,-100.59825,-26.572105,-32.804882,-20.631142,8.150463,-7.8182044,3.4164526,-0.6807852,-1.0678611,8.697226,-6.1292562,-2.6830006,0.49647045,2.348387,-7.1933784,-2.2995515,0.70810497,-1.9107847,-0.6596592,-2.657044,-1.098028,0.1671524,0.32675934,-0.368768,0.6853981,8.473271,5.517441,-6.0177336,-26.078676,24.323278,-8.514607,3.2522113,15.624289,11.610432,-2.071079,41.595776,-13.674618,39.92229,30.51476,-15.7109995,-2.9402018,-4.6844206,-2.1700802,-1.6047673,-2.0877924,-1.7656102
QualiSR-Set120/RealESRGAN/voc_emotic_ava___VOC2012__2012_004043.npy.gz,RealESRGAN,voc_emotic_ava___VOC2012__2012_004043.png,../../../mnt/ssd2/29o_rya/datasets/iqa/QualiSR-Set120/sr/RealESRGAN/voc_emotic_ava___VOC2012__2012_004043.png,QualiSR-Set120,voc_emotic_ava___VOC2012__2012_004043,RealESRGAN/voc_emotic_ava___VOC2012__2012_004043.png,../../../mnt/ssd2/29o_rya/datasets/iqa/QualiSR-Set120/hr/voc_emotic_ava___VOC2012__2012_004043.png,../../../mnt/ssd2/29o_rya/datasets/iqa/QualiSR-Set120/lr/voc_emotic_ava___VOC2012__2012_004043.png,train,27.733648,175.09229,40.6547,21.250534,-86.33086,-18.007788,-29.095203,-14.835737,7.711205,-4.156966,2.390457,-0.58692455,-2.9547756,7.182002,-7.141644,0.9825287,2.882937,-0.33046305,-8.713486,-2.9565568,3.7197812,-3.1033459,-1.6096019,-1.3509169,-0.09367144,-5.5016994,-1.4601021,0.05026216,-2.2395945,-8.235461,-9.345334,3.8968167,66.37074,-71.01017,23.374119,-0.83616495,0.889081,-8.143057,5.687423,1.7365625,8.366277,-9.505957,0.15927589,0.44740295,0.3426342,0.6096482,3.3039026,-0.39560294,-0.6582372,0.66776025
QualiSR-Set120/SUPIR/voc_emotic_ava___VOC2012__2012_004043.npy.gz,SUPIR,voc_emotic_ava___VOC2012__2012_004043.png,../../../mnt/ssd2/29o_rya/datasets/iqa/QualiSR-Set120/sr/SUPIR/voc_emotic_ava___VOC2012__2012_004043.png,QualiSR-Set120,voc_emotic_ava___VOC2012__2012_004043,SUPIR/voc_emotic_ava___VOC2012__2012_004043.png,../../../mnt/ssd2/29o_rya/datasets/iqa/QualiSR-Set120/hr/voc_emotic_ava___VOC2012__2012_004043.png,../../../mnt/ssd2/29o_rya/datasets/iqa/QualiSR-Set120/lr/voc_emotic_ava___VOC2012__2012_004043.png,train,37.15841,206.39691,48.81528,22.5383,-95.98973,-30.201359,-32.580505,-17.251133,9.699694,-8.600348,5.408266,-2.3691816,-0.050756454,8.305353,-1.4069891,-4.6430144,-0.42700338,2.3837812,-4.35723,-0.5537381,2.6064,-0.45227957,-3.0253785,-0.371356,-0.33157825,4.1258287,-0.41340733,-3.342532,3.6999044,-3.7152863,1.7622308,3.845693,-30.886517,34.84629,-11.392558,-1.216989,-16.759453,-6.1305485,-1.929364,-44.512604,7.298195,-33.490234,-32.415462,16.28313,2.63758,4.7832494,-0.25033295,1.9453518,3.4211028,1.802042
