model,plcc,srcc
catboost,0.9231298379071131,0.9043478260869565
mean,0.8943648864618826,0.8866666666666666
randomforest,0.9031077833027521,0.8843478260869565
xgb,0.8568570381757826,0.8713043478260868
